pair_id,similarity_type,candidate_id,job_id,candidate_title,job_title,candidate_skills,job_requirements,predicted_similarity,human_label
1,high,34865,4545,Chuyên Viên Bảo Trì,"Chuyên Viên Phát Triển Kênh Bán Hàng Đặc Biệt (Special Sales_B2B, Horeca)","['bảo trì, Sửa chữa máy bay (a&p license)', 'kiểm tra hệ thống điện/cơ khí hàng không', 'đọc hiểu tài liệu kỹ thuật (tiếng anh)', 'tuân thủ quy trình an toàn', 'làm việc độc lập và nhóm', 'giải quyết sự cố']","- 03 Nam, tốt nghiệp Đại học các chuyên ngành liên quan- Kinh nghiệm 1-2 năm về mảng xây dựng hệ thống bán hàng hoặc phát triển thị trường, kênh bán hàng mới (Horeca, B2B, cantin,KCN,...);. - Hiểu biết về đặc điểm thị trường, vùng miền quản lý. - Hiểu biết tình hình hoạt động của các công ty tiêu dùng nhanh, khả năng nắm bắt được xu hướng thay đổi thị trường tiêu dùng. - Khả năng sử dụng các phần mềm văn phòng hỗ trợ cho công việc. - Chủ động trong công việc, có tính kiến nhẫn. - Khả năng giao tiếp & diễn đạt tốt trước đám đông. - Khả năng thương lượng & giải quyết ấn đề tốt. - Có thế làm việc độc lâp & làm việc nhóm, có tinh thần hợp tác, chia sẻ",0.84,
2,medium,34865,5038,Chuyên Viên Bảo Trì,"Nhân Viên Hỗ Trợ Chăm Sóc Khách Hàng Shopee (Lương Từ 7 - 9 Triệu, Kinh Nghiệm 3 Tháng, Làm Giờ Hành Chính, Nhận Việc Ngay)","['bảo trì, Sửa chữa máy bay (a&p license)', 'kiểm tra hệ thống điện/cơ khí hàng không', 'đọc hiểu tài liệu kỹ thuật (tiếng anh)', 'tuân thủ quy trình an toàn', 'làm việc độc lập và nhóm', 'giải quyết sự cố']","Bắt buộc:- Nam/nữ tốt nghiệp từ Trung cấp, tuổi không quá 30.- Ứng viên có kinh nghiệm chăm sóc khách hàng mảng call center từ 03 tháng trở lên.Ưu tiên:- Ứng viên làm việc Lễ/Tết và tăng ca theo điều động của công ty (không thường xuyên, không bắt buộc).- Có mong muốn tìm việc làm ổn định và phát triển bản thân.- Chiu khó, tư duy tích cực.- Không vướng bận việc học, có thể làm việc linh hoạt, sắp xếp theo phân công quản lý. Khác:- Khả năng giao tiếp, giải quyết khiếu nại tốt, giao tiếp thân thiện, có tinh thần cầu tiến.- Giọng nói dễ nghe, không quá nặng vùng miền.",0.723,
3,random,34865,6137,Chuyên Viên Bảo Trì,Sales Manager,"['bảo trì, Sửa chữa máy bay (a&p license)', 'kiểm tra hệ thống điện/cơ khí hàng không', 'đọc hiểu tài liệu kỹ thuật (tiếng anh)', 'tuân thủ quy trình an toàn', 'làm việc độc lập và nhóm', 'giải quyết sự cố']","Tốt nghiệp đại học chuyên ngành Quản lý kinh doanh; Tiếp thị hoặc một lĩnh vực liên quan;- Có ít nhất 3-5 năm kinh nghiệm trong lĩnh vực Marketing cao cấp, chiến lược Bán hàng, phát triển kinh doanh.- Kỹ năng: Giải quyết vấn đề và phân tích, thuyết trình, lập kế hoạch và tổ chức, giao tiếp.- Tính cách: Trung thực, tin cậy, cẩn thận, nhiệt tình.- Tiếng Anh: Các kỹ năng nghe, nói, đọc, viết thành thạo.",0.315,
4,medium,41454,7014,Nhân Viên Vận Hành Máy,Kỹ Sư Giám Sát Công Trình,"['tuân thủ quy trình', 'làm việc nhóm', 'khả năng học hỏi nhanh', 'đọc hiểu tài liệu kỹ thuật cơ bản', 'chú ý chi tiết', 'giải quyết vấn đề cơ bản']","- Độ tuổi <=35 tuổi; Tốt nghiệp Đại học, Cao đẳng chuyên ngành kiến trúc, xây dựng hoặc các chuyên ngành khác liên quan.- Có kinh nghiệm làm giám sát các công trình xây dựng dân dụng- Hiểu biết về quy trình thi công và nghiệm thu các công tác hoàn thiện (xây, trát, ốp, lát, sơn, bả...)- Kỹ năng làm việc độc lập và làm việc nhóm; xử lý các công việc phát sinh- Thành thạo các phần mềm vi tính chuyên môn và văn phòng: Excel, Word, AutoCad...- Có thể đi công tác các tỉnh ngoài Hà Nội",0.743,
5,random,41454,1469,Nhân Viên Vận Hành Máy,Kỹ Sư Cầu Nối (Ngôn Ngữ Nhật),"['tuân thủ quy trình', 'làm việc nhóm', 'khả năng học hỏi nhanh', 'đọc hiểu tài liệu kỹ thuật cơ bản', 'chú ý chi tiết', 'giải quyết vấn đề cơ bản']","Có trên 3 năm kinh nghiệm làm quản lý dự án phần mềm ( Middle - Senior)Phải giao tiếp được với khách hàng bằng tiếng Nhật (tương đương level N2, hoặc N5 mà kaiwa như N2 cũng không vấn đề gì)Có tư duy về các hệ thống phần mềm, có kinh nghiệm làm thiết kế hoặc requirement phần mềm là lợi thế lớnThành thạo các tool về quản lý src code như git, SVN; các tool về quản lý công việc như Redmine, Zira, Backlog, OdooCó tri thức, hiểu biết một trong số các nghiệp vụ như: EC, ERP, CRM, MKT, nhân sự, y tế, giao thông..",0.184,
6,high,39151,3993,Hành Chính Nhân Sự,Nhân Viên Lễ Tân Hành Chính (Đi Làm Luôn),"['quản lý hồ sơ nhân sự', 'tuyển dụng cơ bản', 'tổ chức sự kiện nội bộ', 'văn thư lưu trữ', 'thành thạo ms office (word, Excel, Powerpoint)', 'kỹ năng giao tiếp và giải quyết vấn đề', 'cẩn thận, Tỉ mỉ']","1. Tốt nghiệp Cao đẳng trở lên, chuyên ngành Hành chính/ Văn thư/ Quản trị2. Kinh nghiệm: ≥01 năm làm việc ở vị trí tương đương3. Tin học văn phòng thành thạo (word, excel, powerpoint)4. Ngoại hình ưa nhìn, cẩn thận, trung thực, nhanh nhẹn, có tinh thần trách nhiệm cao với công việc, khả năng làm việc độc lập, chịu được áp lực cao, có nguyện vọng làm việc lâu dài.",0.84,
7,medium,39151,4980,Hành Chính Nhân Sự,"Giám Đốc Dự Án Ngành Xây Dựng (Thu Nhập Lên Đến 30 Triệu, Tại Hồ Chí Minh)","['quản lý hồ sơ nhân sự', 'tuyển dụng cơ bản', 'tổ chức sự kiện nội bộ', 'văn thư lưu trữ', 'thành thạo ms office (word, Excel, Powerpoint)', 'kỹ năng giao tiếp và giải quyết vấn đề', 'cẩn thận, Tỉ mỉ']",":- Tốt nghiệp Đại học chuyên ngành xây dựng- Có ít nhất 3 năm kinh nghiệm ở các vị trí tương đương (Giám đốc dự án xây dựng; Chỉ huy trưởng);- Có kinh nghiệm xây dựng nhà cao tầng Yêu cầu khác: -Giới tính: Nam - Ưu tiên độ tuổi từ : 35 – 50 - Am hiểu thiết kế, kết cấu công trình. - Thành thạo phần mềm chuyên ngành và tin học văn phòng. - Có kỹ năng quản lý, tổ chức lãnh đạo tốt. - Chịu được áp lực cao trong công việc, có thể đi công tác khi yêu cầu. - Thực hiện các nhiệm vụ khác liên quan đến chuyên môn theo chức năng và yêu cầu của Ban Giám Đốc. - Tiếng Anh giao tiếp tốt - Có tinh thần trách nhiệm cao, chăm chỉ. Ưu tiên có tố chất xử lý tình huống, đam mê công việc, cầu tiến, ham học hỏi và muốn gắn bó lâu dài với công ty.",0.632,
8,random,39151,1554,Hành Chính Nhân Sự,Trưởng Phòng Mkt,"['quản lý hồ sơ nhân sự', 'tuyển dụng cơ bản', 'tổ chức sự kiện nội bộ', 'văn thư lưu trữ', 'thành thạo ms office (word, Excel, Powerpoint)', 'kỹ năng giao tiếp và giải quyết vấn đề', 'cẩn thận, Tỉ mỉ']","- Kinh nghiệm 2+ năm về digital Marketing, có kinh nghiệm triển khai về Facebook, Tiktok, Youtube là 1 lợi thế- Đã từng lead team nhỏ từ 3 nhân sự trở lên, tốt nghiệp tối thiểu trung cấp trở lên.- Có khả năng xây dựng, lập kế hoạch marketing cho 1 bộ phận.- Có khả năng đào tạo dẫn dắt đội ngũ là 1 lợi thế.",0.235,
9,random,32667,7347,Kế Toán Bán Hàng,Nhân Viên Tư Vấn Và Chăm Sóc Khách Hàng (Thu Nhập Từ 12 - 15 Triệu),"['kế toán doanh thu', 'quản lý công nợ khách hàng', 'lập báo cáo bán hàng', 'sử dụng phần mềm sap erp, Misa', 'kỹ năng đối soát', 'thành thạo microsoft excel']","•Nữ. •Từ 20 – 35 tuổi. •Ngoại hình sáng. •Sức khỏe tốt. •Tốt nghiệp Cao Đẳng trở lên.. •Chưa có kinh nghiệm về trang sức cao cấp sẽ được đào tạo. •Giao tiếp tiếng Anh cơ bản. •Có trách nhiệm với công việc được giao. Vui vẻ, hòa đồng. •Kỹ năng giao tiếp tốt, kỹ năng thuyết phục tốt, xử lý tình huống hội thoại linh hoạt. •Có kỹ năng làm việc độc lập và theo nhóm, có tinh thần trách nhiệm và gắn bó với công việc;. •Biết sử dụng vi tính văn phòng (Word, Excel). •Làm ca cố định: 8h30 - 17h30 hoặc 13h00 - 20h30. (nghỉ Chủ Nhật tùy ca trực để thay đổi ngày nghỉ trong tuần). Tuần nghỉ 1 ngày, tháng nghỉ 4 ngày.",0.142,
10,medium,21342,8396,"Cộng Tác Viên, Nhân Viên Bán Thời Gian",Kế Toán Kho,"['kỹ năng viết lách (tiếng việt)', 'sử dụng mạng xã hội', 'tin học văn phòng', 'tìm kiếm và tổng hợp thông tin', 'tư duy sáng tạo']","- Tốt nghiệp Cao Đẳng hoặc Trung cấp chuyển ngành kế toán/ kho vận- Ưu tiên ứng viên có kinh nghiệm về ngành kế toán, kế toán kho hoặc thủ kho- Sử dụng thành thạo tin học văn phòng- Ưu tiên ứng viên biết sử dụng phần mềm kế toán Misa",0.642,
11,random,21342,13373,"Cộng Tác Viên, Nhân Viên Bán Thời Gian",Nhân viên đài quan sát Tầng 65 toà nhà Lotte Center Hà Nội,"['kỹ năng viết lách (tiếng việt)', 'sử dụng mạng xã hội', 'tin học văn phòng', 'tìm kiếm và tổng hợp thông tin', 'tư duy sáng tạo']","- Độ tuổi từ 20-30 tuổi - Giao tiếp thành thạo tiếng Anh, tiếng Hàn là một lợi thế - Nhanh nhẹn, chăm chỉ, có tư duy dịch vụ, cẩn thận",0.1,
12,medium,6907,5291,Điều Dưỡng,Nhân Sự Kinh Doanh Phần Mềm Đi Thị Trường,"['chăm sóc bệnh nhân cơ bản', 'kỹ thuật tiêm truyền, Thay băng', 'đo và theo dõi sinh hiệu', 'giao tiếp và trấn an bệnh nhân', 'đọc hiểu hồ sơ bệnh án', 'kỹ năng sơ cứu ban đầu', 'tuân thủ quy trình y tế']","Có kiến ​​thức, kỹ năng bán hàng là lợi thếBắt nhịp nhanh với công việc, ham học hỏi, có tinh thần cầu tiếnChưa có kinh nghiệm sẽ được đào tạoYêu thích kinh doanh",0.577,
13,random,6907,3200,Điều Dưỡng,Sales Development Representative Lead,"['chăm sóc bệnh nhân cơ bản', 'kỹ thuật tiêm truyền, Thay băng', 'đo và theo dõi sinh hiệu', 'giao tiếp và trấn an bệnh nhân', 'đọc hiểu hồ sơ bệnh án', 'kỹ năng sơ cứu ban đầu', 'tuân thủ quy trình y tế']","- Tìm tòi các hướng mới, cách tiếp cận mới giúp chuyển đổi contact khách hàng thành Hot Lead tiềm năng;- Lên kế hoạch, phân bố nguồn lực và dẫn dắt nhân viên;- Khả năng giao tiếp cao với các stakeholders (là BOD, Director, các phòng liên quan và nhân viên);- tư duy giải quyết vấn đề- Có khả năng thích nghi nhanh với sự thay đổi nhanh chóng của môi trường startup;- Độ tuổi: 95 - 98;- Kinh nghiệm: có ít nhất 2 năm kinh nghiệm ở vị trí telesales và từng làm với tập khách hàng B2B.",0.293,
14,high,30001,1938,Nhân Viên Kinh Doanh,"Nhân Viên Kinh Doanh Thị Trường (Ngành Môi Trường, Phế Liệu)","['kỹ năng giao tiếp và đàm phán', 'kỹ năng tư vấn khách hàng', 'kỹ năng thuyết trình', 'khả năng làm việc nhóm', 'tin học văn phòng (word, Excel, Powerpoint)']","- Tốt nghiệp ĐH chuyên ngành ngoại thương, kinh tế, thương mại hoặc liên quan- Có ít nhất 3 năm kinh nghiệm ở vị trí nhân viên kinh doanh dịch vụ, am hiểu về lĩnh vực môi trường, phế liệu, logistics - Sử dụng thành thạo tiếng Anh hoặc Nhật, Trung, Hàn- Kỹ năng giao tiếp, đàm phán, thuyết phục tốt - Sử dụng thành thạo tin học văn phòng (Word, excel, powerpoint)- Kỹ năng soạn thảo văn bản, thuyết trình, lập báo cáo tốt- Khả năng làm việc độc lập và tinh thần hợp tác, kỹ năng quản lý, làm việc theo nhóm tốt- Trung thực, nhiệt tình, chủ động, trách nhiệm và chịu được áp lực công việc, nguyện vọng gắn bó lâu dài- Độ tuổi: Từ 26 - 35 tuổi, ưu tiên ứng viên sống tại Bắc Ninh",0.853,
15,medium,30001,4053,Nhân Viên Kinh Doanh,Nhân Viên Kế Toán - Hóc Môn,"['kỹ năng giao tiếp và đàm phán', 'kỹ năng tư vấn khách hàng', 'kỹ năng thuyết trình', 'khả năng làm việc nhóm', 'tin học văn phòng (word, Excel, Powerpoint)']","- Nam - Nữ, tốt nghiệp Đại học các ngành như: Kế toán, Kiểm toán, Tài chính ngân hàng, Tài chính doanh nghiệp,…;- Có kinh nghiệm làm kế toán ít nhất từ 01 năm trở lên, biết lên báo cáo tài chính, sổ sách kế toán;- Thành thạo word, excel, đặc biệt ưu tiên ứng viên đã từng sử dụng phần mềm MISA;- Kỹ năng giao tiếp tốt và tư duy logic;- Trung thực, chăm chỉ, nhanh nhẹn, chủ động trong công việc.",0.517,
16,random,30001,6370,Nhân Viên Kinh Doanh,Nhân Viên IT (Sân Gôn Hà Nam),"['kỹ năng giao tiếp và đàm phán', 'kỹ năng tư vấn khách hàng', 'kỹ năng thuyết trình', 'khả năng làm việc nhóm', 'tin học văn phòng (word, Excel, Powerpoint)']","Tốt nghiệp đại học chỉnh quy trở lên chuyên ngành CNTT, Khoa học máy tính, kĩ thuật máy tính, hệ thống thông tin, kĩ thuật phần mềmCó từ 2 năm kinh nghiệm tại vị trí tương đương trở lênCó thể sử dụng tiếng Anh trong công việc là một lợi thếTinh thần trách nhiệm và tính trung thực caoKhả năng làm việc độc lập và làm việc nhóm",0.245,
17,high,39437,14519,Nhân Viên Kinh Doanh,Chuyên viên kinh doanh Bất Động Sản,"['giao tiếp tự tin', 'tinh thần cầu tiến', 'kiên trì, Chịu khó', 'khả năng làm việc độc lập và nhóm', 'sử dụng tin học văn phòng cơ bản', 'tư duy phục vụ khách hàng']","- Nam/Nữ từ 20 tuổi trở lên- Có laptop cá nhân, smartphone. - Chưa có kinh nghiệm được đào tạo từ A-Z, được cầm tay chỉ việc tận tình. - Đam mê làm giàu, kiếm tiền không giới hạn. - Kiên trì, nhanh nhẹn, hoạt bát, có tinh thần cầu tiến trong công việc. - Nhiệt tình, chu đáo và có trách nhiệm.",0.855,
18,medium,39437,13001,Nhân Viên Kinh Doanh,nhân viên kiểm tra hàng,"['giao tiếp tự tin', 'tinh thần cầu tiến', 'kiên trì, Chịu khó', 'khả năng làm việc độc lập và nhóm', 'sử dụng tin học văn phòng cơ bản', 'tư duy phục vụ khách hàng']","- Nhanh nhẹn , chăm chỉ , siêng năng . - Chịu được áp lực cao trong công việc. - Có tinh thần cầu tiến. - Có trách nhiệm cao trong công việc. - Cẩn thận, tỉ mỉ và trung thực. - Hòa đồng trong công việc- luôn giúp với nhau trong công việc",0.58,
19,random,39437,6638,Nhân Viên Kinh Doanh,QC Leader (Manual & Automation Test),"['giao tiếp tự tin', 'tinh thần cầu tiến', 'kiên trì, Chịu khó', 'khả năng làm việc độc lập và nhóm', 'sử dụng tin học văn phòng cơ bản', 'tư duy phục vụ khách hàng']","Education:. Majoring in Information Technology, Mathematics, Electronics and Telecommunications, Mechatronics and related fields.. Experience:. At least 2 years of experience as Tester or QC engineer.. At least 06 months/1 years experience in a Leader position.. Have experience in management software, Payment system, Insurance.... Excellent in creating a test case, test plan;. Confident to execute multiple types of the manual test; automation test. Good understanding of HTTP prototype, and RESTful APIs;. Be able to communicate complex concepts clearly and persuasively;. Confident to write SQL queries to retrieve data from the database;. Follow up the implementation of software in accordance with company norms, standards, and methodology. Good knowledge of the testing process, quality models, standards, ability to understand clients’ needs and create test strategies;. Familiar with Jira and Confluence to manage tasks and documents;. Learn new technologies and tools as business needs change and effectively incorporate them;. Good analytical and report writing skills, communication skills, problem-solving skills. Ability to work independently – self-directed.. Being able to write and execute automation test script with Selenium web driver is a plus;. Automate repetitive tasks with bash script, Python other scripting languages is a plus. Be passionate, willing to learn. Good understanding of performance and load testing (JMeter).. Experience in SQL Queries.. Experience with Agile (Scrum) and Test-Driven Development (TDD);. Experience in API testing using Postman or SOAPUI.. Medici encourages:. Able to work in a dynamic and ever-changing industry.. Solid understanding of the full mobile development life cycle, including automated testing and building.",0.221,
20,random,44104,13128,Nhân Viên S.e.o,Nhân Viên Tổ Chức Đào Tạo AF,"['kiến thức seo cơ bản', 'phân tích từ khóa', 'tối ưu on-page/off-page', 'sử dụng google analytics', 'viết nội dung']","- Tốt nghiệp đại học chuyên ngành liên quan đến tiếng Anh - Có kinh nghiệm đứng lớp, chăm sóc khách hàng. - Kỹ năng giao tiếp, giải quyết vấn đề tốt - Khéo léo, linh hoạt, tận tâm, đam mê về giáo dục - Có thái độ tích cực trong công việc.",0.126,
21,medium,20680,1271,English Teacher,Quản Lý Trải Nghiệm Khách Hàng,"['giảng dạy tiếng anh', 'thiết kế bài giảng', 'quản lý lớp học', 'đánh giá học viên', 'giao tiếp hiệu quả', 'sáng tạo']","Phẩm chất: Khiêm tốn, thật thà, dũng cảmPhải từng tự hào vì mình đã từng có sáng kiến và thực hiện được sáng kiến đó khiến khách hàng cực kỳ hài lòng với công ty/sản phẩm/dịch vụKỹ năng, tư duy:+Customer-obsessed - Quan tâm sâu sắc tới khách hàng đến mức ám ảnh +Tư duy tổng thể, hành động chi tiết+Khả năng giải quyết vấn đề, xoay sở tình huống tốt+Có khả năng xây dựng, sáng tạo+Growth mindset - tư duy mở, có khả năng phát triểnTính cách:+Quan tâm tới con người, muốn làm người khác hạnh phúc+Chủ động, quyết liệt trong công việc, làm gì cũng phải tới nơi+Cẩn thận, cực kỳ chỉn chu, thậm chí chủ nghĩa hoàn hảo+Nhanh nhẹn, linh hoạt, dám nghĩ dám làmKinh nghiệm: đã có kinh nghiệm trong việc vận hành/chăm sóc khách hàng, ưu tiên đã làm việc trực tiếp với BOD",0.621,
22,random,20680,9600,English Teacher,Chuyên Viên Đào Tạo Tại Hà Nội (10-20 Triệu),"['giảng dạy tiếng anh', 'thiết kế bài giảng', 'quản lý lớp học', 'đánh giá học viên', 'giao tiếp hiệu quả', 'sáng tạo']","Ứng viên tốt nghiệp Cao đẳng, Đại học trở lên.. Kinh nghiệm đào tạo kỹ năng mềm 1 - 2 năm.. Biết tiếng anh là một lợi thế.. Có khả năng chia sẻ kinh nghiệm thực tiễn và giảng dạy, truyền đạt với đối tượng là học sinh, sinh viên.. Có khả năng làm việc độc lập.. Nhiệt huyết và tinh thần trách nhiệm cao. Chịu được áp lực công việc.. Cầu thị và có tâm huyết với thế hệ trẻ, mong muốn đóng góp sức lực để phát triển nguồn nhân lực Việt Nam.. Có khả năng di chuyển trong nội thành Hà Nội. Có latop cá nhân.",0.263,
23,medium,38950,9128,Cv Xin Việc,Nhân Viên Hành Chính - Vp Dầu Giây (Thời Vụ 8 Tháng),"['hoạch định chiến lược nhân sự', 'tuyển dụng và giữ chân nhân tài', 'phát triển nguồn nhân lực', 'quản lý hiệu suất', 'xây dựng chính sách lương thưởng phúc lợi', 'quan hệ lao động', 'luật lao động', 'kỹ năng lãnh đạo và đào tạo']","Cao đẳng hoặc Đại học chuyên ngành Kinh tế hoặc tương đương.Có ít nhất 01 năm kinh nghiệm trong lĩnh vực có liên quan.Hiểu biết về nghiệp vụ hành chính văn phòng. Có kiến thức và thực tiễn về Luật Lao độngKỹ năng soạn thảo văn bản, sắp xếp và lưu trữ hồ sơ, phân tích, tổng hợp, làm báo cáo và giao tiếp tốt.Tiếng anh khá là một lợi thế",0.624,
24,random,38950,11367,Cv Xin Việc,[THỦ ĐỨC - DĨ AN] TUYỂN DỤNG TRỢ LÝ VĂN PHÒNG - KHÔNG CẦN KINH NGHIỆM,"['hoạch định chiến lược nhân sự', 'tuyển dụng và giữ chân nhân tài', 'phát triển nguồn nhân lực', 'quản lý hiệu suất', 'xây dựng chính sách lương thưởng phúc lợi', 'quan hệ lao động', 'luật lao động', 'kỹ năng lãnh đạo và đào tạo']","- Cẩn thận, tỉ mỉ, chính xác trong công việc. - Phong thái chuyên nghiệp, điềm tĩnh khi giao tiếp với những người xung quanh. - KHÔNG YÊU CẦU BẰNG CẤP. - KHÔNG YÊU CẦU KINH NGHIỆM. - Làm việc từ thứ 2 - thứ 7 (08h -17h, nghỉ trưa 1h30) - Địa chỉ:Trụ sở: B3-01, KDC HIM LAM PHÚ ĐÔNG, P. LINH TÂY, THỦ ĐỨC. Cơ sở 2: E2-16, KHU HIM LAM PHÚ ĐÔNG, P. AN BÌNH, DĨ AN, BÌNH DƯƠNG.",0.193,
25,random,6459,8643,Dược Sĩ,Chuyên Viên Đồng Giảng,"['dược lý và các loại thuốc', 'tư vấn sử dụng thuốc', 'quản lý kho và bảo quản thuốc', 'thực hành nhà thuốc tốt (gpp)', 'kỹ năng giao tiếp khách hàng', 'sử dụng tin học văn phòng cơ bản', 'cẩn thận, Tỉ mỉ']","1. Bằng cấp - Tốt nghiệp Đại Học các ngành liên quan đến Sư phạm Tiếng Anh, Ngôn ngữ Anh và các ngành khác có liên quan.2. Kỹ năng và yêu cầu bắt buộc - Tiếng Anh giao tiếp tốt hoặc thành thạo.- Có laptop cá nhân, thành thạo tin học văn phòng. - Kỹ năng giao tiếp tốt (với cả người Việt và người nước ngoài)- Kỹ năng tổ chức, sắp xếp công việc.- Có tính cẩn thận, TRUNG TÍN, chăm chỉ và BỀN BỈ.- Có tính chủ đông và tư duy tích cực- Có động lực khẳng định bản thân mạnh mẽ, cầu tiến và cầu thị.- Không ngại di chuyển3. Kinh nghiệm - Có kinh nghiệm làm việc từ 1 năm trở lên ở vị trí tương đương là một lợi thế nhưng không bắt buộc.",0.189,
26,medium,25778,1453,Sale(đang Tìm Việc),Trưởng Nhóm Kiểm Thử (Testlead),"['kỹ năng bán hàng và chốt sale', 'tìm kiếm và khai thác khách hàng tiềm năng', 'kỹ năng đàm phán, Thuyết phục', 'xây dựng và duy trì mối quan hệ khách hàng', 'phân tích thị trường và đối thủ cạnh tranh', 'sử dụng crm và công cụ sales hiệu quả']","Có từ 2 năm nghiệm lead team (2-5 member)Tiếng anh sử dụng thành thạo 4 kỹ năng (nghe - nói - đọc - viết)Hiểu biết về quy trình Test, chiến lược và kỹ thuật test phần mềm…Chủ động, Sáng tạo, Nhiệt tình, Trách nhiệm trong công việc, Có tư duy logic tốt.Ưu tiên các ứng viên đã làm việc theo quy trình phần mềm, có hiểu biết về hệ thống kiểm soát chất lượng phần mềm, Automation test (không bắt buộc)Tốt nghiệp Đại học/ Cao đẳng về Công nghệ thông tin hoặc các ngành có liên quan (không bắt buộc)",0.657,
27,random,25778,6106,Sale(đang Tìm Việc),"Chuyên Viên Chăm Sóc Khách Hàng B2C - Mỹ Tho, Tiền Giang","['kỹ năng bán hàng và chốt sale', 'tìm kiếm và khai thác khách hàng tiềm năng', 'kỹ năng đàm phán, Thuyết phục', 'xây dựng và duy trì mối quan hệ khách hàng', 'phân tích thị trường và đối thủ cạnh tranh', 'sử dụng crm và công cụ sales hiệu quả']","- Nam/Nữ, sinh năm 1996 - 2000. Tốt nghiệp Cao đẳng/Đại học, có thể đi làm Full time- Có trách nhiệm trong công việc, luôn bám sát và giải quyết vấn đề đến cùng. - Có thể trang bị laptop cá nhân. - Kỹ năng lắng nghe, giao tiếp tốt và ứng biến linh hoạt.",0.196,
28,medium,32426,8799,Nhân Viên Bán Hàng,Nhân Viên Kế Toán Tổng Hợp,"['kỹ năng giao tiếp thân thiện', 'kỹ năng tư vấn sản phẩm', 'kỹ năng xử lý tình huống', 'kiên trì, Chịu khó', 'sử dụng thành thạo máy pos']","•Tốt nghiệp chuyên ngành kế toán, kiểm toán, thuế.. •Ưu tiên có kinh nghiệm (1 năm) trong lĩnh vực dịch vụ kế toán, tư vấn thuế.. •Có kiến thức về chế độ kế toán và các sắc thuế của Doanh nghiệp. •Có định hướng nghề nghiệp rõ ràng, gắn bó với công việc, nhanh nhẹn, chịu khó, cẩn thận và trung thực.. •Ứng viên giỏi sẽ có lương cao. •Dưới 35 tuổi",0.511,
29,random,32426,4340,Nhân Viên Bán Hàng,Quản Lý Cơ Sở Phòng Khám,"['kỹ năng giao tiếp thân thiện', 'kỹ năng tư vấn sản phẩm', 'kỹ năng xử lý tình huống', 'kiên trì, Chịu khó', 'sử dụng thành thạo máy pos']","Trình độ cao đẳng trở lên. Tốt nghiệp các ngành quản trị nhân sự hoặc các ngành liên quan.Có ít nhất 2 năm kinh nghiệm tại vị trí tương đương quản lý nha khoa, spa và thẩm mỹ và ngành dịch vụ khácNhanh nhẹn, có khả năng truyền cảm hứng, push tinh thần nhân sự Có kỹ năng lập kế hoạch và phân chia công việc",0.262,
30,medium,40390,3857,Doanh thu,Trưởng Nhóm Marketing,"['phân tích thị trường và đối thủ cạnh tranh', 'lập kế hoạch và triển khai chiến lược kinh doanh', 'quản lý và phát triển đội ngũ', 'phân tích dữ liệu doanh thu và hiệu suất', 'kỹ năng đàm phán và xây dựng quan hệ chiến lược']","Có ít nhất 2 năm kinh nghiệm tại vị trí tương đương. Ưu tiên ứng viên có kinh nghiệm trong ngành Mỹ phẩm, làm đẹp.. Có năng lực bao quát vấn đề, đánh giá và phân tích hiệu quả, phản ứng kịp thời với các yêu cầu thay đổi, điều chỉnh để phù hợp với mục tiêu kinh doanh.. Sáng tạo, tư duy nhanh nhạy linh hoạt, khả năng nắm bắt insight khách hàng tốt.. Có khả năng điều hành, kiểm soát quá trình hoạt động marketing của doanh nghiệp.. Thái độ cầu tiến, sẵn sàng học hỏi và tiếp thu nhanh những kiến thức mới về các công nghệ liên quan đến Digital Marketing, Branding Marketing, Growth Marketing.",0.621,
31,random,40390,12174,Doanh thu,TUYỂN NHÂN VIÊN KẾ TOÁN,"['phân tích thị trường và đối thủ cạnh tranh', 'lập kế hoạch và triển khai chiến lược kinh doanh', 'quản lý và phát triển đội ngũ', 'phân tích dữ liệu doanh thu và hiệu suất', 'kỹ năng đàm phán và xây dựng quan hệ chiến lược']","-Tuổi: Từ 20-40 tuổi -Trình độ: tốt nghiệp trung cấp ,cao đẳng chuyên ngành tài chính, kế toán trở lên; -Thành thạo phần mềm Misa, tin học văn phòng – đặc biệt là xử lý dữ liệu excel tốt; -Nhiệt tình, chăm chỉ, cẩn thận, giao tiếp tốt;-Kinh nghiệm: Yêu cầu kinh nghiệm >1 năm",0.347,
32,random,22573,12197,Qc Thực Phẩm,TUYỂN TRỢ LÝ - QUẢN LÝ KINH DOANH BĐS,"['kiến thức về an toàn vệ sinh thực phẩm', 'kiểm tra chất lượng', 'thực hành phòng thí nghiệm', 'khả năng quan sát tỉ mỉ', 'tuân thủ quy trình', 'làm việc nhóm']","-Nam/ Nữ ngoại hình dễ nhìn, giọng nói dễ nghe. -Tốt nghiệp Trung cấp trở lên (ưu tiên các ngành Quản trị kinh doanh/ Marketing/ Kinh tế/ Công nghệ thông tin/ Tài chính – Ngân hàng). -Có tố chất kinh doanh, có khả năng tổ chức, lãnh đạo, nhận biết, đánh giá và tạo động lực làm việc cho nhân viên. -Năng động, hoạt bát, nhiệt tình, có tinh thần trách nhiệm cao với công việc và cầu tiến. -Có khả năng giao tiếp, thuyết phục, đàm phán tốt. -Có khả năng làm việc độc lập và theo nhóm. -Chịu được áp lực công việc cao. -Có định hướng công việc rõ ràng. -Có ít nhất 6 tháng kinh nghiệm ở vị tương đương tại các công ty bất động sản. -Khai thác, sử dụng tốt internet và tin học văn phòng. -Có laptop và phương tiện đi lại.",0.395,
33,medium,19366,4833,Giáo Viên Tiểu Học,Chief Accountant,"['kỹ năng sư phạm vững vàng', 'soạn giáo án theo chương trình mới', 'quản lý lớp học hiệu quả', 'giao tiếp tốt với phụ huynh và học sinh', 'ứng dụng công nghệ thông tin trong giảng dạy']","Experience and Qualifications (required unless otherwise noted)Chief Accountant certificateAt least 5+ years of working experience as a senior accountant or 3+ years as a Chief AccountantBachelor’s Degree in Accounting or Finance, with a relevant professional qualification such as CPA, ACCA, CFAStrong knowledge of VAS, IFRS, US GAAP, and related Vietnamese tax and labor regulationsExperiences in stock investing, at least for yourselfOther desirable personal qualities and skillsDemonstrated professional integrity Excellent communication and interpersonal skillsRigorous attention to detailDemonstrated attitude and aptitude for an energetic start-up environmentExcellent verbal & written communication skills in English and VietnameseExperience in a securities company, banking, or Big 4 accounting firm is a big plusOverseas education and/ or working experience is a plusExperience in a high-tech software company is a plusExperience in venture capital or private equity firm is a plus",0.666,
34,random,19366,873,Giáo Viên Tiểu Học,Chuyên Viên Nhập Chỉ Định Xét Nghiệm [Thu Nhập Ổn Định: >9Tr],"['kỹ năng sư phạm vững vàng', 'soạn giáo án theo chương trình mới', 'quản lý lớp học hiệu quả', 'giao tiếp tốt với phụ huynh và học sinh', 'ứng dụng công nghệ thông tin trong giảng dạy']","Không yêu cầu kinh nghiệm/ Chấp nhận đang đợi bằngThuộc chuyên ngành điều dưỡng/ kỹ thuật viên xét nghiệm/ các ngành khác có liên quanTin học văn phòng tốt, tốc độ gõ máy tính nhanh, chính xácCẩn thận, tỉ mỉ, có trách nhiệm cao trong công việc",0.143,
35,medium,29155,2461,Tổ Trưởng Qc,Trưởng Ngành Hàng Samsung ( Hồ Chí Minh ),"['quản lý đội nhóm', 'kiểm soát chất lượng (qc)', 'đọc bản vẽ kỹ thuật', 'phân tích dữ liệu', 'giải quyết vấn đề', 'tiêu chuẩn iso 9001']","Đã có 2 năm kinh nghiệm trong lĩnh vực công nghệ.Có kinh nghiệm làm việc ở những chuỗi bán lẻ là một lợi thế.Kỹ năng giao tiếp, tạo động lực cho nhân viên, team work tốt.Chăm chỉ, bền bỉ, tính tuân thủ cao.Khả năng đưa ra quyết định.Khả năng chịu áp lực tốt, kỹ năng xử lý tình huống khéo léo.- Kỹ năng giao tiếp, thuyết phục, đàm phán và thương lượng tốt.- Kỹ năng quản lý tốt- Làm việc độc lập và làm việc nhóm- Kỹ năng giải quyết vấn đề và đưa ra quyết định.",0.728,
36,random,29155,9144,Tổ Trưởng Qc,Nhân Viên Kế Toán Kho Tại Gia Lâm Hà Nội,"['quản lý đội nhóm', 'kiểm soát chất lượng (qc)', 'đọc bản vẽ kỹ thuật', 'phân tích dữ liệu', 'giải quyết vấn đề', 'tiêu chuẩn iso 9001']","- Tốt nghiệp Cao Đẳng hoặc Trung cấp chuyển ngành kế toán/ kho vận- Ưu tiên ứng viên có kinh nghiệm về ngành kế toán, kế toán kho hoặc thủ kho- Sử dụng thành thạo tin học văn phòng- Ưu tiên ứng viên biết sử dụng phần mềm kế toán Misa",0.383,
37,high,27347,5514,Quản Lý - Trưởng Nhóm - Nv Văn Phòng,IT Recruiter/ Talent Acquisition Specialist,"['quản lý dự án nhỏ', 'tổ chức sự kiện', 'giao tiếp và đàm phán', 'giải quyết xung đột', 'lập kế hoạch và báo cáo', 'thành thạo microsoft office (word, Excel, Powerpoint)', 'kỹ năng lãnh đạo']","At least 2+ years of experience as a Talent Acquisition Specialist or similar role in IT fieldPlanning, organizing, problem-solving, and presentation skills.Self-management and creative High level of accountability and confidentiality Good communication, good interpersonal skills, willingness to learn Good command of English and Good attitude.Can work under pressure. Can-do-attitude and put the goals of the team before your own prestige. Experience working for headhunters or multinational IT companies is a big plusStrong computer skills (advanced Excel, PowerPoint, Word, HR Software) is a big plus",0.827,
38,medium,27347,8888,Quản Lý - Trưởng Nhóm - Nv Văn Phòng,Chuyên Viên Pháp Chế,"['quản lý dự án nhỏ', 'tổ chức sự kiện', 'giao tiếp và đàm phán', 'giải quyết xung đột', 'lập kế hoạch và báo cáo', 'thành thạo microsoft office (word, Excel, Powerpoint)', 'kỹ năng lãnh đạo']","- Từ 25 tuổi đến 30 tuổi, Tốt nghiệp cử nhân chính quy chuyên ngành Luật (kinh tế, thương mại, dân sự)- Tối thiểu 1-3 năm kinh nghiệm ở vị trí tương đương.- Có kiến thức chuyên môn nghiệp vụ, nắm vững- Sử dụng thành thạo word, excel, powerpoint…- Kỹ năng giao tiếp, đàm phán, thuyết phục, quản lý và quản trị mối quan hệ tốt.- Nhanh nhẹn, trách nhiệm, có tinh thần học hỏi, có khả năng tổ chức, quản lý và chịu được áp lực công việc.",0.572,
39,random,27347,12892,Quản Lý - Trưởng Nhóm - Nv Văn Phòng,Nhân viên kinh doanh BĐS,"['quản lý dự án nhỏ', 'tổ chức sự kiện', 'giao tiếp và đàm phán', 'giải quyết xung đột', 'lập kế hoạch và báo cáo', 'thành thạo microsoft office (word, Excel, Powerpoint)', 'kỹ năng lãnh đạo']",Có tham vọng kiếm tiền Kỹ năng giao tiếp Kỹ năng thuyết phục và đàm phán Kỹ năng tạo mối quan hệ,0.308,
40,medium,6787,8396,Kỹ Sư Kỹ Thuật,Kế Toán Kho,"['giải quyết vấn đề kỹ thuật cơ bản', 'sử dụng phần mềm cad/cam', 'đọc hiểu bản vẽ kỹ thuật', 'làm việc nhóm và độc lập', 'học hỏi nhanh và chịu áp lực', 'phân tích hệ thống', 'tin học văn phòng']","- Tốt nghiệp Cao Đẳng hoặc Trung cấp chuyển ngành kế toán/ kho vận- Ưu tiên ứng viên có kinh nghiệm về ngành kế toán, kế toán kho hoặc thủ kho- Sử dụng thành thạo tin học văn phòng- Ưu tiên ứng viên biết sử dụng phần mềm kế toán Misa",0.674,
41,random,6787,12813,Kỹ Sư Kỹ Thuật,Hành chính - Nhân sự,"['giải quyết vấn đề kỹ thuật cơ bản', 'sử dụng phần mềm cad/cam', 'đọc hiểu bản vẽ kỹ thuật', 'làm việc nhóm và độc lập', 'học hỏi nhanh và chịu áp lực', 'phân tích hệ thống', 'tin học văn phòng']","- Kinh nghiệm từ 2 đến 3 năm trở lên; - Nhanh nhẹn, năng động, trung thực.",0.351,
42,medium,5154,9292,Việc Làm Thêm Partime Hè,Nhân Viên Kinh Doanh FMCG - Kênh Gt - Thu Nhập Lên Đến 15 Triệu,"['học hỏi nhanh', 'làm việc nhóm', 'tinh thần trách nhiệm', 'giao tiếp cơ bản', 'sử dụng máy tính cơ bản']","Yêu cầu:. · Có sức khoẻ tốt.. · Có kinh nghiệm sale là một lợi thế.. · Có kỹ năng giao tiếp và đàm phán tốt, nhanh nhẹn tự tin, đam mê kinh doanh, cầu tiến, tinh thần trách nhiệm.. · Độ tuổi: Dưới 35 tuổi. · Yêu cầu 6 tháng kinh nghiệm trở lên",0.673,
43,random,5154,5388,Việc Làm Thêm Partime Hè,Chuyên Viên IT,"['học hỏi nhanh', 'làm việc nhóm', 'tinh thần trách nhiệm', 'giao tiếp cơ bản', 'sử dụng máy tính cơ bản']","- Tốt nghiệp Đại học chính quy, chuyên ngành Công nghệ thông tin- Kinh nghiệm: ít nhất 3 năm tại công việc IT. Ưu tiên có chứng chỉ CCNA, CCNP, MCSE- Có khả năng đọc, dịch tài liệu Tiếng Anh chuyên ngành- Am hiểu về hệ thống server, mạng nội bộ (LAN), diện rộng (WAN), Tổng đài, Camera và bảo mật thông tin- Hiểu biết về protocols, hệ điều hành- Có kiến thức về thiết bị phần cứng, thiết bị mạng, thiết bị văn phòng- Có kỹ năng khai thác thông tin trên Internet, thành thạo tin học văn phòng, cài đặt chương trình phần mềm- Khả năng độc lập, chủ động trong công việc",0.152,
44,medium,38439,9225,Kỹ Sư Xây Dựng,Kỹ Sư Kết Cấu,"['kiến thức về kết cấu bê tông cốt thép', 'đọc bản vẽ kỹ thuật', 'sử dụng autocad, Sap2000 (cơ bản)', 'giám sát thi công', 'an toàn lao động', 'làm việc nhóm', 'giải quyết vấn đề kỹ thuật']","- Nam Tốt nghiệp đại học trở lên các Trường Đại học Xây dựng, Kiến Trúc chuyên ngành Xây dựng, Kiến trúc, Kinh tế Xây dựng- Có 5 năm kinh nghiệm ở vị trí tương đương, ưu tiên ứng viên đã từng tham gia Quản lý và Giám sát các công trình khách sạn/resort 5 sao.- Sử dụng thành thạo các phần mềm chuyên ngành: AutoCAD, Microsoft Office, Project,...- Chịu được áp lực công việc- Trung thực, chăm chỉ, cẩn thận, yêu nghề, có khả năng làm việc độc lập. làm việc nhóm",0.682,
45,random,38439,1356,Kỹ Sư Xây Dựng,Nhân Viên Tư Vấn Tài Chính Đầu Tư (Lương Cứng 15 - 25 Triệu + Phụ Cấp + Hoa Hồng Cao) Tại Bình Thạnh,"['kiến thức về kết cấu bê tông cốt thép', 'đọc bản vẽ kỹ thuật', 'sử dụng autocad, Sap2000 (cơ bản)', 'giám sát thi công', 'an toàn lao động', 'làm việc nhóm', 'giải quyết vấn đề kỹ thuật']","- Không có kinh nghiệm sẽ được đào tạo.. - Độ tuổi: từ 22-35 tuổi.. - Ngoại hình ưa nhìn, yêu thích công việc giao tiếp và cung cấp dịch vụ chăm sóc khách hàng tinh tế, chuyên nghiệp. - Ưu tiên Ứng viên đã có kinh nghiệm trong lĩnh vực dịch vụ, sales.",0.283,
46,medium,10894,2189,Nhân viên văn phòng,Operation Manager (Quản Lý Vận Hành/ Quản Lý Chung),"['tin học văn phòng (word, Excel, Powerpoint)', 'quản lý và lưu trữ tài liệu', 'sắp xếp lịch trình và cuộc họp', 'giao tiếp chuyên nghiệp (nội bộ & đối tác)', 'hỗ trợ hành chính tổng hợp']","Gender: Female, Age: 29 - 45 - At least 2 years experience in operation management or similar position.- Effective relationship management (with internal staff and external customers).- Proven previous experience in team management is advantageous- Collaborative, focused on delivery with ability to coach to achieve results but robust and challenging where needed- Strategic planning experience- Excellent communication skill - spoken and written English- Professional attitude and appearance.- Detailed oriented, organized, and able to work under pressure",0.657,
47,random,10894,13779,Nhân viên văn phòng,Nhân viên kinh doanh,"['tin học văn phòng (word, Excel, Powerpoint)', 'quản lý và lưu trữ tài liệu', 'sắp xếp lịch trình và cuộc họp', 'giao tiếp chuyên nghiệp (nội bộ & đối tác)', 'hỗ trợ hành chính tổng hợp']","-Không yêu cầu kinh nghiệm. -Có niềm đam mê kinh doanh. -Năng động chịu khó, ham học hỏi. -Sử dụng tốt các mạng xã hội. -Có smartphone hoặc laptop.",0.276,
48,high,32137,1915,Hành Chính Nhân Sự,Giám Đốc Chi Nhánh,"['tuyển dụng cơ bản', 'quản lý hồ sơ nhân sự', 'thành thạo ms office', 'giao tiếp hiệu quả', 'kỹ năng tổ chức', 'giải quyết vấn đề', 'tiếng anh giao tiếp']","- Tốt nghiệp các chuyên ngành Quản trị Kinh doanh, Kinh tế, Y dược- Kinh nghiệm trên 05 năm ở vị trí Giám đốc kinh doanh lĩnh vực liên quan Y dược, thiết bị y tế- Kiến thức và quan hệ xã hội rộng, nhạy bén về thị trường, cơ hội kinh doanh.- Thành thạo kỹ năng bán hàng, kỹ năng quản lý, lãnh đạo nhóm.- Có tinh thần trách nhiệm và tâm huyết với công việc.- Thành thạo các kỹ năng văn phòng: Microsoft Office (Excel, Words, Powerpoint…)- Làm việc độc lập dưới áp lực cao, khả năng phân tích, đánh giá, dự báo, khả năng giao tiếp và thuyết phục cao, kỹ năng giải quyết vấn đề, không ngại khó khăn trong công việc- Nhiệt tình, thái độ cầu tiến, bảo mật thông tin tốt.- Tiếng Anh giao tiếp",0.837,
49,medium,32137,13221,Hành Chính Nhân Sự,Nhân viên chăm sóc khách hàng,"['tuyển dụng cơ bản', 'quản lý hồ sơ nhân sự', 'thành thạo ms office', 'giao tiếp hiệu quả', 'kỹ năng tổ chức', 'giải quyết vấn đề', 'tiếng anh giao tiếp']","Nữ, từ 20-35 tuổi. Không yêu cầu kinh nghiệm, công ty sẽ đào tạoTốt nghiệp Cao Đẳng trở lên Giao tiếp tiếng Anh cơ bản Biết MS. Office, Work, Excel, Internet,…",0.587,
50,random,32137,11598,Hành Chính Nhân Sự,Quản lý nhân sự,"['tuyển dụng cơ bản', 'quản lý hồ sơ nhân sự', 'thành thạo ms office', 'giao tiếp hiệu quả', 'kỹ năng tổ chức', 'giải quyết vấn đề', 'tiếng anh giao tiếp']","✓ Vi tính văn phòng (word, excel) cơ bản ✓ Kĩ năng nhân sự cơ bản ✓ Trung thực, siêng năng, hoạt bát và chịu khó ✓ Biết sử dụng các thiết bị văn phòng",0.111,
51,random,14538,7979,Điều Dưỡng,Chuyên Viên Nghiệp Vụ Bảo Hiểm Con Người,"['kiến thức về quy trình điều dưỡng cơ bản', 'kỹ năng tiêm truyền, Đo dấu hiệu sinh tồn', 'sơ cứu cơ bản', 'giao tiếp với bệnh nhân và người nhà', 'vệ sinh y tế, Kiểm soát nhiễm khuẩn', 'tin học văn phòng cơ bản']","- Kinh nghiệm: tối thiểu 03 năm ở vị trí tương đương, ưu tiên ứng viên đã làm việc tại các công ty bảo hiểm gốc.- Trình độ học vấn: Tốt nghiệp Đại học trở lên, ưu tiên ứng viên được đào tạo chuyên ngành bảo hiểm, kinh tế, tài chính.- Kỹ năng:+ Có kỹ năng đàm phán, thuyết trình.+ Giao tiếp tốt cả tiếng Việt và tiếng Anh.+ Thành thạo kỹ năng Tin học văn phòng.+ Có khả năng làm việc độc lập và làm việc theo nhóm.+ Có kỹ năng tổng hợp và quản lý tốt các nội dung công việc.",0.23,
52,medium,43521,9520,Giáo Viên Kỹ Năng Sống,Trình Dược Viên ETC Hà Nội - Không Yêu Cầu Kinh Nghiệm,"['kỹ năng giao tiếp tốt', 'kỹ năng thuyết trình cơ bản', 'kỹ năng làm việc nhóm', 'sáng tạo nội dung', 'sử dụng thành thạo microsoft office']","- Tốt nghiệp Trung cấp, Cao đẳng trở lên các ngày Y tế, Dược Phẩm, Kinh doanh- Ưu tiên có kinh nghiệm kinh doanh về lĩnh vực Phòng khám, Bệnh viện, Trình dược viên- Giao tiếp tốt, có khả năng xây dựng quan hệ, thuyết phục khách hàng.- Nhanh nhẹn, chịu khó- Chịu được áp lực doanh số- Có kỹ năng giao tiếp, kỹ năng đàm phán và khả năng thuyết phục.- Có khả năng tạo dựng mối quan hệ tốt với khách hàng.",0.632,
53,random,43521,8299,Giáo Viên Kỹ Năng Sống,Receptionist Cum Admin Intern,"['kỹ năng giao tiếp tốt', 'kỹ năng thuyết trình cơ bản', 'kỹ năng làm việc nhóm', 'sáng tạo nội dung', 'sử dụng thành thạo microsoft office']","Major: Human Resources Management, English, Chinese or related majors…A strong desire to work in HR & Admin.Teamwork skills, hardworking, careful and willing to learn.Can communicate in English or Chinese.Can use office equipment.",0.129,
54,high,10263,10372,Thiết Kế Thời Trang,Thực tập sinh Marketing lương 3tr,"['thiết kế thời trang (adobe illustrator, Photoshop)', 'dựng rập, Cắt may cơ bản', 'nắm bắt xu hướng thị trang', 'phối màu, Chất liệu', 'sáng tạo, Thẩm mỹ tốt', 'kỹ năng vẽ tay', 'làm việc nhóm']","- Có kinh nghiệm quản lý Fanpage - Có tinh thần cầu thị, ham học hỏi, có trách nhiệm với công việc - Khả năng viết tốt - Hiểu biết về các kênh Social Media: Facebook, Youtube, Tiktok, instagram,... - Khả năng làm việc độc lập và chủ động - Biết tiếng Anh và yêu thích lĩnh vực giáo dục là một lợi thế",0.878,
55,medium,10263,13869,Thiết Kế Thời Trang,"Tuyển Thực Tập Viên Làm Lập Trình .net, Python","['thiết kế thời trang (adobe illustrator, Photoshop)', 'dựng rập, Cắt may cơ bản', 'nắm bắt xu hướng thị trang', 'phối màu, Chất liệu', 'sáng tạo, Thẩm mỹ tốt', 'kỹ năng vẽ tay', 'làm việc nhóm']","Đam mê công nghệ, không ngại khó, không ngại khổ",0.667,
56,random,10263,11752,Thiết Kế Thời Trang,CTY TNHH TMDV NHÀ PHẠM NHÂN VIÊN KINH DOANH,"['thiết kế thời trang (adobe illustrator, Photoshop)', 'dựng rập, Cắt may cơ bản', 'nắm bắt xu hướng thị trang', 'phối màu, Chất liệu', 'sáng tạo, Thẩm mỹ tốt', 'kỹ năng vẽ tay', 'làm việc nhóm']","• Đã có kinh nghiệm, am hiểu kinh doanh, ưu tiên có bằng cấp liên quan • Có kỹ năng tốt phần mềm văn phòng (ưu tiên biết thêm các phần mềm thiết kế hình ảnh video) • Có khả năng giao tiếp, thuyết phục khách hàng. • Có đam mê học hỏi phát triển. • Làm công việc full time và hoạt động ngoài tiếp cận khách hàng. • Nhiệt tình, trung thực, kiên trì, trách nhiệm với công việc.",0.397,
57,high,12520,14629,Nhân Viên Y Tế Doanh Nghiệp,Việc Làm Bán Thời Gian Tại Nhà,"['sơ cấp cứu ban đầu', 'kiểm tra sức khỏe định kỳ', 'quản lý hồ sơ y tế', 'tư vấn sức khỏe cơ bản', 'tiêm chủng', 'kỹ năng giao tiếp', 'tin học văn phòng']",BẠN SẼ PHÙ HỢP VỚI VỊ TRÍ NÀY NẾU BẠN: - Có khả năng làm việc độc lập. - Biết tự quản lý thời gian của mình. - Đam mê kiếm tiền tạo thêm thu nhập. - Muốn rèn luyện học hỏi để phát triển bản thân và nghề nghiệp.,0.818,
58,medium,12520,13326,Nhân Viên Y Tế Doanh Nghiệp,TẬP ĐOÀN BĐS ĐẤT XANH TUYỂN QUẢN LÝ KINH DOANH,"['sơ cấp cứu ban đầu', 'kiểm tra sức khỏe định kỳ', 'quản lý hồ sơ y tế', 'tư vấn sức khỏe cơ bản', 'tiêm chủng', 'kỹ năng giao tiếp', 'tin học văn phòng']","- Nam/ Nữ ngoại hình dễ nhìn, giọng nói dễ nghe. - Tốt nghiệp Trung cấp trở lên (ưu tiên các ngành Quản trị kinh doanh/ Marketing/ Kinh tế/ Công nghệ thông tin/ Tài chính – Ngân hàng). - Có tố chất kinh doanh, có khả năng tổ chức, lãnh đạo, nhận biết, đánh giá và tạo động lực làm việc cho nhân viên. - Năng động, hoạt bát, nhiệt tình, có tinh thần trách nhiệm cao với công việc và cầu tiến. - Có khả năng giao tiếp, thuyết phục, đàm phán tốt. - Có khả năng làm việc độc lập và theo nhóm. - Chịu được áp lực công việc cao. - Có định hướng công việc rõ ràng. - Có ít nhất 6 tháng kinh nghiệm ở vị tương đương tại các công ty bất động sản. - Khai thác, sử dụng tốt internet và tin học văn phòng. - Có laptop và phương tiện đi lại.",0.676,
59,random,12520,3865,Nhân Viên Y Tế Doanh Nghiệp,Project Manager (IT),"['sơ cấp cứu ban đầu', 'kiểm tra sức khỏe định kỳ', 'quản lý hồ sơ y tế', 'tư vấn sức khỏe cơ bản', 'tiêm chủng', 'kỹ năng giao tiếp', 'tin học văn phòng']","Tốt nghiệp Đại học chuyên ngành CNTTCó tối thiểu 5 năm kinh nghiệm làm việc, trong đó có 2 năm kinh nghiệm tại vị trí quản lý dự án.Có kinh nghiệm quản lý dự án theo phương pháp Agile Scrum.Nhiệt tình, chủ động, có khả năng chịu áp lực tốt, tinh thần trách nhiệm cao.Có khả năng giao tiếp tốt, làm việc nhóm tốt.Ưu tiên ứng viên có Chứng chỉ PMPCó khả năng giao tiếp tiếng Anh",0.309,
60,random,26634,3949,Quản Lý Kinh Doanh,Nhân Viên Kỹ Thuật Lương 7-10 Triệu,"['quản lý đội nhóm', 'kỹ năng bán hàng và đàm phán', 'phân tích thị trường', 'hoạch định chiến lược kinh doanh', 'xây dựng mối quan hệ khách hàng', 'lãnh đạo và huấn luyện']","Sinh viên tốt nghiệp các trường Cao đẳng/Đại học chuyên ngành Cơ khí, điện, nhiệt, nướcNăng động, chịu khó và đam mê kỹ thuậtChịu được áp lực công việc, Có thể đi công tác ngắn ngàyTrung thực, nhanh nhẹn, tính kỷ luật caoBiết sử dụng tin học văn phòng, vẽ Autocad",0.279,
61,medium,14078,7700,Nhân Viên Tổng Đài,Chuyên Viên Kinh Doanh,"['kỹ năng lắng nghe', 'xử lý tình huống khẩn cấp', 'giải quyết khiếu nại phức tạp', 'phần mềm tổng đài (voip)', 'empathetic communication', 'ghi nhận thông tin chính xác']","Tốt nghiệp Cao đẳng, Đại học các chuyên ngành kinh tế, kinh doanh, marketing.... Có kiến thức chung về Marketing, dịch vụ khách hàng.. Kỹ năng:. Sử dụng thành thạo công cụ nghiên cứu, phân tích thông tin thị trường, khách hàng.. Sử dụng thành thạo các phần mềm tin học văn phòng (MS Office,…).. Kỹ năng làm việc nhóm, làm việc độc lập.. Kỹ năng tổ chức công việc.. Kỹ năng chịu áp lực trong công việc.. Kỹ năng giải quyết vấn đề.. Kỹ năng lắng nghe và giao tiếp tốt.Thái độ, phẩm chất:Nhạy bén với thị trường và khách hàng.. Thẳng thắn, trung thực.. Nhanh nhẹn, linh hoạt.. Tự tin, quyết đoán.. Cầu toàn, chỉnh chu.",0.592,
62,random,14078,11942,Nhân Viên Tổng Đài,NHÂN VIÊN QUẢN LÝ LỚP,"['kỹ năng lắng nghe', 'xử lý tình huống khẩn cấp', 'giải quyết khiếu nại phức tạp', 'phần mềm tổng đài (voip)', 'empathetic communication', 'ghi nhận thông tin chính xác']","- Độ tuổi: >20 tuổi- Tốt nghiệp từ Cao đẳng trở lên các ngành kinh tế, xã hội, ngoại ngữ - Giao tiếp Tiếng Anh khá (giao tiếp với người nước ngoài) - Có kinh nghiệm trong lĩnh vực chăm sóc khách hàng là một lợi thế, ưu tiên có kinh nghiệm trong lĩnh vực giáo dục đào tạo.",0.379,
63,high,44790,6478,Nhân Viên Cskh _trung Tâm Tiêm Chủng Vnvc,Nhân Viên Dịch Vụ Khách Hàng (Quận Bình Tân),"['chăm sóc khách hàng', 'giao tiếp hiệu quả', 'lắng nghe và thấu hiểu', 'xử lý khiếu nại', 'tư vấn dịch vụ', 'quản lý thông tin khách hàng', 'kiến thức cơ bản về y tế/dược']","Tốt nghiệp Cao đẳng trở lên, ưu tiên ứng viên theo học các chuyên ngành Kinh tế (Quản trị kinh doanh, Kế toán, Tài chính ngân hàng,...)Giao tiếp tự tin, thuyết phục (không mắc các lỗi phát âm cơ bản).Có khả năng tổ chức và giám sát công việc.Ưu tiên ứng viên có ít nhất 1 năm kinh nghiệm trong lĩnh vực Dịch vụ khách hàng, Chăm sóc khách hàng, Quản lý thu cước, Quản lý công nợ, Tư vấn bán hàng.Ngoại hình ưa nhìn là một lợi thế.",0.832,
64,medium,44790,11315,Nhân Viên Cskh _trung Tâm Tiêm Chủng Vnvc,Trưởng nhóm kinh doanh BĐS,"['chăm sóc khách hàng', 'giao tiếp hiệu quả', 'lắng nghe và thấu hiểu', 'xử lý khiếu nại', 'tư vấn dịch vụ', 'quản lý thông tin khách hàng', 'kiến thức cơ bản về y tế/dược']","– Có kinh nghiệm từ 1 năm ở vị trí tương đương – Có kiến thức ngành Bất động sản; Am hiểu về ngành, doanh nghiệp hoạt động trong lĩnh vực xây dựng và bất động sản, về các sản phẩm, dịch vụ bất động sản, các vấn đề về pháp lý; – Trung thực, năng động, chủ động trong công việc, có tinh thần trách nhiệm cao.",0.628,
65,random,44790,8710,Nhân Viên Cskh _trung Tâm Tiêm Chủng Vnvc,Nhân Viên Phát Triển Kinh Doanh - Giải Pháp Chính Phủ Điện Tử/ Y Tế Điện Tử,"['chăm sóc khách hàng', 'giao tiếp hiệu quả', 'lắng nghe và thấu hiểu', 'xử lý khiếu nại', 'tư vấn dịch vụ', 'quản lý thông tin khách hàng', 'kiến thức cơ bản về y tế/dược']","Tốt nghiệp các trường kỹ thuật chuyên ngành CNTT, Điện tử, Bưu chính viễn thông, Kinh doanh, Kinh tế…Có khả năng đi công tác tỉnh.Có kinh nghiệm từ 1 năm trở lên ở các vị trí/lĩnh vực tương tự.Hiểu biết về quy trình thủ tục hành chính, thầu là 1 lợi thế.",0.318,
66,medium,26437,12138,Điều Dưỡng Viên,NHÂN VIÊN KÊNH THƯƠNG MẠI ĐIỆN TỬ,"['chăm sóc bệnh nhân', 'sơ cứu cơ bản', 'truyền thông y tế', 'kiên nhẫn', 'thái độ chuyên nghiệp']","- Bằng cấp/ chứng chỉ: Tốt nghiệp Đại học, Cao đẳng chuyên ngành liên quan đến Kinh doanh, Marketing, Thương mại điện tử,... - Ưu tiên ứng viên có kinh nghiệm trên 01 năm ở vị trí tương đương, từng làm việc ở lĩnh vực thực phẩm là một lợi thế. - Am hiểu thị trường bán lẻ online, đặc biệt, có kinh nghiệm phát triển Mall trên các nền tảng Thương mại Điện tử (Lazada/ Shpee/ Tiki/...), hiểu được thói quen mua sắm và tâm lý mua hàng. - Tư duy bán hàng, nhạy bén đối với hành vị mua hàng trực tuyến, xu hướng tiêu dùng ngành thực phẩm. - Tác phong làm việc chuyên nghiệp, nhạy bén, chịu áp lực công việc. - Tinh thần trách nhiệm cao, khiêm tốn và ham học hỏi; tư duy, tìm kiếm và sẵn sàng thử nghiệm những điều mới. - Có quan điểm làm việc và định hướng công việc rõ ràng, gắn kết lâu dài.",0.672,
67,random,26437,12374,Điều Dưỡng Viên,Nhân viên Tư vấn,"['chăm sóc bệnh nhân', 'sơ cứu cơ bản', 'truyền thông y tế', 'kiên nhẫn', 'thái độ chuyên nghiệp']","- Không yêu cầu kinh nghiệm, sẽ được đào tạo. - Sẵn sàng học hỏi, tiếp thu các kiến thức mới. - Tự tin trong giao tiếp và xử lý vấn đề. - Ham học hỏi, nhiệt tình, chịu khó, có trách nhiệm trong công việc.",0.288,
68,medium,41758,4495,Nhân Viên Bán Hàng,Nhân Viên Tư Vấn Gói Dịch Vụ Mảng Điện Lạnh Daikin,"['kỹ năng giao tiếp và đàm phán', 'chăm sóc khách hàng', 'tư vấn sản phẩm/dịch vụ', 'xử lý tình huống', 'sử dụng phần mềm quản lý bán hàng (pos)']","Nam/nữ tốt nghiệp THPT hoặc cao hơn, tuổi không quá 30.Ưu tiên ứng viên có kinh nghiệm chăm sóc khách hàng mảng call center từ 03 tháng trở lên.Không vướng bận công việc, có thể làm việc xoay ca, sắp xếp ngẫu nhiên không cố định.Ưu tiên ứng viên làm việc Lễ/Tết và tăng ca theo điều động của công ty (không thường xuyên).Yêu cầu test đánh máy trên 40 WPM.Khả năng giao tiếp, giải quyết khiếu nại tốt, giao tiếp thân thiện, có tinh thần cầu tiến.Giọng nói dễ nghe, không quá nặng vùng miền.",0.731,
69,random,41758,13119,Nhân Viên Bán Hàng,Tài xế nữ,"['kỹ năng giao tiếp và đàm phán', 'chăm sóc khách hàng', 'tư vấn sản phẩm/dịch vụ', 'xử lý tình huống', 'sử dụng phần mềm quản lý bán hàng (pos)']","+ Tuổi từ 20 đến 35 + Nữ cao 1m55 trở lên + Cẩn thận, chăm chỉ, chịu khó siêng năng đáp ứng nhu cầu công việc+ Tinh thần trách nhiệm+ Hòa đồng, vui vẻ với đồng nghiệp",0.359,
70,high,12107,3216,Lập Trình Viên C#,Thực Tập Sinh PHP,"['ngôn ngữ lập trình c#', '.net framework', 'sql server', 'html/css', 'javascript', 'oop', 'git', 'giải quyết vấn đề', 'tư duy logic']","Ứng viên vui lòng gửi 2 CV (Tiếng Anh và Tiếng Việt) để được process nhanh chóng.- Sinh viên năm cuối ở các ngành Khoa học máy tính, phần mềm tại các trường Cao Đẳng, Đại Học.- Có thể tham gia thực tập tại công ty từ 6 – 10 buổi / tuần ( tương đương 3 – 5 ngày/ tuần).- Có hiểu biết hoặc đã tìm hiểu về lập trình website và ngôn ngữ PHP mảng back end hoặc yêu thích phát triển web với PHP: + PHP, MySQL+ PHP Famework: Chúng tôi làm nhiều Framework khác nhau. (tùy vào yêu cầu của khách hàng: CodeIgniter, CakePHP, Zend, …)+ Javascript và JS Frameworks (jQuery, AngularJS, Vuejs…)+ DB (MySQL và thiết kế Database)- Giao tiếp tốt, chủ động trong công việc.- Có đam mê phát triển phần mềm.- Có kỹ năng làm việc theo nhóm, hòa đồng.- Có tư duy logic, sáng tạo.Điều kiện bắt buộc: Các sinh viên thực tập tại Công ty sẽ trở thành nhân viên chính thức sau khi kết thúc thời gian thực tập nếu Công ty đánh giá thấy sinh viên có đủ năng lực. Sinh viên sau khi trở thành nhân viên chính thức có thể đi làm tuần từ 3 ngày trở lên cho tới khi chính thức tốt nghiệp.",0.807,
71,medium,12107,2054,Lập Trình Viên C#,Học Việc Digital Marketing,"['ngôn ngữ lập trình c#', '.net framework', 'sql server', 'html/css', 'javascript', 'oop', 'git', 'giải quyết vấn đề', 'tư duy logic']","Có khoảng 6 tháng kinh nghiệm về kênh Paid Traffic (Có thể google ads hoặc facebook ads), ưu tiên google ads.Khả năng lên kế hoạch, phân tích, đánh giá, đưa ra phương án giải quyết vấn đề.Nhạy với các con số.Có thể nghe, nói tiếng Anh là một lợi thế",0.642,
72,random,12107,6751,Lập Trình Viên C#,Giáo Viên Tiếng Anh Tiểu Học Part-Time,"['ngôn ngữ lập trình c#', '.net framework', 'sql server', 'html/css', 'javascript', 'oop', 'git', 'giải quyết vấn đề', 'tư duy logic']","Ưu tiên các ứng viên đã tốt nghiệp CĐ, ĐH chuyên ngành tiếng Anh hoặc sư phạm AnhTrình độ tiếng Anh khá (tương đương level B2 trở lên), có khả năng giao tiếp với Giáo viên nước ngoàiCó trách nhiệm với công việc và muốn gắn bó lâu dàiƯu tiên các ứng viên đã có kinh nghiệm làm Giáo viên tiếng Anh hoặc Trợ giảng. Nếu chưa có kinh nghiệm sẽ được hướng dẫn, đào tạo đầy đủ",0.144,
73,medium,34889,7106,Quản trị viên,Chuyên Viên Tư Vấn Tài Chính - Pruventure With PRUDENTIAL,"['quản lý văn thư', 'sắp xếp lịch trình', 'giao tiếp nội bộ', 'tin học văn phòng nâng cao', 'kỹ năng tổ chức sự kiện nhỏ']","- Tuổi từ 24 - 39- Tốt nghiệp Cao Đẳng, Đại Học- Từng là nhân viên kinh doanh/ tư vấn viên với ít nhất từ 1 năm kinh nghiệm trong các ngành: Bảo Hiểm, Tài Chính Ngân Hàng, Bất Động Sản, Du Lịch,...- Định hướng phát triển lâu dài đối với lĩnh vực Bảo hiểm nhân thọ- Kỹ năng giao tiếp, tư vấn thuyết phục khách hàng tốt- Ngoại hình ưa nhìn, tác phong chuyên nghiệp, năng động, nhiệt huyết và tinh thần ham học hỏi, cầu tiến trong sự nghiệp",0.501,
74,random,34889,14306,Quản trị viên,"Nhân viên kinh doanh phụ tùng ô tô, xe máy, ...bạc đạn, bugi, ....","['quản lý văn thư', 'sắp xếp lịch trình', 'giao tiếp nội bộ', 'tin học văn phòng nâng cao', 'kỹ năng tổ chức sự kiện nhỏ']","- Ưu tiên có kinh nghiệm về kinh doanh, chăm sóc khách hàng, .... - Biết vi tính văn phòng Word, Excel - Kỹ năng giải quyết vấn đề & xử lý tình huống; - Kỹ năng chăm sóc Khách Hàng; - Kỹ năng giao tiếp; - Trung thực, cẩn thận, nhanh nhẹn, hòa đồng, ham học hỏi;",0.263,
75,medium,11301,14053,Việc Làm Thêm,Tư vấn viên bảo hiểm,"['quản lý dự án', 'tư vấn giải pháp', 'viết nội dung/biên tập', 'dịch thuật (anh-việt)', 'kỹ năng hành chính văn phòng', 'thành thạo microsoft office', 'giao tiếp và thuyết trình', 'quản lý thời gian cá nhân hiệu quả', 'đáng tin cậy, Trách nhiệm cao']",Khai thác KHTN Tìm hiểu nhu câu Thiết kế giải phápKý HĐ Chăm sóc KH,0.655,
76,random,11301,3671,Việc Làm Thêm,Thực Tập Sinh IOS,"['quản lý dự án', 'tư vấn giải pháp', 'viết nội dung/biên tập', 'dịch thuật (anh-việt)', 'kỹ năng hành chính văn phòng', 'thành thạo microsoft office', 'giao tiếp và thuyết trình', 'quản lý thời gian cá nhân hiệu quả', 'đáng tin cậy, Trách nhiệm cao']","•Sinh viên năm cuối hoặc chuẩn bị tốt nghiệp chuyên ngành công nghệ thông tin hoặc tương đương•Có định hướng và yêu thích, đam mê lập trình. •Khả năng tư duy, tìm tòi, học hỏi nhanh, làm việc độc lập, chủ động trong công việc",0.361,
77,random,15297,13218,Nhân Viên Chăm Sóc Khách Hàng,Nhân viên hành chính lương(6tr5-8tr) không yckn,,"không yckn, lao động phổ thông đều đc",0.379,
78,medium,29636,4265,Giám Sát Lmf(đang Tìm Việc),Giám Đốc Nội Dung Tại Hà Nội ( Thu Nhập 25-30Triêu),"['quản lý sản xuất', 'giám sát chất lượng', 'an toàn lao động', 'kỹ năng lãnh đạo', 'lập kế hoạch và báo cáo', 'sửa chữa và bảo trì máy móc']","- Tốt nghiệp Đại học trở lên, chuyên ngành- Ít nhất 3 năm ở vị trí quản lý ; tối thiểu 3 năm ở vị trí tương đương;- Có kinh nghiệm trong lĩnh vực hoạch định, quản lý- Biết sử dụng các tính năng cơ bản tin học văn phòng và ứng dụng tốt các phần mềm chuyên dụng trong công việc.• Kỹ năng:- Kỹ năng lãnh đạo: Kỹ năng hoạch định, quản lý, điều hành, kỹ năng phối hợp hoạt động các bộ phận cùng hướng đến mục tiêu chung;- Có kỹ năng về quản lý dự án, lập kế hoạch, kiểm soát, tổ chức, quản trị nhân sự.- Ưu tiên ứng viên có hiểu biết về ngành Giáo dục, có kinh nghiệm làm việc tại các công ty cung cấp sản phẩm giáo dục cho trẻ nhỏ;- Kỹ năng về làm việc teamwork, tìm giải pháp và đóng lại vấn đề hiệu quả.- Kỹ năng diễn thuyết tốt và khả năng tạo được sự đoàn kết thống nhất trong toàn công ty.",0.716,
79,random,29636,11113,Giám Sát Lmf(đang Tìm Việc),Nhân viên kinh doanh,"['quản lý sản xuất', 'giám sát chất lượng', 'an toàn lao động', 'kỹ năng lãnh đạo', 'lập kế hoạch và báo cáo', 'sửa chữa và bảo trì máy móc']","Yêu cầu ứng viên - Yêu thích nghề kinh doanh/bán hàng - có tố chất sale, khả năng bán hàng tốt và có khát khao phát triển bản thân - Ham học hỏi, chịu được áp lực, không ngại khó khăn, có định hướng khách hàng và tinh thần cầu tiến. - Có kỹ năng lập kế hoạch, tin học văn phòng - Có Kỹ năng làm việc nhóm/ độc lập. - Kỹ năng đàm phán – giao tiếp tốt - Tiếng anh giao tiếp",0.179,
80,medium,36469,12115,Ctv Khu Vực Sự Kiện,Nhân Viên Kinh Doanh (CSKH Telesales) - Không Yêu Cầu Kinh Nghiệm,"['kỹ năng tổ chức và sắp xếp công việc', 'giao tiếp tiếng anh cơ bản', 'thân thiện, Nhiệt tình và chủ động', 'làm việc nhóm hiệu quả', 'xử lý tình huống khéo léo']","- Nam/ Nữ tuổi từ 18 trở lên (tốt nghiệpTrung cấp, Cao đẳng,...) - Chấp nhận sinh viên mới ra trường, đang chờ bằng làm việc được Full-time. - Không yêu cầu kinh nghiệm, đã từng có kinh nghiệm Telesales là một lợi thế. - Yêu thích công việc sales, telesales. - Trung thực, nhiệt huyết và chăm chỉ trong công việc.",0.51,
81,random,36469,2470,Ctv Khu Vực Sự Kiện,Nhân Viên Kiểm Hàng,"['kỹ năng tổ chức và sắp xếp công việc', 'giao tiếp tiếng anh cơ bản', 'thân thiện, Nhiệt tình và chủ động', 'làm việc nhóm hiệu quả', 'xử lý tình huống khéo léo']","- Trình độ : Trung cấp trở lên, Tiếng Trung giao tiếp thành thạo ( Nói thiếng Hoa Phổ thông ), trao đổi qua email- Ưu tiên có kinh nghiệm làm việc trong nhà máy chế biến gỗ hoặc đã làm qua công việc kiểm hàng nội thất- Chịu khó, trung thực, cẩn thận và có trách nhiệm, nhiệt tình trong công việc- Trong công việc sẽ được đào tạo và được hướng dẫn cụ thể trong quá trình kiểm hàng",0.227,
82,random,15395,13214,Nhân Viên Sale,[Thuận An] Nhân Viên Kinh Doanh Thị Trường,,Yêu cầu: - Tốt nghiệp THPT; - Ít nhất 1 năm kinh nghiệm sale trong ngành FMCG (Kênh truyền thống) - Kỹ năng tin học văn phòng.,0.192,
83,random,1964,3135,"Leader, Manager Content, Marketing",Nhân Viên Kinh Doanh,,"- Tốt nghiệp Đại học các trường ngoại ngữ, ngoại thương.- Tiếng anh nghe nói đọc viết tốt, ưu tiên có kinh nghiệm tiếng anh thương mại.- Chịu được áp lực công việc, tỉ mỉ, trách nhiệm, có kinh nghiệm làm việc nhóm và độc lập tốt, chịu khó học hỏi và sẽ được hướng dẫn đào tạo thêm.- Ưu tiên ứng viên hiểu biết hàng outdoor furniture hoặc có kinh nghệm sale cho công ty sản xuất.",0.181,
84,high,13332,5722,Nhân Viên Văn Phòng,Cộng Tác Viên Tư Vấn Kiêm Chăm Sóc Khách Hàng,"['ms office (word, Excel, Powerpoint)', 'quản lý hồ sơ, Tài liệu', 'kỹ năng giao tiếp', 'kỹ năng tổ chức và sắp xếp công việc', 'giải quyết vấn đề cơ bản', 'kiến thức cơ bản về quản lý chất lượng']","• Trình độ học vấn: sinh viên của các trường Đại học, Cao đẳng,...• Không cần kinh nghiệm, có kinh nghiệm là điểm cộng: từng tham gia làm việc tại ví trí bán hàng/chăm sóc khách hàng• Kiến thức/năng lực chuyên môn: Hiểu biết và yêu thích về lĩnh vực phát triển con người và giáo dục• Kỹ năng bán hàng, giao tiếp, đám phán và thuyết phục. Có khả năng trình bày, chia sẻ thông tin, tư vấn cho khách hàng các giải pháp phù hợp với từng khách hàng.• Thái độ: Tinh thần cầu tiến, tư duy tích cực, nhiệt tình, có trách nhiệm với công việc.• Tin học: Sử dụng thành thạo các ứng dụng tin học văn phòng (Word, Excel, Powerpoint, ...), Internet và các phần mểm ứng dụng.• Ưu tiên: ứng viên có ngoại hình sáng và có mối quan hệ rộng phù hợp tệp khách hàng công ty• Địa điểm làm việc: Lầu 3, tòa nhà Danh Thịnh, 236 Nguyễn Thái Bình, P.12, Tân Bình• Thời gian thử việc: 2 tuần và thời gian làm việc : tối thiểu 3 buổi trong 1 tuần",0.9,
85,medium,13332,1986,Nhân Viên Văn Phòng,Chuyên Viên Nhắc Nợ Qua Điện Thoại,"['ms office (word, Excel, Powerpoint)', 'quản lý hồ sơ, Tài liệu', 'kỹ năng giao tiếp', 'kỹ năng tổ chức và sắp xếp công việc', 'giải quyết vấn đề cơ bản', 'kiến thức cơ bản về quản lý chất lượng']","- Ưu tiên các bạn có kinh nghiệm (Chưa có kinh nghiệm sẽ được đào tạo)- Nhanh nhẹn, giao tiếp tốt- Biết sử dụng các ứng dụng công nghệ nhanh: Work, Excel, internet, faceboook, zalo.....",0.678,
86,random,13332,10575,Nhân Viên Văn Phòng,Trợ lý nhân sự tại Hà Nội,"['ms office (word, Excel, Powerpoint)', 'quản lý hồ sơ, Tài liệu', 'kỹ năng giao tiếp', 'kỹ năng tổ chức và sắp xếp công việc', 'giải quyết vấn đề cơ bản', 'kiến thức cơ bản về quản lý chất lượng']","- Từ 18 tuổi trở lên. - Năng động, nhiệt huyết. - Có tinh thần cầu tiến - Xây dựng đội ngũ lành mạnh và đoàn kết - Có trách nhiệm cao trong công việc và với khách hàng của mình - Có kinh nghiệm trong ngành Bảo hiểm và hành chính nhân sự là một lợi thế.",0.312,
87,random,15012,3924,Nhân Viên Kinh Doanh,Chuyên Viên Hoạch Định Tài Chính - Kênh Pruventure [Đà Nẵng],,"- Tuổi từ 24-39- Tốt nghiệp Cao Đẳng trở lên- Từng là nhân viên kinh doanh/ tư vấn viên với ít nhất từ 2 năm kinh nghiệm trong các ngành- Năng động, có các mối quan hệ tốt với khách hàng",0.32,
88,medium,25570,12434,Nhân Viên Bán Hàng,NHÂN VIÊN PHỤ TRÁCH KỸ THUẬT- BÓC TÁCH BẢN VẼ,"['kỹ năng bán hàng và tư vấn chuyên nghiệp', 'đàm phán và chốt sales', 'chăm sóc khách hàng sau bán', 'xây dựng mối quan hệ khách hàng', 'kiến thức về sản phẩm viễn thông/điện tử', 'thành thạo tin học văn phòng', 'giải quyết khiếu nại']","- Nam, tốt nghiệp đại học trở lên các chuyên ngành Thiết kế nội thất, Cơ khí chế tạo, Mỹ thuật công nghiệp, Kiến trúc, Xây dựng - Có kinh nghiệm tối thiểu 5 năm trong lĩnh vực gia công cơ khí chính xác, mỹ thuật, thiết kế nội thất… - Khả năng đọc hiểu bản vẽ kỹ thuật, bóc tách bản vẽ, khả năng lập dự toán. - Sử dụng thành thạo tin học văn phòng, phần mềm Autocad, sketchup, Solid.- Ưu tiên ứng viên có khả năng quản lý dự án, kinh nghiệm tổ chức và có khả năng sáng tạo cao.- Ưu tiên đã từng làm việc tại các công ty nội thất, inox",0.637,
89,random,25570,8825,Nhân Viên Bán Hàng,Giám Đốc Kỹ Thuật-Phát Triển Dự Án,"['kỹ năng bán hàng và tư vấn chuyên nghiệp', 'đàm phán và chốt sales', 'chăm sóc khách hàng sau bán', 'xây dựng mối quan hệ khách hàng', 'kiến thức về sản phẩm viễn thông/điện tử', 'thành thạo tin học văn phòng', 'giải quyết khiếu nại']","Trình độ: Tốt nghiệp đại học trở lên chuyên ngành Xây dựng, Kiến trúc, Kinh tế , Luật, Tài chính.Ưu tiên ứng viên có kinh nghiệm làm công ty chủ đầu tư.Kiến thức:- Quản lý thiết kế dự án, kết cấu, cảnh quan, quy hoạch.- Xử lý chi tiết kiến trúc công trình;- Nắm vững Quy chuẩn, tiêu chuẩn thiết kế hiện hành;- Kiến thức về sử dụng vật liệu hoàn thiện công trình thuộc lĩnh vực F&B, khu đô thị, khu nghỉ dưỡng.Kinh nghiệm:- Kinh nghiệm chuyên môn: tối thiểu 3 năm tham gia thiết kế công trình- Kinh nghiệm quản lý: Tối thiểu 1 năm- Có chứng chỉ nghề nghiệp phù hợp với yêu cầu công việcKỹ năng:- Thành thạo về Auto Cad, MS Office (Word, Excel, PowerPoint…), MS project.- Nắm vững các quy phạm pháp luật về Đầu tư xây dựng, kinh doanh BĐS, Luật đấu giá, đấu thầu, các bộ luật liên quan đến đầu tư xây dựng… Nghị định, thông tư và các văn bản hướng dẫn thi hành....do nhà nước ban hành.- Có kiến thức và kinh nghiệm về quản trị dự án.- Thành thạo các quy trình từ khâu lập kế hoạch đến triển khai thực hiện dự án- Có kiến thức trong quản lý dự án, công tác lập kế hoạch và thẩm định dự án- Giao tiếp tiếng Anh chuyên ngành.Các yêu cầu khác:- Hiệu quả, Chính trực, Chuyên nghiệp- Khả năng giao tiếp tốt, tự tin, truyền đạt thông tin rõ ràng. - Khả năng làm việc theo nhóm, tương tác và phối hợp hiệu quả.- Khả năng phán đoán, phân tích, tổng hợp.- Khả năng chịu áp lực tốt trong công việc.- Nắm bắt sự phát triển của công nghệ mới trong lĩnh vực xây dựng- Khả năng phân tích và đánh giá, nghiên cứu và áp dụng công nghệ, vật liệu mới vào thực tế.- Có tầm nhìn chiến lược, nhạy bén trong đầu tư.- Kỹ năng thiết lập quan hệ, giao tiếp, đàm phán, thuyết trình, lập kế hoạch và báo cáo tốt",0.308,
90,medium,9763,12252,Nhân Viên Bán Hàng Thời Trang,[YÊN PHONG] NHÂN VIÊN KINH DOANH_THU NHẬP HẤP DẪN,"['kỹ năng bán hàng chuyên nghiệp', 'tư vấn thời trang', 'xử lý từ chối', 'chăm sóc khách hàng', 'kỹ năng sắp xếp trưng bày', 'thành thạo pos/quản lý kho']","- Tốt nghiệp các trường Cao đẳng, Đại học - Tuổi từ 18 - Có kinh nghiệm về lĩnh vực kinh doanh/ bán hàng, hoặc sale, telesale, chăm sóc khách hàng,... - Giao tiếp tự tin, năng động, yêu thích lĩnh vực kinh doanh - Mong muốn phát triển bản thân, và có tinh thần cầu tiến, tự chủ tài chính trong tương lai - Chăm chỉ, nhiệt tình, có trách nhiệm trong công việc, không ngại khó khăn, thử thách - Có phương tiện chủ động đi lại",0.73,
91,random,9763,2355,Nhân Viên Bán Hàng Thời Trang,Nhân Viên Digital Marketing,"['kỹ năng bán hàng chuyên nghiệp', 'tư vấn thời trang', 'xử lý từ chối', 'chăm sóc khách hàng', 'kỹ năng sắp xếp trưng bày', 'thành thạo pos/quản lý kho']","- Tốt nghiệp Cao đẳng/Đại học chuyên ngành quản trị kinh doanh, Marketing & các ngành liên quan.- Có kỹ năng giao tiếp, đàm phán. - Năng động",0.317,
92,medium,25658,14256,Nhân Viên Trạm,GIÁM SÁT THI CÔNG - ĐƯỜNG ỐNG THIẾT BỊ,"['kiểm soát hàng hóa/vật tư', 'giao tiếp khách hàng (tại trạm)', 'giải quyết vấn đề cơ bản', 'quản lý chứng từ', 'sử dụng thiết bị tại trạm (máy bơm, Cân...)']","Trình độ chuyên môn - Tốt nghiệp Cao Đẳng, Đại học chuyên ngành cơ khí, chế tạo máy, ô tô, động lực, tài biển, dầu khí, thiết bị công nghiệp, thiết bị thực phẩm. - Trình độ vi tính: Sử dụng được các phần mềm thiết kế Kỹ thuật Autocad, Solidwork. - Trình độ Tiếng Anh: Có thể đọc hiểu tài liệu chuyên ngànhKỹ năng, kinh nghiệm làm việc - Đã có từ 02 năm kinh nghiệm trong lĩnh vực giám sát, thiết kế, thi công bồn bể, kết cấu công trình và hệ thống đường ống trong nhà máy thực phẩm , hóa chất, dược phẩm, bia hoặc sinh viên mới ra trường sẽ được đào tạo từ đầu. - Đọc hiểu bản vẽ kỹ thuật - Có tinh thần trách nhiệm, ham học hỏi.Yêu cầu khác - Giới tính: Ưu tiên Nam - Có thể làm việc tại công trình theo yêu cầu của công ty.",0.567,
93,random,25658,6044,Nhân Viên Trạm,Sales Executive B2B,"['kiểm soát hàng hóa/vật tư', 'giao tiếp khách hàng (tại trạm)', 'giải quyết vấn đề cơ bản', 'quản lý chứng từ', 'sử dụng thiết bị tại trạm (máy bơm, Cân...)']","Tốt nghiệp chuyên ngành Kinh tế, CNTT…Ưu tiên có hiểu biết về các phần mềm liên quan đến chuyển đổi số hóa doanh nghiệpCó kiến thức và kinh nghiệm mảng B2B ngành CNTTKỹ năng thương thảo, thuyết trình. Thích sự năng động, thử thách và muốn có sự bứt phá trong sự nghiệpTiếng Anh thành thạo là 1 lợi thế.",0.373,
94,medium,9269,11061,Khách Hàng Cá Nhân,NHÂN VIÊN CHĂM SÓC KHÁCH HÀNG DOANH NGHỆP,"['giao tiếp và lắng nghe', 'phân tích tài chính cơ bản', 'chăm sóc khách hàng', 'tin học văn phòng', 'kỹ năng giải quyết vấn đề']","Độ tuổi: 22 trở lên Thời gian làm việc - Fulltime(08h/ngày). Kinh nghiệm: Ưu tiên ứng viên đã từng tư vấn bán hàng online/Có kinh nghiệm chăm sóc khách hàng/Có kinh nghiệm làm telesales. -Kinh nghiệm : tư vấn, chăm sóc khách hàng, telesale, kinh doanh... - Giọng nói dễ nghe, không ngọng. - Khả năng giao tiếp tốt. - Yêu cầu khác : Không",0.523,
95,random,9269,8784,Khách Hàng Cá Nhân,Dược Sĩ Bán Thuốc,"['giao tiếp và lắng nghe', 'phân tích tài chính cơ bản', 'chăm sóc khách hàng', 'tin học văn phòng', 'kỹ năng giải quyết vấn đề']",THỜI GIAN LÀM VIỆCCa cố định:Ca 1 : 06h00 - 14h00Ca 2 : 14:00 – 22:0001 TUẦN CÓ 01 NGÀY OFF (HẠN CHẾ OFF NGÀY CUỐI TUẦN T7 VÀ CHỦ NHẬT)YÊU CẦU CÔNG VIỆC- Tốt nghiệp Trung cấp chuyên ngành Dược trở lên.- Có kinh nghiệm và khả năng đứng bán thuốc độc lập.,0.306,
96,medium,6509,14518,Nhân Viên Văn Phòng,NHÂN VIÊN BÀO CHẾ R D - KHU VỰC LONG AN,"['quản lý hồ sơ và tài liệu', 'soạn thảo văn bản', 'sắp xếp lịch trình và cuộc họp', 'kỹ năng giao tiếp nội bộ', 'thành thạo microsoft office suite', 'làm việc độc lập và nhóm']","-Tốt nghiệp cao đẳng trở lên các ngành hóa học, sinh học, y dược. -Có ít nhất 2 năm kinh nghiệm trong lĩnh vực liên quan. -Có kiến thức trong lĩnh vực hóa sinh-Giới tính: Nữ-Thành thạo tin học văn phòng-Có khả năng làm việc độc lập và nhóm tốt. -Thành thạo tin học văn phòng-Kỹ năng giao tiếp tốt, có khả năng giải quyết vấn đề.",0.56,
97,random,6509,556,Nhân Viên Văn Phòng,Chuyên Gia Quản Trị Dữ Liệu - MSB Df - Dxa - 1M352,"['quản lý hồ sơ và tài liệu', 'soạn thảo văn bản', 'sắp xếp lịch trình và cuộc họp', 'kỹ năng giao tiếp nội bộ', 'thành thạo microsoft office suite', 'làm việc độc lập và nhóm']","Bằng thạc sĩ với kinh nghiệm am hiểu về quản lý dữ liệu trong thực tếÍt nhất 4 năm kinh nghiệm làm việc với các hệ thống quản trị cơ sở dữ liệu (e.g. Oracle, MySQL, MS SQLServer)Ít nhất 4 năm kinh nghiệm với lĩnh vực ngân hàng hoặc có hiểu biết sâu rộng về mô hình kinh doanh & kiến trúc dữ liệu ngân hàng2 năm kinh nghiệm về triển khai khung quản lý dữ liệu, bao gồm dữ liệu chuẩn, dữ liệu tham chiếu, siêu dữ liệu, kiến trúc dữ liệu, quản trị dữ liệu & chất lượng dữ liệu với các công cụ hiện đại như: Informatica DQ, Collibra…Sử dụng tiếng Anh thành thạoHiểu rõ nguyên lý làm việc Agilevà thực hành theo khung Scrum",0.234,
98,high,16466,8319,Kỹ Thuật Viên Ô Tô,Chuyên Viên Kế Toán Nội Bộ,"['sử dụng các thiết bị chẩn đoán lỗi', 'sửa chữa, Bảo dưỡng động cơ', 'kiến thức về hệ thống điện - điện tử trên ô tô', 'đọc hiểu tài liệu kỹ thuật', 'làm việc nhóm và tuân thủ quy trình an toàn']","Về chuyên môn• Tốt nghiệp các trường đại học/cao đẳng chính quy chuyên ngành Kế toán, Tài chính;• Có từ 2 năm kinh nghiệm; • Nắm rõ về Luật Doanh nghiệp, Thuế và các quy trình kế toán; • Thành thạo kỹ năng sử dụng các phần mềm: Excel; Words, Misa…Yêu cầu khác• Là nữ, sinh năm từ 1998-1993;• Có khả năng làm việc độc lâp, năng động, nhiệt tình, linh hoạt; • Có khả năng học hỏi cao;• Thật thà, trung thực, trách nhiệm, công bằng, tư duy logic; • Sẵn sàng học hỏi, có ý chí cầu tiền.",0.838,
99,medium,16466,13504,Kỹ Thuật Viên Ô Tô,TUYỂN NV.AN NINH NỘI BỘ NGÂN HÀNG. Lh: 0989.363.829,"['sử dụng các thiết bị chẩn đoán lỗi', 'sửa chữa, Bảo dưỡng động cơ', 'kiến thức về hệ thống điện - điện tử trên ô tô', 'đọc hiểu tài liệu kỹ thuật', 'làm việc nhóm và tuân thủ quy trình an toàn']","1. Nam giới, tuổi từ 18 – 50 Chiều cao: 1,60 m trở lên Cân nặng: 50kg trở lên. 2. Học vấn: THCS trở lên. 3. Không mắc các bệnh truyền nhiễm, không dị tật, săm trổ. 4. Không có tiền án, tiền sự. 5. Ưu tiên: Các cá nhân đã hoàn thành nghĩa vụ quân sư, có bằng cấp, chứng chỉ vệ sỹ, biết ngoại ngữ. LIÊN HỆ NỘP HỒ SƠ: Mr Nam - Phòng Nhân sự: *********",0.623,
100,random,16466,5008,Kỹ Thuật Viên Ô Tô,Trưởng Nhóm Sáng Tạo Nội Dung - Ngành Thẩm Mỹ (Lương Cứng 20-25 Triệu),"['sử dụng các thiết bị chẩn đoán lỗi', 'sửa chữa, Bảo dưỡng động cơ', 'kiến thức về hệ thống điện - điện tử trên ô tô', 'đọc hiểu tài liệu kỹ thuật', 'làm việc nhóm và tuân thủ quy trình an toàn']","Tốt nghiệp chuyên ngành Báo chí, truyền thông, PR, Marketing hoặc các ngành liên quan.Có khả năng sản xuất đa dạng nội dung: Kịch bản video, content viral, content quảng cáo.Ưu tiên ứng viên có KN từ 1 - 3 năm vị trí Trợ lý MKT, Digital MKT, content MKT, trong đó từ 1,5 năm trở lên kinh nghiệm quản lý đội nhóm...Có nhiều ý tưởng sáng tạo nội dung phát triển nhóm dịch vụ, ưu tiên mảng nha khoa - thẩm mỹ.Có khả năng định hướng và viết bài tốt, training và leader đội nhóm tốt.Kỹ năng làm việc nhóm & khả năng lắng nghe tốt.Kỹ năng tổ chức, điều phối sắp xếp công việc, cover cùng lúc nhiều đầu việc.Kỹ năng làm việc chi tiết, khả năng chuyển đổi từ ý tưởng thành sản phẩm thực tế, giải quyết dứt điểm công việc.",0.358,
101,high,34074,14043,Nhân Viên Marketing,Nhân viên Telesales (Cho vay tiền mặt),"['nghiên cứu thị trường', 'sáng tạo nội dung', 'quản lý mạng xã hội', 'phân tích dữ liệu cơ bản', 'tin học văn phòng', 'tiếng anh giao tiếp']","Tốt nghiệp THPT trở lên; Có kinh nghiệm làm việc trong lĩnh vực bán hàng, kinh doanh, marketing, tiếp thị, chăm sóc khách hàng (sẽ được ưu tiên); Sử dụng được Tin học văn phòng; Kỹ năng giao tiếp, thuyết phục tốt; Có kỹ năng tổ chức, sắp xếp công việc; Có kỹ năng giải quyết vấn đề; Có khả năng làm việc dưới áp lực cao.",0.892,
102,medium,34074,2120,Nhân Viên Marketing,Thực Tập Sinh Kinh Doanh,"['nghiên cứu thị trường', 'sáng tạo nội dung', 'quản lý mạng xã hội', 'phân tích dữ liệu cơ bản', 'tin học văn phòng', 'tiếng anh giao tiếp']","-Thành thạo tin học văn phòng-Có khả năng giao tiếp tốt-Có laptop cá nhân-Năng động, có trách nhiệm trong công việc",0.675,
103,random,34074,12378,Nhân Viên Marketing,Thời Vụ Tham Dự Hội Nghị,"['nghiên cứu thị trường', 'sáng tạo nội dung', 'quản lý mạng xã hội', 'phân tích dữ liệu cơ bản', 'tin học văn phòng', 'tiếng anh giao tiếp']","Có nhà TP.HCM, Thuê nhà, cởi mở, thích giao tiếp với mọi người . Uy tín, Sức khỏe bình thường không bị dị tật",0.239,
104,medium,36957,11883,Giáo Viên Tiếng Nhật Online,Chăm sóc khách hàng,"['tiếng nhật (jlpt n2)', 'kỹ năng giảng dạy online', 'soạn giáo án điện tử', 'sử dụng các nền tảng học trực tuyến (zoom, Google meet)', 'tổ chức lớp học tương tác', 'giao tiếp hiệu quả', 'kiên nhẫn và tận tâm']","Yêu cầu ứng viên 22t trở lênGiao tiếp hiệu quả, biết lắng nghe, có khả năng xử lý tình huống khéo léo, linh hoạt Kiên trì, chịu khó, có trách nhiệm trong công việc Có tinh thần hợp tác & làm việc trong nhóm Thích ứng nhanh với môi trường và công việc mới",0.514,
105,random,36957,5178,Giáo Viên Tiếng Nhật Online,Business Analyst (Chuyên Viên Phân Tích Nghiệp Vụ),"['tiếng nhật (jlpt n2)', 'kỹ năng giảng dạy online', 'soạn giáo án điện tử', 'sử dụng các nền tảng học trực tuyến (zoom, Google meet)', 'tổ chức lớp học tương tác', 'giao tiếp hiệu quả', 'kiên nhẫn và tận tâm']","Your Skills and ExperienceBachelor’s degree At least 1 - 3 years’ experience in business analysis, system implementation or system integrationExperience in software development processes and technical is an advantageExcellent in using Microsoft Office. Experience in programming/software development is an advantageStrong analytical skills and business mindset, well-organized. Good at Project Management and customer service skills. Excellent interpersonal, teamwork and communications skills. Good communication skills in English.",0.13,
106,high,28417,8033,lập trình viên,Lập Trình Viên Serverside/Backend,"['lập trình python (cơ bản)', 'html, Css, Javascript (cơ bản)', 'kiến thức về cấu trúc dữ liệu và giải thuật', 'sử dụng git/github', 'tư duy logic và giải quyết vấn đề', 'khả năng học hỏi công nghệ mới nhanh chóng']"," Kỹ sư CNTT/ĐTVT, hệ chính quy, dưới 35 tuổi Có chứng chỉ B/Toeic 450 trở lên hoặc tương đương. Thành thạo một trong các ngôn ngữ lập trình Java, Golang, Nodejs, PHP… Thành thạo một trong các công nghệ: Webservices (SOAP/RESTful), Websocket, Hibernate, JPA, HTML5/CSS3, Spring MVC, Struts… Có kinh nghiệm làm việc với các hệ quản trị cơ sở dữ liệu SQL, NoSQL Có kinh nghiệm sử dụng Github Kiến thức về lập trình và thiết kế hướng đối tượng (OOP) Kiến thức về cấu trúc dữ liệu & giải thuật, design patterns Kiến thức về quy trình phát triển phần mềm Tư duy tốt, có khả năng nghiên cứu, đánh giá và cập nhật công nghệ mới",0.894,
107,medium,28417,1402,lập trình viên,Python Odoo Developer (Từ 2 Năm Kinh Nghiệm),"['lập trình python (cơ bản)', 'html, Css, Javascript (cơ bản)', 'kiến thức về cấu trúc dữ liệu và giải thuật', 'sử dụng git/github', 'tư duy logic và giải quyết vấn đề', 'khả năng học hỏi công nghệ mới nhanh chóng']","- Có kinh nghiệm lập trình Python/Odoo ít nhất trên 2 năm.- Tư duy lập trình, logic tốt.- Cẩn thận, có trách nhiệm, đảm bảo chất lượng công việc.- Có kinh nghiệm lập trình python, sử dụng thành thạo Odoo và một trong các framework như Flask, Django,…- Có kinh nghiệm làm việc trên hệ điều hành Linux(Ubuntu), Window…- Có kiến thức lập trình OOP, design pattern.- Có hiểu biết cơ bản về cơ sở dữ liệu và hệ thống: MySQL, MongoDB hay PostgreSQL – Biết sử dụng công cụ quản lý mã nguồn: Git, Jira, SVN…- Biết tiếng Nhật là một lợi thế.",0.534,
108,random,28417,7105,lập trình viên,Nhân Viên Phát Triển Nghệ Sĩ Và Sản Phẩm (A&R),"['lập trình python (cơ bản)', 'html, Css, Javascript (cơ bản)', 'kiến thức về cấu trúc dữ liệu và giải thuật', 'sử dụng git/github', 'tư duy logic và giải quyết vấn đề', 'khả năng học hỏi công nghệ mới nhanh chóng']","Có kiến thức về sản xuất âm nhạc và hiểu biết tốt về thị trường âm nhạc quốc tế và Việt Nam. Có khả năng phân tích và thẩm định các tác phẩm âm nhạc thuộc nhiều thể loại.Có network tốt với các producer/artists nước ngoài là một lợi thế.Ưu tiên ứng viên có kinh nghiệm làm việc trong lĩnh vực nghệ thuật, giải trí, truyền thông.Yêu thích và hiểu biết về văn hoá quốc tế.Khả năng giao tiếp tốt, biết cách xây dựng và phát triển mối quan hệ tốt với các đối tác.Khả năng nghiên cứu, phân tích giải quyết vấn đề tốt.Tiếng Anh tốt",0.389,
109,random,4733,10458,Quản Lý,NHÂN VIÊN MARKETING,"['lãnh đạo và phát triển đội nhóm', 'hoạch định chiến lược kinh doanh', 'đàm phán và thương lượng cấp cao', 'quản lý ngân sách và p&l', 'phân tích thị trường']","- Ưu tiên có kinh nghiệm về Marketing - Có kỹ năng điều phối và quản lý công việc - Sáng tạo, có khả năng làm việc độc lập và theo nhóm - Trung thực, năng động và sáng tạo trong công việc - Sử dụng tốt tin học văn phòng",0.319,
110,medium,2303,6680,Cv Chăm Sóc Khách Hàng,Nhân Viên Lễ Tân - Khách Sạn 3 Sao Hà Nội,"['kỹ năng lắng nghe và thấu hiểu', 'giao tiếp qua điện thoại và email', 'xử lý tình huống và giải quyết khiếu nại', 'giọng nói rõ ràng, Dễ nghe', 'sử dụng phần mềm crm cơ bản']","Tiếng anh giao tiếp cơ bản Nhiệt tình, cời mở , thân thiệnCó tinh thần lắng nghe, học hỏiHọc đúng chuyên ngành là một lợi thế",0.677,
111,random,2303,1906,Cv Chăm Sóc Khách Hàng,Nhân Viên Kế Toán Tổng Hợp (Trên 06 Tháng Kinh Nghiệm),"['kỹ năng lắng nghe và thấu hiểu', 'giao tiếp qua điện thoại và email', 'xử lý tình huống và giải quyết khiếu nại', 'giọng nói rõ ràng, Dễ nghe', 'sử dụng phần mềm crm cơ bản']","- Tuổi từ 22 tuổi trở lên- Tốt nghiệp cao đẳng trở lên chuyên ngành Kế toán, Tài chính.- Am hiểu chế độ kế toán, chuẩn mực kế toán và các văn bản pháp luật liên quan.- Am hiểu các bộ luật, nghị định, thông tư hướng dẫn về thuế.- Sử dụng thành thạo các ứng dụng tin học văn phòng.- Cẩn thận, hoà đồng, nhiệt tình.",0.184,
112,medium,30018,1784,"Nhân Viên Tư Vấn, Nhân Viên Kinh Doanh, Nhân Viên Chăm Sóc Khách Hàng,..",Nhân Viên Sales,"['giao tiếp linh hoạt và ứng xử khéo léo', 'khả năng lắng nghe và thấu hiểu nhu cầu', 'nhiệt tình và kiên nhẫn trong phục vụ khách hàng', 'tinh thần học hỏi và cầu tiến', 'sử dụng cơ bản các công cụ văn phòng', 'khả năng làm việc nhóm']","• KHÔNG YÊU CẦU KINH NGHIỆM• Nhiệt tình, năng động, độc lập, nhạy bén.• Có khả năng làm việc nhóm• Có thể làm việc tại nhà • Có tinh thân fhọc hỏi thực chiến chịu áp lực công việc• Tuổi từ 19-29",0.548,
113,random,30018,820,"Nhân Viên Tư Vấn, Nhân Viên Kinh Doanh, Nhân Viên Chăm Sóc Khách Hàng,..",Nhân Viên Thẩm Định Thực Địa Tại Hà Tĩnh,"['giao tiếp linh hoạt và ứng xử khéo léo', 'khả năng lắng nghe và thấu hiểu nhu cầu', 'nhiệt tình và kiên nhẫn trong phục vụ khách hàng', 'tinh thần học hỏi và cầu tiến', 'sử dụng cơ bản các công cụ văn phòng', 'khả năng làm việc nhóm']","- Không yêu cầu kinh nghiệm- Trung thực, nhanh nhẹn, am hiểu đường xá tại địa bàn- Khả năng giao tiếp, xử lý tình huống tốt- Thích công việc di chuyển ngoài thị trường",0.176,
114,high,21191,1272,Kế Toán,"Kế Toán Tổng Hợp Tại Đống Đa, Hà Nội","['kế toán tổng hợp', 'sử dụng phần mềm misa/fast', 'quyết toán thuế', 'báo cáo tài chính', 'phân tích số liệu', 'tin học văn phòng (excel, Word)']","Thực hiện công việc kế toán tổng hợpKê khai thuế định kỳ, lập Báo cáo tài chính và quyết toán thuế năm, hoàn thiện sổ sách kế toán cuối năm;Quản lý các khoản phải thu, phải trả, và các giao dịch thu - chi tiền mặt, ngân hàng...Làm việc với các cơ quan chức năng của nhà nước như: thuế, bảo hiểm, ngân hàng...Hỗ trợ các vấn đề thuế và kế toán cho khách hàng.Thực hiện các công việc khác theo yêu cầu của cấp trên.",0.938,
115,medium,21191,7546,Kế Toán,Nhân Viên Kinh Doanh Gt (Gia Dụng),"['kế toán tổng hợp', 'sử dụng phần mềm misa/fast', 'quyết toán thuế', 'báo cáo tài chính', 'phân tích số liệu', 'tin học văn phòng (excel, Word)']","Nam/Nữ tốt nghiệp Cao đẳng/Đại học Có 2-3 năm kinh nghiệm bán hàng/kinh doanh phân phối kênh truyền thống các sản phẩm điện lạnh, điện máy, đồ gia dụng...Có mối quan hệ và biết cách làm việc với Nhà phân phối/Đại lý Xử lý vấn đề nhanh và hài hòa giữa quy định công ty và khách hàngGiao tiếp tốt, chủ động trong công việc, nhanh nhẹn.Khả năng chịu áp lực công việc tốtKỹ năng tin học văn phòng (Excel, Word)",0.64,
116,random,21191,13153,Kế Toán,[TOPS MARKET THẢO ĐIỀN] - NHÂN VIÊN HỖ TRỢ DVKH,"['kế toán tổng hợp', 'sử dụng phần mềm misa/fast', 'quyết toán thuế', 'báo cáo tài chính', 'phân tích số liệu', 'tin học văn phòng (excel, Word)']",Kỹ năng mềm - Giao tiếp - Giải quyết tình huống - Làm việc nhóm,0.323,
117,high,7939,13206,Thực Tập Sinh,[HẢI PHÒNG] GIÁM ĐỐC SIÊU THỊ,"['tinh thần học hỏi và cầu tiến', 'thái độ phục vụ chuyên nghiệp', 'kỹ năng giao tiếp cơ bản', 'làm việc nhóm', 'sử dụng tin học văn phòng', 'tiếng anh giao tiếp cơ bản']","Kiến thức - Kiến thức về thị trường bán lẻ - Kiến thức về gam hàng, giá, sơ đồ trưng bày, vùng khách hàng của siêu thị, quy trình làm việc liên quan, quy định nội bộ và chiến lược thương mại. Kỹ năng chuyên môn: - Khai thác dữ liệu từ phần mềm Gold - Tính toán thương mại Kỹ năng mềm:- Quản lý thời gian, làm việc nhóm, lãnh đạo, giao tiếp, thuyết trình, phân tích, trao quyền Học vấn:- Tốt nghiệp cao đẳng trở lên, chuyên ngành quản trị kinh tế hoặc thương mại,Kinh nghiệm:- Ưu tiên có 5 năm kinh nghiệm ở vị trí tương đương hoặc có bề dày kinh nghiệm tại siêu thị Thái độ: Cẩn thận, chu đáo, trung thực và kín đáo Ngoại ngữ: Ưu tiên tiếng anh giao tiếp Kỹ năng vi tính: Thành thạo tin học văn phòng (Word, excel, powerpoint…)",0.842,
118,medium,7939,9815,Thực Tập Sinh,Telesales Trainer,"['tinh thần học hỏi và cầu tiến', 'thái độ phục vụ chuyên nghiệp', 'kỹ năng giao tiếp cơ bản', 'làm việc nhóm', 'sử dụng tin học văn phòng', 'tiếng anh giao tiếp cơ bản']","Tốt nghiệp cao đẳng trở lên, ưu tiên tốt nghiệp Đại học Sư PhạmCó 2 năm kinh nghệm trở lên ở vị trí tương đương, hoặc Teamleader có kinh nghiệm dày dặn đào tạo đội ngũTiếng Anh giao tiếpKỹ năng giảng dạy, giao tiếp tốtSử dụng tốt các công cụ thiết kế bài giảngƯu tiên ứng viên có kinh nghiệm trong ngành tài chính, ngân hàng",0.511,
119,random,7939,9248,Thực Tập Sinh,Chuyên Viên Thiết Kế - Designer,"['tinh thần học hỏi và cầu tiến', 'thái độ phục vụ chuyên nghiệp', 'kỹ năng giao tiếp cơ bản', 'làm việc nhóm', 'sử dụng tin học văn phòng', 'tiếng anh giao tiếp cơ bản']","– Tốt nghiệp Đại học, Cao đẳng chuyển ngành thiết kế, thiết kế đồ họa hoăc các chuyên ngành liên quan. – Có ít nhất 1 năm kinh nghiệm ở vị trí tương đương – Thành thạo trong các phầm mềm thiết kế: Photoshop, Illustrator, corel. – Chăm chỉ, sáng tạo và có trách nhiệm trong công việc-Có kiến thức về in ấn là lợi thế",0.144,
120,medium,28933,7792,Biên Tập Viên Kịch Bản Lồng Tiếng,Chuyên Viên Kinh Doanh Hàng Air,"['biên tập kịch bản', 'thẩm định nội dung', 'viết sáng tạo', 'quản lý dự án', 'kỹ năng giao tiếp', 'tiếng anh lưu loát']","Tốt nghiệp đại học, chuyên ngành liên quan đến lĩnh vực vận tải, Logistics. Tiếng Anh bằng TOIEC tối thiểu 650 điểm trở lên hoặc chứng chỉ tương đương. Tiếng Anh giao tiếp và tiếng anh chuyên ngành khá.Tối thiểu 2 năm kinh nghiệm thực tế liên quan đến nhóm khách hàng, đối tác hàng air. Có kỹ năng giao tiếp, thuyết phục, đàm phán tốt.",0.555,
121,random,28933,3487,Biên Tập Viên Kịch Bản Lồng Tiếng,Giám Sát Cửa Hàng,"['biên tập kịch bản', 'thẩm định nội dung', 'viết sáng tạo', 'quản lý dự án', 'kỹ năng giao tiếp', 'tiếng anh lưu loát']","Có kinh nghiệm làm việc trong lĩnh vực nhà hàng, cửa hàng, tối thiểu vị trí tổ trưởng hoặc ít nhất 1 năm vị trí phục vụCó tố chất và khả năng kiểm soát nhân sựTư duy logic tốt, giải quyết vấn đềCó tinh thần cầu tiến và ham học hỏiCó khả năng chịu áp lựcCó thể làm được các ngày lễ, tết, thứ 7, Chủ nhật",0.269,
122,random,3063,5703,Nhân Viên Thiết Bị,Chuyên Viên Nhân Sự,"['bảo trì thiết bị điện', 'đọc hiểu bản vẽ kỹ thuật', 'lắp đặt hệ thống điện công nghiệp', 'sửa chữa bo mạch điện tử', 'an toàn lao động']","Tốt nghiệp đại học chuyên ngành quản trị nhân sự hoặc các ngành học có liên quanCó kinh nghiệm 1 năm làm việc tại vị trí tương tự.Kỹ năng giao tiếp tốt, kỹ năng thuyết phục và truyền cảm hứng.Nữ độ tuổi từ 24-30 tuổi.Nhanh nhẹn, hòa đồng, thích nghi nhanh với môi trường làm việc.Cẩn thận, siêng năng, có trách nhiệm trong công việc, biết lắng nghe học hỏiChịu được áp lực công việc.Sử dụng laptop cá nhân để làm việc.",0.379,
123,medium,8010,6966,Nhân Viên Lái Xe,Chuyên Viên Hoạch Định Tài Chính - Pruventure With PRUDENTIAL,"['lái xe du lịch (hạng d/e)', 'thông thạo đường xá các tỉnh thành', 'kỹ năng bảo dưỡng xe cơ bản', 'xử lý tình huống khẩn cấp', 'giao tiếp thân thiện', 'tác phong chuyên nghiệp']","- Tuổi từ 24 - 39- Tốt nghiệp Cao Đẳng, Đại Học- Từng là nhân viên kinh doanh/ tư vấn viên với ít nhất từ 1 năm kinh nghiệm trong các ngành: Bảo Hiểm, Tài Chính Ngân Hàng, Bất Động Sản, Du Lịch,...- Định hướng phát triển lâu dài đối với lĩnh vực Bảo hiểm nhân thọ- Kỹ năng giao tiếp, tư vấn thuyết phục khách hàng tốt- Ngoại hình ưa nhìn, tác phong chuyên nghiệp, năng động, nhiệt huyết và tinh thần ham học hỏi, cầu tiến trong sự nghiệp",0.57,
124,random,8010,6357,Nhân Viên Lái Xe,Quản Lý Cửa Hàng - HCM,"['lái xe du lịch (hạng d/e)', 'thông thạo đường xá các tỉnh thành', 'kỹ năng bảo dưỡng xe cơ bản', 'xử lý tình huống khẩn cấp', 'giao tiếp thân thiện', 'tác phong chuyên nghiệp']","Tuổi từ 20 đến 35 (ưu tiên ứng viên sinh năm 1990 đến 2000)Giờ làm việc: Luân phiên 2 ca 7h-16h và 14h-22h (hoặc linh động theo điều động của quản lý)Tốt nghiệp trung cấp trở lên. Tư duy tốt và nhanh nhẹnNgoại hình: ưa nhìn, giọng nói dễ nghe.Cần cù, có trách nhiệm, cẩn thận, tỉ mỉ trong công việc, có thể làm ngoài giờ theo yêu cầu.Tổ chức, sắp xếp công việc, tư duy tốt.",0.236,
125,random,43697,3959,Nhân Viên Telesales,Chuyên Viên Kinh Doanh Kỹ Thuật (Lương Cơ Bản 13 - 16 Triệu/Tháng),"['kỹ năng gọi điện và thuyết phục khách hàng', 'xử lý từ chối hiệu quả', 'giao tiếp chuyên nghiệp', 'kiến thức sản phẩm/dịch vụ', 'quản lý dữ liệu khách hàng (crm)', 'tinh thần cầu tiến và chịu áp lực']","Kinh nghiệm kinh doanh từ 3 năm trở lên, ưu tiên B2BChấp nhận ứng viên chưa có kinh nghiệm ( tốt nghiệp nhành điện, điện tử, tự động hoá)sẽ được đào tạo nếu phù hợp.Có tố chất và đam mê bán hàng.Có định hướng làm kinh doanh.Có kỹ năng đàm phán, thuyết trình và thuyết phục.Chủ động và có tinh thần cầu tiến.Khả năng tiếp thu kiến thức mới.Cẩn thận, trung thực và gắn bó lâu dài",0.295,
126,medium,40306,3104,Operation Staff,Trưởng Phòng Kinh Doanh (Mảng F&B),"['kiến thức sâu rộng về vận hành hàng hải, Logistics', 'kỹ năng lập kế hoạch và điều phối', 'khả năng giải quyết vấn đề nhanh chóng', 'sử dụng thành thạo phần mềm quản lý vận tải', 'tiếng anh giao tiếp tốt']","• Tốt nghiệp đại học chuyên ngành Quản trị Kinh doanh, Kinh tế hoặc các chuyên ngành liên quan;• Có tối thiểu 3 năm kinh nghiệm ở vị trí tương đương, có kinh nghiệm phát triển kinh doanh ở các mảng siêu thị, F&B, FMCG, e-commerce, Sale B2B,... là một lợi thế;• Am hiểu về nhiều kênh bán hang (GT, MT, B2B,…);• Am hiểu về thị trường Delivery;• Am hiểu các nghiệp vụ, quy trình bán hàng, các kỹ năng up sale, chốt sale hiệu quả;• Kỹ năng lãnh đạo, tổ chức, sắp xếp công việc;• Khả năng giao tiếp, thuyết phục khách hàng và tiếp cận khách hàng tốt.• Có Tiếng Anh là một lợi thế.",0.715,
127,random,40306,10310,Operation Staff,Công việc làm thêm parttime tại chi nhánh quận Thủ Đức,"['kiến thức sâu rộng về vận hành hàng hải, Logistics', 'kỹ năng lập kế hoạch và điều phối', 'khả năng giải quyết vấn đề nhanh chóng', 'sử dụng thành thạo phần mềm quản lý vận tải', 'tiếng anh giao tiếp tốt']",₋₋₋₋₋₋₋₋₋₋₋₋₋₋₋₋₋₋₋₋₋₋₋₋₋₋₋₋₋₋₋₋ ₋₋₋₋₋₋₋₋₋₋₋₋₋₋₋₋₋₋₋₋₋₋₋₋₋₋₋₋₋₋₋₋,0.166,
128,high,13143,3408,Nhân Viên Sale,Nhân Viên Đại Diện Kinh Doanh - Sales Representative,"['giao tiếp và thuyết trình', 'kỹ năng đàm phán cơ bản', 'xây dựng mối quan hệ', 'quản lý thời gian', 'tin học văn phòng']","• Tốt nghiệp Trung cấp trở lên chuyên ngành kinh doanh, kinh tế hoặc chuyên ngành có liên quan.• Đam mê, yêu thích công việc kinh doanh• Tối thiểu kinh nghiệm sale trên 06 tháng trong lĩnh vực kiến trúc, gia dụng, nội thất, bất động sản, xây dựng, kinh tế, điện máy, kiến trúc, điều hòa,...hoặc lĩnh vực liên quan.• Chăm chỉ, nhiệt tình, thật thà, nhanh nhẹn, có ý chí cầu tiến• Kỹ năng giải quyết vấn đề, thiết lập và duy trì các mối quan hệ.• Kỹ năng giao tiếp và đàm phán• Kỹ năng quản lý thời gian, chủ động trong công việc • Sử dụng thành thạo máy tính, tin học văn phòng.",0.85,
129,medium,13143,5897,Nhân Viên Sale,Nhân Viên Hành Chính Nhân Sự (Không Yêu Cầu Kinh Nghiệm).,"['giao tiếp và thuyết trình', 'kỹ năng đàm phán cơ bản', 'xây dựng mối quan hệ', 'quản lý thời gian', 'tin học văn phòng']","- Nam/ nữ, tốt nghiệp cao đẳng trở lên .- Thành thạo tin học văn phòng, word, excel, powerpoint. - Ưu tiên có trách nhiệm với công việc được giao. - Chịu được áp lực công việc, có laptop",0.531,
130,random,13143,4094,Nhân Viên Sale,Giáo Viên Tiếng Anh Fulltime,"['giao tiếp và thuyết trình', 'kỹ năng đàm phán cơ bản', 'xây dựng mối quan hệ', 'quản lý thời gian', 'tin học văn phòng']","- Tốt nghiệp Sư phạm TA hoặc chuyên ngành TA tương đương- Phát âm chuẩn, thành thạo cả 4 kỹ năng nghe - nói - đọc - viết.- Có Ielts >6,5 hoặc TOEIC: 800 hoặc Chứng chỉ TESSOL, có chứng chỉ sư phạm là lợi thế- Có kinh nghiệm từ 2 năm trở lên dạy đối tượng học sinh Tiểu học & THCS.- Biết cách quản lý lớp học, tổ chức và điều phối các hoạt động trong giờ học- Sẵn sàng hỗ trợ, kèm cặp học sinh ngoài giờ dạy để học sinh đạt kết quả tốt nhất khi tham gia học tập tại trung tâm. - Tính cách : vui vẻ, năng động, nhiệt huyết , kiên nhẫn, yêu trẻ và có mục tiêu phát triển gắn bó lâu dài",0.147,
131,high,13733,2821,Nhân Viên Xử Lý Dữ Liệu Luật,Nhân Viên Giáo Vụ,"['nghiên cứu và tổng hợp thông tin pháp luật', 'sử dụng thành thạo ms office (word, Excel)', 'kỹ năng tổ chức và sắp xếp', 'cẩn thận, Tỉ mỉ và trách nhiệm cao', 'khả năng học hỏi nhanh', 'tiếng anh cơ bản']","1. Thành thạo Tiếng Anh, phát âm chuẩn, chuyên môn tốt2. Tốt nghiệp Đại học các chuyên ngành có liên quan hoặc Du học sinh về nước3. Ưu tiên ứng viên tốt nghiệp chuyên ngành Sư phạm Anh/ Ngôn ngữ Anh4. Yêu thích công việc văn phòng5. Thành thạo trong việc văn phòng “Word- Excel”6. Giao Tiếp ngoại ngữ đủ tốt để làm việc với Giáo Viên Nước Ngoài7. Kiên nhẫn, nhiệt tình và có tinh thần hợp tác cao8. Trung Thực và tỉ mỉ Nhiệt tình, sáng tạo, có tinh thần trách nhiệm và tinh thần tập thể tốt, thân thiện với học viên.",0.84,
132,medium,13733,9296,Nhân Viên Xử Lý Dữ Liệu Luật,Nhân Viên QA Thu Nhập Hấp Dẫn Từ 11 Triệu,"['nghiên cứu và tổng hợp thông tin pháp luật', 'sử dụng thành thạo ms office (word, Excel)', 'kỹ năng tổ chức và sắp xếp', 'cẩn thận, Tỉ mỉ và trách nhiệm cao', 'khả năng học hỏi nhanh', 'tiếng anh cơ bản']","- Tốt nghiệp đại học chuyên ngành Dược hoặc tương đương- Kiến thức thực tế về GPs, ISO- Kiến thức thực tế trong sản xuất, kiểm soát chất lượng dược phẩm, mỹ phẩm- Am hiểu các quy định về pháp luật liên quan đến nghành Dược, thực phẩm bảo về sức khỏe và mỹ phẩm- Tiếng anh: đọc, dịch tốt tài liệu- Thành thạo tin học văn phòng- Trung thực, cận thận, tỉ mỉ, chủ động, có trách nhiệm, có kỹ năng làm việc độc lập và làm việc nhóm, hòa đồng, ham học hỏi.- Có ít nhất 2 năm kinh nghiệm làm QA hoặc làm việc ở vị trí sản xuất. R&D trong các nhà máy đạt GMP. Ưu tiên ưng viên có kinh nghiệm với dạng bào chế nang mềm",0.749,
133,random,13733,4069,Nhân Viên Xử Lý Dữ Liệu Luật,Kế Toán Trưởng Thu Nhập 10-20Tr,"['nghiên cứu và tổng hợp thông tin pháp luật', 'sử dụng thành thạo ms office (word, Excel)', 'kỹ năng tổ chức và sắp xếp', 'cẩn thận, Tỉ mỉ và trách nhiệm cao', 'khả năng học hỏi nhanh', 'tiếng anh cơ bản']","- Tự tin, năng động, cầu tiến và đam mê kinh doanh- Khả năng làm việc theo nhóm, độc lập, chịu được áp lực công việc- Tác phong lịch sự, chuyên nghiệp- Kỹ năng giao tiếp, đàm phán- Có phương tiện đi lại để phục vụ công việc",0.139,
134,medium,36378,1024,"Việc Làm Thêm T7, Cn",Trợ Lý Tổng Giám Đốc,"['kỹ năng giao tiếp', 'thái độ phục vụ khách hàng', 'làm việc nhóm', 'quản lý thời gian', 'tinh thần trách nhiệm', 'khả năng học hỏi nhanh']","- Tốt nghiệp Đại học chuyên ngành Luật, Kinh Tế hoặc tương đương.- Khả năng xử lý nhiều công việc cùng một lúc; Có tầm nhìn chiến lược và kiến thức quản trị nhân sự, quản trị kinh doanh.- Luôn có thái độ làm việc tích cực, chủ động, tâm huyết.- Kỹ năng lập kế hoạch và tổ chức công việc tốt, Kỹ năng giao tiếp, kỹ năng thuyết trình, kỹ năng phân tích và tổng hợp số liệu, kỹ năng làm việc nhóm, và chịu được áp lực trong công việc- Có khả năng làm việc độc lập, kỹ năng quản lý, ham học hỏi, cầu tiến, thân thiện.- Am hiểu kiến thức kinh tế, xã hội chung và các kiến thức liên quan đến hoạt động của Công ty.- Tinh thần trách nhiệm và khả năng làm việc dưới áp lực cao.- Linh hoạt, nhạy bén trong giao tiếp và xử lý vấn đề.- Chủ động và có khả năng làm việc độc lập cao.- Có Laptop- Ưu tiên biết tiếng Nhật",0.607,
135,random,36378,6,"Việc Làm Thêm T7, Cn",Nhân Viên Tư Vấn Online,"['kỹ năng giao tiếp', 'thái độ phục vụ khách hàng', 'làm việc nhóm', 'quản lý thời gian', 'tinh thần trách nhiệm', 'khả năng học hỏi nhanh']","- Chấp nhận ứng viên mới tốt nghiệp hoặc đã tốt nghiệp cao đẳng/đại học liên quan tới các khối ngành kinh tế, muốn tìm kiếm cơ hội trau dồi kinh nghiệm về tư vấn, bán hàng.. - Có khả năng giao tiếp rất tốt.. - Có tính tự giác và chủ động để hoàn thành tốt KPIs.. - Có khả năng chịu áp lực được công việc.. - Có kinh nghiệm tư vấn, bán hàng (online hoặc direct) dưới 1 năm kinh nghiệm.",0.204,
136,medium,1089,1948,Nhân Viên Bán Hàng,Nhân Viên Tư Vấn Bán Hàng Tại Viettelstore Lạch Tray - Thành Phố Hải Phòng,"['kỹ năng tư vấn sản phẩm', 'chốt đơn hàng hiệu quả', 'chăm sóc khách hàng', 'quản lý hàng hóa, Kiểm kê kho', 'ngoại hình sáng, Giao tiếp tự tin']","+ Tuổi từ 18-27. + Ngoại hình cân đối ưa nhìn, nam cao từ 1.65m trở lên, không nói ngọng, nói lắp.. + Nhanh nhẹn, hoạt bát, thân thiện, hòa đồng.. + Kỹ năng giao tiếp, kỹ năng chăm sóc khách hàng tốt.. + Ưu tiên ứng viên có kiến thức hiểu biết về sản phẩm Điện thoại/Laptop",0.679,
137,random,1089,13336,Nhân Viên Bán Hàng,NHÂN VIÊN THU MUA THỰC PHẨM (NGÀNH HÀNG TƯƠI SỐNG ) Có Xe Đưa Đón CBNV,"['kỹ năng tư vấn sản phẩm', 'chốt đơn hàng hiệu quả', 'chăm sóc khách hàng', 'quản lý hàng hóa, Kiểm kê kho', 'ngoại hình sáng, Giao tiếp tự tin']","- 1 năm kinh nghiệm trở lên làm công tác mua hàng thực phẩm (TƯƠI SỐNG) - Ưu tiên ứng viên đã có kinh nghiệm thu mua cho hệ thống siệu thị, nhà hàng (Chấp nhận cả ứng viên có kinh nghiệm làm trưởng ngành/ quản lý ngành hàng tại siêu thị). - Chăm chỉ, nhiệt tình, có trách nhiệm với công việc - Ưu tiên ứng viên đã có kinh nghiệm mua hàng thực phẩm",0.36,
138,medium,5789,6897,Hành Chính - Văn Phòng,Nhân Viên Kinh Doanh,"['quản lý văn thư, Tài liệu', 'soạn thảo văn bản hành chính', 'tổ chức và sắp xếp lịch trình', 'sử dụng thành thạo ms office', 'kỹ năng giao tiếp và giải quyết vấn đề', 'hỗ trợ các sự kiện nội bộ']","Tốt nghiệp Cao đẳng/Đại học chuyên ngành kinh doanh, thương mại, hoặc các ngành nghề liên quan khác.Trung thực, nhanh nhẹn, cẩn thận và có tinh thần trách nhiệm cao.Kĩ năng đàm phán, giải quyết vấn đề tốt.Thành thạo tin học văn phòng (Word, Excel, Powerpoint,...)Khả năng tổ chức tốt, quản lý thời gian để hoàn thành công việc.Tiếng Anh tốt.Làm việc nhóm hiệu quả, và năng động, bền bỉ, chịu được áp lực công việc.Có kiến thức về ngành Sữa, Vitamin hoặc TPCN là 1 lợi thế.",0.608,
139,random,5789,204,Hành Chính - Văn Phòng,Nhân Viên Kho,"['quản lý văn thư, Tài liệu', 'soạn thảo văn bản hành chính', 'tổ chức và sắp xếp lịch trình', 'sử dụng thành thạo ms office', 'kỹ năng giao tiếp và giải quyết vấn đề', 'hỗ trợ các sự kiện nội bộ']","- Nữ, từ 18 - 35 tuổi- Trung thực, chịu khó, chăm chỉ.- Có kinh nghiệm làm kho, thu ngân; hoặc tốt nghiệp trung cấp nghề Kế toán trở lên.- Vi tính và Excel cơ bản.",0.272,
140,medium,15674,10594,Nhân Viên Chăm Sóc Khách Hàng,TUYỂN NHÂN VIÊN CHĂM SÓC KHÁCH HÀNG (10- 15 TRIỆU THÁNG),"['giao tiếp khéo léo, Giọng nói dễ nghe', 'kiên nhẫn và thấu cảm', 'kỹ năng xử lý tình huống', 'đánh máy nhanh', 'sử dụng thành thạo các công cụ văn phòng']","- Không quá 40 tuổi - Yêu thích công việc tư vấn,giọng nói dễ nghe - Có tinh thần ham học tốt, có mục tiêu phấn đấu để thăng tiến, có máu kiếm tiền - Sử dụng vi tính văn phòng.",0.667,
141,random,15674,13332,Nhân Viên Chăm Sóc Khách Hàng,Chuyên Viên Truyền Thông Marketing,"['giao tiếp khéo léo, Giọng nói dễ nghe', 'kiên nhẫn và thấu cảm', 'kỹ năng xử lý tình huống', 'đánh máy nhanh', 'sử dụng thành thạo các công cụ văn phòng']","1. Trình độ học vấn/chuyên môn, kinh nghiệm: - Có bằng cao đẳng trở lên thuộc lĩnh vực Marketing, quản trị kinh doanh, quản trị hệ thống thông tin quản lý, Quản trị công nghệ thông tin.... Ít nhất 1 năm kinh nghiệm ở vị trí truyền thông Marketing. - Trình độ công nghệ thông tin đảm bảo phục vụ công việc được giao. 2. Kỹ năng, Phẩm chất cá nhân: - Kỹ năng giao tiếp tốt; Kỹ năng xử lý các tình huống, năng động, chịu khó update, học hỏi các xu hướng thị trường. - Kỹ năng viết content. - Có kỹ năng làm việc độc lập và teamwork; Sẵn sàng với cường độ công việc cao. - Trung thực, nhanh nhẹn; Khéo léo và tế nhị trong giao tiếp.",0.11,
142,random,13515,8143,Kỹ thuật viên sửa chữa bảng mạch,Giao Dịch Viên,"['sửa chữa bảng mạch', 'hàn linh kiện smd/dip', 'phân tích mạch điện', 'sử dụng máy đo (oscope, Multimeter)', 'kiểm tra chất lượng', 'giải quyết vấn đề kỹ thuật']","• Có khả năng giao tiếp tốt, có tính kiên trì.• Có tinh thần học hỏi và biết lắng nghe, đam mê và nhiệt huyết trong công việc.• Ưu tiên các ứng viên có kinh nghiệm trong ngành tài chính – chứng khoán.",0.391,
143,high,8414,3267,Nhân Viên Kế Toán(đang Tìm Việc),Nhân Viên Kế Toán Thuế Thu Nhập Từ 15 - 20M Làm Việc Tại Tây Hồ,"['kế toán tổng hợp', 'phần mềm kế toán (misa, Fast accounting)', 'lập báo cáo tài chính', 'kế toán thuế', 'kiểm soát chi phí', 'microsoft excel thành thạo']","Kinh nghiệm 1 năm trờ lên Am hiểu về luật thuế: thu nhập doanh nghiệp, thu nhập cá nhân,...Lập báo cáo tài chính, soát xét hồ sơ.Có kinh nghiệm quyết toán thuế tại các đơn vị trước đây.Tốt nghiệp đại học chuyên ngành tài chính kế toánCó kinh nghiệm làm trong ngành thương mại điện tử là một lợi thế.",0.913,
144,medium,8414,4397,Nhân Viên Kế Toán(đang Tìm Việc),Trưởng Nhóm Phân Tích Nghiệp Vụ (Ba Leader),"['kế toán tổng hợp', 'phần mềm kế toán (misa, Fast accounting)', 'lập báo cáo tài chính', 'kế toán thuế', 'kiểm soát chi phí', 'microsoft excel thành thạo']","Tốt nghiệp Đại học các chuyên ngành Kinh tế, Tài chính.Hiểu biết về nghiệp vụ Kinh tế như Kế toán Tài chính, Kế toán Ngân sách, Hành chính công.Hiểu biết về lĩnh vực hoạt động của khách hàng, nhu cầu của khách hàng.Làm việc độc lập, giao tiếp tốt, làm việc nhóm và giải quyết vấn đềTối thiểu 5 năm làm Phân tích nghiệp vụ, ưu tiên trong lĩnh vực ngân hàng, tài chính, bảo hiểm",0.509,
145,random,8414,4767,Nhân Viên Kế Toán(đang Tìm Việc),Nhân Viên Chăm Sóc Khách Hàng (Part-Time/Full - Time),"['kế toán tổng hợp', 'phần mềm kế toán (misa, Fast accounting)', 'lập báo cáo tài chính', 'kế toán thuế', 'kiểm soát chi phí', 'microsoft excel thành thạo']","- Tốt nghiệp từ trung cấp trở lên.- Chịu khó, kiên trì, yêu thích công việc. Muốn gắn bó lâu dài.- Sử dụng được tin học văn phòng Word, Exel.",0.238,
146,medium,36445,1455,Nội dung bán thời gian,Trợ Lý Kinh Doanh Kiêm Chăm Sóc Khách Hàng,"['viết bài chuẩn seo cơ bản', 'sáng tạo nội dung', 'quản lý mạng xã hội (facebook, Instagram)', 'tìm kiếm và tổng hợp thông tin', 'chỉnh sửa ảnh cơ bản (canva)', 'thái độ học hỏi nhanh', 'kỹ năng giao tiếp']","1. Bắt buộc: - Theo học năm thứ ba trở lên hoặc đã tốt nghiệp đại học, cao đẳng chuyên ngành thuộc các nhóm ngành kinh tế, công nghệ thông tin hoặc tương đương. - Có kỹ năng mở và theo dõi bug: mô tả lỗi rõ ràng, mạch lạc, theo dõi lỗi và cung cấp thông tin log kịp thời để fix lỗi. - Định hướng sự nghiệp theo công việc kinh doanh. 2. Điểm cộng: - Có hiểu biết về quy trình phát triển sản phẩm, có khả năng sử dụng các công vụ quản lý lỗi. - Có khả năng phân tích, theo dõi công việc hoàn thành đúng tiến độ, đáp ứng lịch trình dự án. - Giọng nói rõ ràng dễ nghe, kỹ năng giao tiếp tốt, vui vẻ và thân thiện.",0.648,
147,random,36445,4462,Nội dung bán thời gian,Trưởng Nhóm Dự Toán Mep,"['viết bài chuẩn seo cơ bản', 'sáng tạo nội dung', 'quản lý mạng xã hội (facebook, Instagram)', 'tìm kiếm và tổng hợp thông tin', 'chỉnh sửa ảnh cơ bản (canva)', 'thái độ học hỏi nhanh', 'kỹ năng giao tiếp']","1,Học vấn, trình độ chuyên môn Tốt nghiệp Đại học trở lên, chuyên ngành điện/nhiệt lạnh/ tự động hóa.2, Kinh nghiệm làm việc (số năm kinhnghiệm, lĩnh vực) Kinh nghiệm 05-08 năm làm chuyên môn quản lý chi phí xây dựng phần MEP và 02 năm làm ở vị trí tương đương.3, Kiến thức, Kỹ năng, thái độ/tố chấtTố chất cần thiết cho công việc- Cẩn thận, chăm chỉ, có trách nhiệm trong công việc, chịu được áplực công việc- Có khả năng phối hợp, giao tiếp tốt với đồng nghiệp.- Có kỹ năng làm việc theo nhóm và độc lập.- Linh hoạt và thích nghi- Khả năng học hỏi và cập nhậtKiến thức chuyên môn- Tổ chức, quản lý công việc hiệu quả- Nắm vững suất đầu tư thực tế thi công xây dựng cho các loại hình công trình- Hiểu biết về giá các loại vật tư thiết bị trong xây dựng- Có khả năng xem xét đánh giá giá trị dự toán/ngân sách các hệ MEP.Kỹ năng thiết yếu cho công việc- Kỹ năng quản lý tốt, nhạy bén, quyết tâm, trung thực trong công việc.- Có kĩ năng trình bày báo cáo & viết báo cáo tốt. Ngoại ngữTin học Sử dụng thành thạo các phần mềm excel, acard, word…4, Tiêu chuẩn khác - Tuân thủ kỷ luật.Tuyển dụng này tuân thủ chính sách công bằng và không phân biệt giới tính",0.323,
148,medium,12333,3280,Lập Trình Viên,Lập Trình Viên Rpa (Fresher),"['lập trình hướng đối tượng (oop)', 'ngôn ngữ lập trình: java, Python, Javascript (html, Css)', 'cơ sở dữ liệu: sql (mysql, Postgresql)', 'sử dụng git/github', 'kỹ năng giải quyết vấn đề và tư duy logic', 'tinh thần tự học và làm việc nhóm hiệu quả']","• Tốt nghiệp chuyên ngành Công nghệ thông tin, Điện tử viễn thông, Tự động hóa hoặc các chuyên ngành có liên quan về lập trình phát triển ứng dụng các trường đào tạo Cao Đẳng/ Đại học• Có nền tảng kiến thức lập trình tốt với các ngôn ngữ lập trình như: C, VB, Python• Có khả năng sự dụng tốt Database: Sql, Oracle....• Có thái độ cầu tiến, khả năng học hỏi, chủ động, trách nhiệm trong công việc• Tinh thần làm việc theo đội nhóm tốt",0.634,
149,random,12333,12829,Lập Trình Viên,Việc làm thêm parttime quận Thủ Đức xoay ca sinh viên,"['lập trình hướng đối tượng (oop)', 'ngôn ngữ lập trình: java, Python, Javascript (html, Css)', 'cơ sở dữ liệu: sql (mysql, Postgresql)', 'sử dụng git/github', 'kỹ năng giải quyết vấn đề và tư duy logic', 'tinh thần tự học và làm việc nhóm hiệu quả']","- Độ tuổi: 18-25 tuổi ( Nam/nữ ) - Có CMND gốc - Tốt nghiệp THPT - Thái độ tốt, siêng năng, chăm chỉ làm việc",0.22,
150,medium,641,5566,Nhân Viên Lái Xe Nâng Nâng,Nhân Viên Content Marketing (Lương Cơ Bản 9 - 13 Triệu + Thưởng),"['lái xe nâng điện và dầu', 'chứng chỉ lái xe nâng', 'kiểm tra, Bảo dưỡng xe cơ bản', 'sắp xếp hàng hóa khoa học', 'tuân thủ quy định an toàn lao động']","Tốt nghiệp: Đại học chính quy. Có ít nhất 01 năm kinh nghiệm làm việc viết content fanpage. Có kinh nghiệm viết content để chạy quảng cáo, SEO. Có kinh nghiệm triển khai, truyền thông các chương trình khuyến mãi. Yêu thích mỹ phẩm và làm đẹp. Thường xuyên theo dõi các kênh làm đẹp.. Giao tiếp tốt, thông minh, ứng xử nhanh nhẹn. Chịu được áp lực cao. Có khả năng tự sắp xếp và tổ chức công việc. Thành thạo vi tính văn phòng. Có mong muốn được gắn bó lâu dài với công ty. Biết edit ảnh, video cơ bản là lợi thế",0.541,
151,random,641,14297,Nhân Viên Lái Xe Nâng Nâng,Việc làm Partime xoay ca linh hoạt,"['lái xe nâng điện và dầu', 'chứng chỉ lái xe nâng', 'kiểm tra, Bảo dưỡng xe cơ bản', 'sắp xếp hàng hóa khoa học', 'tuân thủ quy định an toàn lao động']","✿ : ▪ BÁN HÀNG SOẠN HÀNG & ĐÓNG GÓI HÀNG cho các đơn hàng khách đặt ▪ Tỉ Mỉ, Cẩn Thận, Nhanh Nhạy Tập Trung đóng hàng Đúng Sản Phẩm & Đúng Số Lượng Khách Đặt. ▪ Trung thực, chăm chỉ, chịu học hỏi.",0.394,
152,medium,24865,10610,Việc Làm Lễ Tân,Nhân viên telesale,"['dịch vụ khách hàng', 'giao tiếp hiệu quả', 'xử lý tình huống', 'sử dụng hệ thống quản lý khách sạn (pms)', 'tiếng anh giao tiếp', 'thân thiện và chuyên nghiệp']","KHÔNG YÊU CẦU KINH NGHIỆM. Nếu có kinh nghiệm về telesales, sale các sản phẩm sữa, bỉm, dược phẩm là một lợi thế - Chăm chỉ, nhanh nhẹn, cầu tiến, năng lực tư duy và xử lý tình huống tốt - Kỹ năng giao tiếp, đàm phán, tốt. Giọng nói dễ nghe, không nói ngọng, nọi giọng địa phương quá khó nghe. - Đam mê kiếm tiền.",0.743,
153,random,24865,14628,Việc Làm Lễ Tân,TUYỂN NHÂN VIÊN DÁN NHÃN DỮ LIỆU HÌNH ẢNH,"['dịch vụ khách hàng', 'giao tiếp hiệu quả', 'xử lý tình huống', 'sử dụng hệ thống quản lý khách sạn (pms)', 'tiếng anh giao tiếp', 'thân thiện và chuyên nghiệp']","▶️: • Có kinh nghiệm dán nhãn dữ liệu hình ảnh 2D là một lợi thế • Không yêu cầu bằng cấp CĐ/ĐH. • Bắt buộc có laptop cá nhân và chuột máy tính. • Chăm chỉ, cẩn thận, tỉ mỉ, có định hướng gắn bó lâu dài. • Không phân biệt nam/ nữ.",0.219,
154,medium,28386,5229,Giáo Viên Cờ Vua,Gia Sư Tiếng Anh Giao Tiếp (Online),"['giảng dạy cờ vua (cơ bản đến nâng cao)', 'phân tích ván đấu', 'kỹ năng sư phạm', 'giao tiếp với trẻ em và phụ huynh', 'tổ chức lớp học', 'kiến thức về chiến thuật, Khai cuộc cờ vua']","Có chứng chỉ tiếng Anh tương đương C1 trở lên:- TOEIC ≥ 850.- IELTS ≥ 7.0.- TOEFL ≥ 94.- Tốt nghiệp (đang chờ bằng) các trường Đại học chuyên ngành ngôn ngữ Anh, sư phạm Tiếng Anh là một lợi thế.Kinh nghiệm: Ưu tiên ứng viên đã từng đi giảng dạy/có kinh nghiệm đào tạo.Kỹ năng:- Khả năng phát âm tốt.- Yêu thích công việc chia sẻ, đào tạo & phát triển con người.- Khả năng giao tiếp tốt và khuyến khích học viên nói tiếng Anh.Thái độ, tố chất:- Tâm huyết, có trách nhiệm với công việc.- Nhanh nhẹn, chủ động.",0.685,
155,random,28386,9480,Giáo Viên Cờ Vua,Middle Python Developer (Remote + Hybrid),"['giảng dạy cờ vua (cơ bản đến nâng cao)', 'phân tích ván đấu', 'kỹ năng sư phạm', 'giao tiếp với trẻ em và phụ huynh', 'tổ chức lớp học', 'kiến thức về chiến thuật, Khai cuộc cờ vua']",Nắm vững kinh nghiệm về ngôn ngữ PythonKhoảng 3 năm kinh nghiệm chuyên sâu với PythonCó tinh thần cộng tác và xây dựng tập thểCó tinh thần tự giác và ý thức làm việc trong quá trình làm việc Flextime và RemoteƯu tiên: Có hiểu biết về AWS và Database: Postgresql,0.275,
156,random,15338,5077,Kế Toán Bán Hàng,Trợ Lý Tiếng Trung,,"- Tốt nghiệp CĐ, ĐH- Thành thạo tiếng Trung- Kỹ năng giao tiếp, thương lượng, đàm phán, thuyết phục tốt- Tự tin, trung thực- Nhanh nhẹn, chủ động trong công việc",0.355,
157,random,30006,10595,Thợ Phụ Cắm Hoa,Nhân viên kinh doanh - Hoạt động lĩnh vực quan trắc môi trường,"['kỹ năng cắm hoa chuyên nghiệp', 'sáng tạo và cảm nhận màu sắc', 'tư vấn thiết kế hoa', 'quản lý vật liệu hoa', 'đào tạo thợ phụ']","Tốt nghiệp ngành quản trị kinh doanh, quản lý môi trường, khoa học môi trường….......",0.351,
158,medium,39905,6296,Giám Sát,Nhân Viên Chăm Sóc Khách Hàng (Customer Support Pod),"['quản lý sản xuất', 'kiểm soát chất lượng', 'an toàn vệ sinh thực phẩm (haccp, Iso)', 'quản lý đội nhóm', 'giải quyết vấn đề']","- Trình độ: Tốt nghiệp trung cấp trở lên, ưu tiên có ít nhất 1 năm kinh nghiệm ở vị trí tương đương- Giọng nói chuẩn, truyển cảm, không ngọng, nói lắp- Cẩn thận, linh hoạt, nhanh nhẹn, giao tiếp tốt, có khả năng giải quyết vấn đề và xử lý tình huống",0.686,
159,random,39905,4388,Giám Sát,Chuyên Gia Nền Tảng Dữ Liệu Phân Tích - MSB Df - Dxa - 1M350,"['quản lý sản xuất', 'kiểm soát chất lượng', 'an toàn vệ sinh thực phẩm (haccp, Iso)', 'quản lý đội nhóm', 'giải quyết vấn đề']","Bằng cử nhân hoặc Thạc sĩ trong các lĩnh vực: Thống kê, Toán, Phân tích định lượng, Khoa học máy tính, Phát triển phần mềm hoặc Công nghệ thông tinÍt nhất 4 năm kinh nghiệm với lĩnh vực ngân hàng hoặc có hiểu biết sâu rộng về mô hình kinh doanh & kiến trúc dữ liệu ngân hàng4+ năm kinh nghiệm liên quan về:- Các hệ thống quản trị cơ sở dữ liệu (e.g. Oracle, MySQL, MS SQLServer)- Các ngôn ngữ lập trình (vd: Python, Scala, Java, Rust, Kotlin)Có kinh nghiệm thiết kế và xây dựng kiến trúc dữ liệu, luồng ETL & kho dữ liệuSử dụng tiếng Anh thành thạoHiểu rõ nguyên lý làm việc Agilevà thực hành theo khung Scrum",0.192,
160,random,23833,4869,Lái Xe Dấu C,Mid-Level IOS Software Developer,"['lái xe tải, Xe khách (hạng c)', 'kiểm tra, Bảo dưỡng xe cơ bản', 'nắm rõ luật giao thông', 'thao tác an toàn', 'giải quyết sự cố nhỏ trên đường', 'lên kế hoạch lộ trình hiệu quả']","Requires a deep understanding of software development on iOS with 2+ years of related work experience. Strong knowledge of Objective-C & iOS FrameworksGood at designing/implementing successful UI for Touch UI.Quick learning, enjoy working in a wide range of technologies.Understanding OOAD and OOP is a requirement.Knowing Reactive programming, NoSQL is a plus.Has experience with integrating external hardware (e.g payment devices, printer) is a big plusSuccessful in the development and submission of any iOS application is a plus.A good team player and enthusiastic about learning new skills/platforms.​ Years of experience: 02+ yearsMinimum career level: Experienced (Non-Manager)Minimum education level: Not requiredComplexity/Supervision:Relies on experience and judgment to accomplish goals.Performs a variety of tasks.A wide degree of creativity and latitude is expectedPreferred language for received applications: English",0.209,
161,medium,41056,6616,Nhân Viên Thiết Kế - Designer,Editor Video (10-15 Triệu),"['thiết kế đồ họa 2d, 3d (photoshop, Illustrator, Indesign, Figma)', 'thiết kế ui/ux', 'dàn trang in ấn và xuất bản', 'chỉnh sửa ảnh và video cơ bản', 'thấu hiểu tâm lý khách hàng và thị trường', 'sáng tạo và tư duy thẩm mỹ', 'quản lý thời gian và deadline']","Yêu thích và muốn học hỏi về YoutubeCó 1 năm kinh nghiệm trở lên ở các vị trí tương đươngỨng viên biết sử dụng các phần mềm thiết kế After Effect, Photoshop, Premiere, IllustratorCó kiến thức về hình ảnh, bố cục và thẩm mỹ tốtKỹ năng làm việc nhóm tốt, chịu được áp lực công việcGửi portfolio kèm CV ứng tuyển",0.598,
162,random,41056,3296,Nhân Viên Thiết Kế - Designer,Nhân Viên Chăm Sóc Khách Hàng,"['thiết kế đồ họa 2d, 3d (photoshop, Illustrator, Indesign, Figma)', 'thiết kế ui/ux', 'dàn trang in ấn và xuất bản', 'chỉnh sửa ảnh và video cơ bản', 'thấu hiểu tâm lý khách hàng và thị trường', 'sáng tạo và tư duy thẩm mỹ', 'quản lý thời gian và deadline']","- Giao tiếp tiếng Anh cơ bản.- Có khả năng tư vấn hỗ trợ khách hàng- Có kỹ năng soạn thảo văn bản, email.- Không nói ngọng, không tiếng địa phương.- Ngoại hình ưa nhìn.",0.253,
163,high,39865,13567,Sinh Viên Mới Ra Trường,Chuyên Viên Tư Vấn Bất Động Sản Lương 40 Triệu Làm Tại Nhà,"['tin học văn phòng (word, Excel, Powerpoint)', 'tìm kiếm và tổng hợp thông tin', 'giao tiếp tốt', 'tinh thần cầu tiến', 'làm việc nhóm', 'sử dụng cơ bản canva']","- Đam mê kinh doanh - Có tinh thần cầu tiến, nhiệt huyết và khát khao đạt thu nhập xứng đáng với năng lực làm việc. - Có khả năng làm việc độc lập, làm việc đội nhóm - Có điện thoại, xe máy, laptop. - Công ty sẵn sàng đào tạo cho các ứng viên chưa có kinh nghiệm.",0.942,
164,medium,39865,3494,Sinh Viên Mới Ra Trường,Nhân Viên Livestream Bán Hàng,"['tin học văn phòng (word, Excel, Powerpoint)', 'tìm kiếm và tổng hợp thông tin', 'giao tiếp tốt', 'tinh thần cầu tiến', 'làm việc nhóm', 'sử dụng cơ bản canva']","- Ưu tiên các bạn nam, nữ độ tuổi: 18-26 tuổi- Ngoại hình ưa nhìn, sáng, thu hút.- Phản xạ giao tiếp tốt.- Ưu tiên các bạn đã có kinh nghiệm livestream brand là 1 lợi thế.",0.709,
165,random,39865,3971,Sinh Viên Mới Ra Trường,"Nhân Viên Kỹ Thuật (Điện, Điện Tử)","['tin học văn phòng (word, Excel, Powerpoint)', 'tìm kiếm và tổng hợp thông tin', 'giao tiếp tốt', 'tinh thần cầu tiến', 'làm việc nhóm', 'sử dụng cơ bản canva']","Giới tính Nam. Độ tuổi: từ 23 đến 35 tuổi. Tốt nghiệp Cao đẳng trở lên chuyên ngành kỹ thuật Cơ điện tử, Điện - điện tử, Tự động hóa. Có kiến thức cơ bản về Điện/ Điện tự. Am hiểu về các thiết bị công nghiệp tự động hóa, hệ thống điều khiển tự động, biết vận hành hệ thống xử lý không khí HVAC. Có thể đọc bảng vẽ kỹ thuật liên quan đến cơ khí, điện, điện tử. Kinh nghiệm: Ít nhất 01 năm kinh nghiệm về điện- tự động hóa. Có khả năng sử dụng vi tính văn phòng. Ưu tiên các ứng viên biết 2D,3D,...",0.355,
166,medium,7174,8212,Quản Lý,Nhân Viên Quản Lý Nghiên Cứu Khoa Học/Thử Nghiệm Lâm Sàng,"['tiếng anh thành thạo (c1/ielts 7.0+)', 'kỹ năng biên dịch, Phiên dịch chuyên nghiệp', 'quản lý dự án cơ bản', 'tổ chức và lập kế hoạch', 'giao tiếp và đàm phán', 'sử dụng công cụ cat (trados, Memoq)', 'tin học văn phòng']","- Tốt nghiệp Cao đẳng/ Đại học chuyên ngành Y tế công cộng, quản trị bệnh viện, Dược,...- Có kinh nghiệm trong hoạt động NCKH/TNLS là một lợi thế.- Kỹ năng tổ chức, điều hành các buổi họp/thảo luận.- Thành thạo tin học văn phòng.- Tiếng Anh giao tiếp và chuyên ngành.",0.687,
167,random,7174,3903,Quản Lý,Nhân Viên Trung Tâm Vui Chơi Giải Trí - Part Time,"['tiếng anh thành thạo (c1/ielts 7.0+)', 'kỹ năng biên dịch, Phiên dịch chuyên nghiệp', 'quản lý dự án cơ bản', 'tổ chức và lập kế hoạch', 'giao tiếp và đàm phán', 'sử dụng công cụ cat (trados, Memoq)', 'tin học văn phòng']","- Sinh viên năm 1- 3 tại các trường Cao Đẳng, Đại Học, Trung cấp - Lịch học linh động, làm ít nhất được 4-6 ngày/ tuần. Có thể về trễ sau 23h. Làm việc được t7, cn. Ưu tiên ứng viên làm được Tết Âm Lịch- Kỹ năng giao tiếp tốt- Kỹ năng chăm sóc khách hàng tốt- Ngoại hình ưa nhìn, thân thiện, cởi mở- Nhiệt tình, chăm chỉ,- Nhanh nhẹn, trung thực",0.332,
168,high,38871,6095,Kế Toán Tổng Hợp,Nhân Viên Kế Toán,"['kiến thức cơ bản về kế toán', 'sử dụng thành thạo microsoft office (excel, Word)', 'kỹ năng thu thập và xử lý số liệu', 'khả năng học hỏi nhanh', 'tỉ mỉ, Cẩn thận']","- Nữ sinh năm 1994-1999- Kinh nghiệm 1-2 năm- Tốt nghiệp Cao đẳng, Đại học- Tỉ mỉ, chi tiết…- Khả năng sắp xếp quản lý công việc tốt- Tinh thần sẵn sàng học hỏi và hướng đến làm việc lâu dài",0.933,
169,medium,38871,4244,Kế Toán Tổng Hợp,Nhân Viên An Ninh (Tòa Nhà),"['kiến thức cơ bản về kế toán', 'sử dụng thành thạo microsoft office (excel, Word)', 'kỹ năng thu thập và xử lý số liệu', 'khả năng học hỏi nhanh', 'tỉ mỉ, Cẩn thận']","Cao 1m7 trở lên, không bị cận (cận nhẹ có thể chấp nhận)Giao tiếp anh văn cơ bảnTốt nghiệp THPT trở lênCẩn thận, trung thựcCó thể làm việc xoay ca (Sáng- Chiều- Đêm)",0.68,
170,random,38871,7834,Kế Toán Tổng Hợp,Chuyên Viên Khách Hàng Doanh Nghiệp - Cn Long Biên,"['kiến thức cơ bản về kế toán', 'sử dụng thành thạo microsoft office (excel, Word)', 'kỹ năng thu thập và xử lý số liệu', 'khả năng học hỏi nhanh', 'tỉ mỉ, Cẩn thận']","- Tốt nghiệp Cao đẳng trở lên với các chuyên ngành liên quan như: Kinh tế, Tài chính, Tín dụng, Ngân hàng, Quản trị kinh doanh, Thương mại, Kế toán,…- Ưu tiên các ứng viên có từ 01 năm kinh nghiệm công tác trong lĩnh vực ngân hàng.- Yêu cầu kỹ năng giao tiếp tốt, kỹ năng đàm phán, thương thảo.- Có khả năng làm việc độc lập và theo nhóm.- Năng động, nhiệt tình, trung thực, có trách nhiệm.",0.186,
171,random,23988,14359,Nhân viên ngôn ngữ Trung Quốc,Nhân viên kinh doanh lương 7.3 triệu cứng HH,"['tiếng trung (hsk 5/6)', 'biên phiên dịch tiếng trung - việt', 'giao tiếp đa văn hóa', 'quản lý lịch trình và tài liệu', 'thành thạo microsoft office', 'khả năng thích ứng nhanh', 'tổ chức và sắp xếp công việc']","- Giao tiếp tốt, năng động, hoạt động đội nhóm tốt, hòa đồng - Chăm chỉ, kiên trì. - Không ngại khó, ngại khổ. - Đam mê kinh doanh, muốn kiếm tiền. - Muốn trở thành chuyên gia trong ngành Bất động sản. - Có kinh nghiệm là một lợi thế - Có xe máy đi lại",0.139,
172,high,34376,9969,"Nhân Viên Chăm Sóc Khách Hàng, Kinh Doanh",Nhân viên văn phòng Tại Hà Đông Hà Nội,"['giao tiếp lưu loát', 'khả năng thuyết phục', 'giải quyết vấn đề', 'lắng nghe tích cực', 'tinh thần học hỏi', 'tin học văn phòng cơ bản', 'thái độ phục vụ chuyên nghiệp']","????Tốt nghiệp THPT trở lên ????Có tinh thần học hỏi, năng động, nhanh nhẹn ????Sử dụng tin học văn phòng cơ bản ????????Không yêu cầu kinh nghiệm ( sẽ được đào tạo khi vào làm)",0.905,
173,medium,34376,5691,"Nhân Viên Chăm Sóc Khách Hàng, Kinh Doanh",Lễ Tân Tư Vấn Thẩm Mỹ Làm Đẹp Tại Hà Nội - Hồ Chí Minh (Lương Từ 30 Triệu),"['giao tiếp lưu loát', 'khả năng thuyết phục', 'giải quyết vấn đề', 'lắng nghe tích cực', 'tinh thần học hỏi', 'tin học văn phòng cơ bản', 'thái độ phục vụ chuyên nghiệp']","- Ngoại hình ưa nhìn, có làn da đẹp. Tác phong thanh lịch. Có khả năng chốt sale, upsale.- Khả năng giao tiếp tốt, nhanh nhẹn, linh hoạt, yêu thích công việc làm đẹp, có tinh thần học hỏi và cầu tiến. - Có kinh nghiệm tối thiểu 1-2 năm ở vị trí tương đương.- Ưu tiên có KN tư vấn, chăm sóc khách hàng, mảng thẩm mỹ, làm đẹp, phòng khám...- Có trách nhiệm với công việc và tập thể.",0.688,
174,random,34376,3028,"Nhân Viên Chăm Sóc Khách Hàng, Kinh Doanh",Thực Tập Sinh Kiểm Toán,"['giao tiếp lưu loát', 'khả năng thuyết phục', 'giải quyết vấn đề', 'lắng nghe tích cực', 'tinh thần học hỏi', 'tin học văn phòng cơ bản', 'thái độ phục vụ chuyên nghiệp']","- Học đại học chuyên ngành kế toán - kiểm toán- Nắm vững chuẩn mực kế toán, chế độ kế toán doanh nghiệp, chuẩn mực kiểm toán;- Giao tiếp tốt, nhiệt tình với công việc, có khả năng làm việc theo nhóm;- Ưu tiên những ứng viên nộp hồ sơ sớm",0.291,
175,random,38900,12014,Thu Mua,Nhân viên kinh doanh,"['tìm kiếm và đánh giá nhà cung cấp', 'đàm phán cơ bản', 'quản lý đơn hàng', 'phân tích thị trường nguyên vật liệu', 'thành thạo excel', 'kiến thức về chất liệu dệt may']","- Có kinh nghiệm 1 năm trở lên trong ngành in ấn quảng cáo - Yêu cầu độ tuổi: Từ 22 - 40 tuổi - Chăm chỉ, trung thực, cẩn thận, chủ động trong công việc, chịu được áp lực công việc. - Khả năng sử dụng tốt các phần mềm văn phòng - Microsoft Office (Word, Excel) - Giao tiếp tốt, nhanh nhẹn, hoạt bát",0.101,
176,high,7677,5171,Tài Xế Giao Nhận,Chuyên Viên Rnd Tiếng Anh Giao Tiếp,"['lái xe an toàn (bằng lái b2/c)', 'thông thạo tuyến đường thành phố và liên tỉnh', 'quản lý lộ trình hiệu quả', 'kiểm tra và bảo dưỡng xe cơ bản', 'trung thực, Cẩn thận', 'giao tiếp khách hàng']","Độ tuổi: > 22 tuổiHọc vấn: Tốt nghiệp ĐH chuyên ngành: Tiếng Anh, Ngôn ngữ Anh, Biên dịch, Kinh tế,...Anh ngữ: TOEIC ≥ 900 hoặc IELTS ≥ 7.5Vi tính: Kỹ năng văn phòng.Kinh nghiệm: - Đã có kinh nghiệm trong việc nghiên cứu và phát triển giáo trình Tiếng Anh.- Kinh nghiệm làm biên dịch các tài liệu: Kinh tế, Quản trị, Lãnh đạo, xây dựng học liệu là một lợi thế.- Ưu tiên ứng viên có kinh nghiệm giảng dạy, có chứng chỉ TESOL, ESOL, CELTA hoặc TEFL.Kỹ năng:- Khả năng phát âm tốt.- Yêu thích công việc chia sẻ, đào tạo & phát triển con người.- Khả năng giao tiếp tốt và khuyến khích học viên nói tiếng Anh.Thái độ, tố chất:- Trung thực, nhiệt tình, có trách nhiệm với công việc.- Tâm huyết, có tinh thần học hỏi và phát triển bản thân, gắn bó và yêu thích sự đổi mới sáng tạo.- Nhanh nhẹn, chủ động.Yêu cầu khác: Có máy tính cá nhân, tham gia quá trình huấn luyện để đảm bảo yêu cầu.Ngoại hình: Sáng sủa, ưa nhìn.",0.849,
177,medium,7677,1055,Tài Xế Giao Nhận,Nhân Viên Sales Dược Mỹ Phẩm Nhật Bản ( Lương Cứng 7Tr-12Tr + Hoa Hồng),"['lái xe an toàn (bằng lái b2/c)', 'thông thạo tuyến đường thành phố và liên tỉnh', 'quản lý lộ trình hiệu quả', 'kiểm tra và bảo dưỡng xe cơ bản', 'trung thực, Cẩn thận', 'giao tiếp khách hàng']","- Ứng viên có kênh phân phối hàng mỹ phẩm/TPCN hoặc có kinh nghiệm về Sales / Kinh doanh / tư vấn lĩnh vực bất kì là 1 lợi thế- Năng động trong công việc- Khả năng giao tiếp tốt, kỹ năng đàm phán, thuyết phục khách hàng- Có laptop cá nhân- Yêu thích Mỹ phẩm, làm đẹp",0.587,
178,random,7677,10572,Tài Xế Giao Nhận,Nhân vien Sales Admin,"['lái xe an toàn (bằng lái b2/c)', 'thông thạo tuyến đường thành phố và liên tỉnh', 'quản lý lộ trình hiệu quả', 'kiểm tra và bảo dưỡng xe cơ bản', 'trung thực, Cẩn thận', 'giao tiếp khách hàng']","- 1 năm kinh nghiệm ở vị trí tương đương. - Thành thạo tin học văn phòng. - Thái độ làm việc tích cực, ham học hỏi. - Tốt nghiệp Cao đẳng trở lên. - Có kinh nghiệm về kinh doanh & bán hàng - Giao tiếp tốt, năng động - Vui vẻ & hòa nhã.",0.289,
179,medium,19621,5486,"Chất lượng, kỹ sư phân tích",Kế Toán Công Trình Làm Việc Tại Văn Phòng Hà Nội,"['quản lý chất lượng (qa/qc)', 'phân tích dữ liệu', 'iso 9001:2015', 'six sigma', 'giải quyết vấn đề', 'sử dụng thành thạo minitab, Excel']","- Tốt nghiệp trung cấp, cao đẳng, đại học chuyên ngành kinh tế, quản trị kinh doanh...- Có ít nhất 01 năm kinh nghiệm- Sử dụng tốt phần mềm kế toán (Misa)- Thành thạo excel- Cẩn thận, trung thực, tư duy tốt, chịu được áp lực trong công việc.",0.505,
180,random,19621,5780,"Chất lượng, kỹ sư phân tích",Trợ Lý Giám Đốc,"['quản lý chất lượng (qa/qc)', 'phân tích dữ liệu', 'iso 9001:2015', 'six sigma', 'giải quyết vấn đề', 'sử dụng thành thạo minitab, Excel']","- Nam tốt nghiệp Đại học Ngoại Thương, Kinh tế Quốc dân, Đại Học Quốc gia bằng khá trở lên- Chưa có gia đình và biết lái xe ô tô - Tiếng Anh , Tiếng Hàn, tiếng Trung nghe nói tốt (là một lợi thế)- Có kinh nghiệm làm trợ lý cho GĐ trong lĩnh vực thương mại, xuất nhập khẩu.- Có khả năng làm thêm ngoài giờ.- Biết lắng nghe, cái tôi không quá cao- Tinh nhanh, hoạt ngôn trong cách nói chuyện, xử lý tình huống tốt",0.22,
181,medium,32033,13648,Kỹ Sư Xây Dựng,Kỹ sư cơ khí,"['đọc bản vẽ kỹ thuật', 'kiến thức về vật liệu xây dựng', 'autocad', 'revit', 'kỹ năng làm việc nhóm', 'giải quyết vấn đề']","- Nam, dưới 45 tuổi. Tốt nghiệp đại học chuyên ngành kỹ sư cơ khí, chế tạo máy… - Đã có kinh nghiệm làm việc ở vị trí liên quan - Thành thạo các phần mềm kỹ thuật: AutoCad, 3D, SolidWork,... - Biết Tiếng Anh là một lợi thế - Sức khỏe tốt, chịu được áp lực công việc",0.569,
182,random,32033,9947,Kỹ Sư Xây Dựng,TUYỂN LỄ TÂN TIẾP ĐÓN KHÁCH HÀNG,"['đọc bản vẽ kỹ thuật', 'kiến thức về vật liệu xây dựng', 'autocad', 'revit', 'kỹ năng làm việc nhóm', 'giải quyết vấn đề']","- Tốt nghiệp Trung cấp/Cao đẳng... - Độ tuổi từ 18 đến 30; - Ngoại hình sáng, giao tiếp tốt; - Tin học văn phòng cơ bản; - Làm việc theo ca (có thể làm việc ngày Chủ nhật); - Ưu tiên ứng viên có kinh nghiệm làm việc trong lĩnh vực chứng khoán",0.398,
183,high,44552,8408,Nhân Viên Hỗ Trợ Kinh Doanh,Nhân Viên Tư Vấn Giáo Dục (Nhân Viên Ghi Danh),"['kỹ năng giao tiếp tốt', 'sử dụng thành thạo microsoft office (word, Excel, Powerpoint)', 'kỹ năng tổ chức và quản lý thời gian', 'tư duy dịch vụ khách hàng', 'khả năng học hỏi nhanh', 'làm việc nhóm']","– Trung thực, nhiệt tình, hợp tác;– Nữ độ tuổi từ 21-28 tuổi;– Tốt nghiệp Trung cấp trở lên tất cả các chuyên ngành;– Sử dụng tốt Microsoft Office Excel và Word;– Chưa có kinh nghiệm sẽ được hướng dẫn, đào tạo; Ưu tiên những bạn có kinh nghiệm.",0.9,
184,medium,44552,10959,Nhân Viên Hỗ Trợ Kinh Doanh,TUYỂN NHÂN VIÊN KINH DOANH BĐS NHÀ PHỐ CÓ HỖ TRỢ LƯƠNG CỨNG,"['kỹ năng giao tiếp tốt', 'sử dụng thành thạo microsoft office (word, Excel, Powerpoint)', 'kỹ năng tổ chức và quản lý thời gian', 'tư duy dịch vụ khách hàng', 'khả năng học hỏi nhanh', 'làm việc nhóm']","- Tốt nghiệp THPT trở lên - Nam/nữ (từ 20 – 50 tuổi) - Có đầy đủ phương tiện làm việc: Laptop, điện thoại, xe máy,… - Có kỹ năng làm việc đội nhóm, hỗ trợ, giúp đỡ đông nghiệp - Chịu được áp lực công việc - Ưu tiên người có kinh nghiệm về BĐS, vẫn chấp nhận sinh viên mới ra trường",0.602,
185,random,44552,11772,Nhân Viên Hỗ Trợ Kinh Doanh,TRƯỞNG BỘ PHẬN KINH DOANH,"['kỹ năng giao tiếp tốt', 'sử dụng thành thạo microsoft office (word, Excel, Powerpoint)', 'kỹ năng tổ chức và quản lý thời gian', 'tư duy dịch vụ khách hàng', 'khả năng học hỏi nhanh', 'làm việc nhóm']","- Có kinh nghiệm trong lĩnh vực BĐS (KHÔNG NHIỀU). - Tốt nghiệp THPT. - Từ 25 – 40 tuổi. - Khả năng lãnh đạo đội nhóm, giải quyết vấn đề linh hoạt.- Khả năng giao tiếp và thuyết phục tốt.- THỨ 2 – THỨ 7, 08h – 17h (nghỉ trưa 1h30, 12h-13h30). Chủ Nhật đi dự án.",0.326,
186,medium,12116,3973,Admin Trại,Nhân Viên Kinh Doanh Thị Trường,"['quản lý hành chính', 'quản lý hồ sơ & văn bản', 'tổ chức sự kiện nội bộ', 'hỗ trợ tuyển dụng & chấm công', 'quản lý cơ sở vật chất', 'kỹ năng giao tiếp & đàm phán']","- Nam/ nữ tốt nghiệp từ trung cấp trở lên - ưu tiên ứng viên học các khối ngành kỹ thuật, khỏe mạnh, giao tiếp tốt- Yêu thích kinh doanh, nhanh nhẹn, nhạy bén, nhiệt tình, trung thực- Kỹ năng thuyết trình và hiểu tâm lý khách hàng- Có kinh nghiệm 1 năm ở vị trí nhân viên kinh doanh, ưu tiên ứng viên từng kinh doanh sản phẩm vật liệu xây dựng- Có kinh nghiệm tiếp xúc với các công trình xây dựng và có khả năng tiếp cận để giới thiệu sản phẩm- Chủ động trong công việc, trách nhiệm cao- Chịu khó, ham học hỏi/ chịu được áp lực",0.697,
187,random,12116,2043,Admin Trại,Kế Toán Tổng Hợp Lương Từ 15 Đến 20 Triệu + Thưởng (Chỉ Tuyển Nữ),"['quản lý hành chính', 'quản lý hồ sơ & văn bản', 'tổ chức sự kiện nội bộ', 'hỗ trợ tuyển dụng & chấm công', 'quản lý cơ sở vật chất', 'kỹ năng giao tiếp & đàm phán']","- Nữ. Sức khoẻ tốt.- Cẩn thận, làm việc khoa học và khả năng tổ chức tốt.- Chịu được áp lực cao trong công việc.- Có ít nhất 4 năm kinh nghiệm làm việc trong mảng Kế toán, trong đó ít nhất 2 năm là Kế toán Tổng hợp hoặc Kế toán Trưởng.- Có kinh nghiệm làm việc trong các môi trường thiên về bán hàng online, bán lẻ hoặc phân phối hệ thống là 1 lợi thế.- Ưu tiên ứng viên từng làm việc ở các công ty vừa và nhỏ, có khả năng làm việc đa năng và quán xuyến tốt mọi công việc trong Phòng Kế toán.",0.159,
188,medium,8136,1296,Documentations Intern,Chuyên Viên Total Rewards,"['tiếng anh chuyên ngành xnk', 'tin học văn phòng (word, Excel)', 'khả năng sắp xếp và tổ chức', 'chú ý chi tiết', 'tìm hiểu và phân tích thông tin', 'kiến thức cơ bản về incoterms']","Tốt nghiệp Đại học các chuyên ngành Quản trị Nhân sự, Kinh tế, hoặc các chuyên ngành có liên quan;Có định hướng phát triển chuyên môn trong mảng Total RewardsCó ít nhất 3 năm kinh nghiệm về Total Rewards/ C&B/ Payroll/ HR General/ Data Analysis.Trung thực, cẩn thận, cầu tiến, thái độ tích cực;Năng động, nhiệt tình, thích ứng với sự thay đổi và chịu được áp lực cao trong công việc.Xử lý dữ liệu lớn trên Excel và/hoặc các công cụ xử lý; biết phân tích và trực quan hóa dữ liệu; có hiểu biết cơ bản về Bộ luật Lao độngCó kỹ năng làm việc nhóm; kỹ năng giao tiếp, thuyết phục các đối tượng thuộc nhiều cấp bậc khác nhau trong tổ chức; tư duy-logic tốt, nhạy bén.",0.637,
189,random,8136,11794,Documentations Intern,Nhân viên kinh doanh bán xe ô tô,"['tiếng anh chuyên ngành xnk', 'tin học văn phòng (word, Excel)', 'khả năng sắp xếp và tổ chức', 'chú ý chi tiết', 'tìm hiểu và phân tích thông tin', 'kiến thức cơ bản về incoterms']","-Thực hiện chỉ tiêu bán hàng của cá nhân. -Tìm kiếm, chăm sóc, phát triển mối quan hệ với khách hàng; Tham gia thực hiện các hoạt động marketing tại thị trường được giao. -Tuân thủ các chính sách, quy định về bán hàng, theo dõi thực hiện Hợp đồng Bán hàng. -Trao dồi kiến thức, rèn luyện nâng cao khả năng tư vấn sản phẩm, kỹ năng bán hàng",0.336,
190,high,36098,5817,Giám Sát Cửa Hàng,Nhân Viên Tư Vấn Telesales - Lương Cứng Đến 10 Triệu,"['khả năng lãnh đạo (tiềm năng)', 'kỹ năng giao tiếp', 'phục vụ khách hàng', 'giải quyết vấn đề', 'tinh thần trách nhiệm', 'học hỏi nhanh', 'làm việc nhóm hiệu quả']","- Có trách nhiệm với công việc, kỹ năng giao tiếp tốt, giọng nói dễ nghe- Có khả năng học hỏi nhanh và chịu được áp lực- Ưu tiên các bạn đã có kinh nghiệm chăm sóc khách hàng, tư vấn.... - Ưu tiên Có sẵn laptop làm việc",0.808,
191,medium,36098,1472,Giám Sát Cửa Hàng,Chuyên Viên Phát Triển Mặt Bằng (Site Development Executive) - Ila Vietnam,"['khả năng lãnh đạo (tiềm năng)', 'kỹ năng giao tiếp', 'phục vụ khách hàng', 'giải quyết vấn đề', 'tinh thần trách nhiệm', 'học hỏi nhanh', 'làm việc nhóm hiệu quả']","Tốt nghiệp Cao đẳng trở lênCó kinh nghiệm trong lĩnh vực tìm kiếm, cho thuê mặt bằngAm hiểu thị trường Bất động sảnHiểu biết về Luật BĐSCó data mặt bằng lớnKỹ năng phân tích mặt bằng (nhận biết được mặt bằng đẹp, phân tích - đánh giá những lợi thế, tiềm năng đặc biệt của mặt bằng)Kỹ năng giao tiếp, đàm phán tốtAm hiểu pháp lý thuê mặt bằngSẵn sàng đi công tác xa, dài ngày",0.587,
192,random,36098,8731,Giám Sát Cửa Hàng,Kỹ Sư Cơ Khí (Chế Tạo Máy),"['khả năng lãnh đạo (tiềm năng)', 'kỹ năng giao tiếp', 'phục vụ khách hàng', 'giải quyết vấn đề', 'tinh thần trách nhiệm', 'học hỏi nhanh', 'làm việc nhóm hiệu quả']","- Giới tính: Nam- Độ tuổi: 21-30 tuổi- Bằng cấp/ trình độ chuyên môn:+ Kỹ sư tốt nghiệp đại học, cao đẳng chuyên ngành Kỹ thuật cơ khí.- Kinh nghiệm: không yêu cầu (có kinh nghiệm là một lợi thế).- Thời gian làm việc: từ thứ 2 đến thứ 7.",0.367,
193,high,36453,8448,Tim Việc Làm Thêm,Nhân Viên Khảo Sát Khách Hàng Làm Tại Văn Phòng (Làm Việc Thứ 2-Thứ 6),"['kỹ năng giao tiếp cơ bản', 'chăm chỉ, Chịu khó', 'quản lý thời gian', 'tinh thần trách nhiệm', 'thích nghi nhanh', 'sử dụng thành thạo điện thoại, Máy tính cơ bản']","Chăm chỉ, chịu khó, giao tiếp tốt, giọng nói dễ ngheLàm fulltime (08h30 - 17h30) - từ thứ 2 - thứ 6Tốt nghiệp trung cấp trở lênTinh thần trách nhiệm cao trong công việc",0.91,
194,medium,36453,13677,Tim Việc Làm Thêm,NHÂN VIÊN KINH DOANH THU NHẬP 25-50-100 TRIỆU THÁNG - ĐI LÀM LUÔN,"['kỹ năng giao tiếp cơ bản', 'chăm chỉ, Chịu khó', 'quản lý thời gian', 'tinh thần trách nhiệm', 'thích nghi nhanh', 'sử dụng thành thạo điện thoại, Máy tính cơ bản']","???? YÊU CẦU •Đam mê kiếm tiền, làm giàu chân chính •Yêu thích công việc, chăm chỉ, nhiệt tình, nghiêm túc •Tinh thần trách nhiệm cao, sức khoẻ tốt. •Có laptop và phương tiện di chuyển cá nhân.",0.711,
195,random,36453,8898,Tim Việc Làm Thêm,Mobile Developer ( Flutter ),"['kỹ năng giao tiếp cơ bản', 'chăm chỉ, Chịu khó', 'quản lý thời gian', 'tinh thần trách nhiệm', 'thích nghi nhanh', 'sử dụng thành thạo điện thoại, Máy tính cơ bản']","Tư duy logic tốt, có tinh thần, trách nhiệm và chủ động trong công việc.Có ít nhất từ 1 năm kinh nghiệm về phát triển Flutter (biết iOS hoặc Android Native là một điểm cộng lớn)Có kinh nghiệm tối ưu hiệu suất của appNắm vững các kỹ thuật về caching, lazy loading, SQLite, RESTful API, Push Notification, offline storageNắm vững về lập trình hướng chức năng và lập trình hướng đối tượngSử dụng thành thạo các công cụ build và phát triển app như Xcode, Gradle, Android StudioThành thạo sử dụng Git, Bibucket, Jira/ Tự tin với Git and Bitbucket, Jira skills.Có thể đọc hiểu tài liệu bằng tiếng anhCó khả năng làm việc nhóm và làm việc độc lập và giao tiếp tốt.Cẩn thận, tinh thần trách nhiệm cao, chăm chỉ, có thể chịu được áp lực trong công việc.Điểm cộng nếu có:Có hiểu biết về UX PrinciplesKiến thức về Agile, Scrum, Kanban.",0.381,
196,high,36609,7848,Kế Toán Nội Bộ - Nhân Viên Văn Phòng,Kế Toán Trưởng,"['kế toán nội bộ', 'quản lý công nợ', 'phân tích tài chính', 'phần mềm kế toán', 'kiểm soát chi phí']","1. Tốt nghiệp Đại Học chuyên nghành: tài chính, kế toán2. Có kinh nghiệm làm Kế Toán Trưởng từ 5 năm trở lên3. Sử dụng thành thạo các phần mềm Office, phần mềm kế toán, bảo hiểm4. Có tinh thần trách nhiệm, chịu được áp lực cao, có kỹ năng lãnh đạo, tổ chức, sắp xếp công việc",0.897,
197,medium,36609,11213,Kế Toán Nội Bộ - Nhân Viên Văn Phòng,Chuyên Viên Tư Vấn Bảo Hiểm Nhân Thọ,"['kế toán nội bộ', 'quản lý công nợ', 'phân tích tài chính', 'phần mềm kế toán', 'kiểm soát chi phí']","Yêu cầu ứng viên - Nam/ Nữ tuổi từ 20-55, hiện đang không làm tại bất kỳ công ty bảo hiểm nhân thọ nào trên toàn quốc. - Sử dụng thành thạo Smartphone & máy tính PC/ Laptop. - Có tinh thần cầu tiến, ham học hỏi, trung thực. - Đã từng làm việc ở vị trí bán hàng/ kinh doanh, Telesales, chăm sóc khách hàng là 1 lợi thế. - Dành được thời gian tối thiểu 2 tiếng/ ngày để tham gia các khóa đào tạo cơ bản – chuyên sâu về bảo hiểm trong vòng 2 tháng đầu tiên. - Những tố chất cần có: + Chăm chỉ, ham học hỏi. + Vui tính, hoạt bát. + Tốt nghiệp cao đẳng, trung cấp, đại học. + Muốn phát triển bản thân & tăng thu nhập.",0.696,
198,random,36609,8423,Kế Toán Nội Bộ - Nhân Viên Văn Phòng,Thực Tập Sinh Hành Chính Nhân Sự,"['kế toán nội bộ', 'quản lý công nợ', 'phân tích tài chính', 'phần mềm kế toán', 'kiểm soát chi phí']","Sinh viên năm 3-4 đang tìm kiếm cơ hội thực tập.Có định hướng nghề nghiệp trong lĩnh vực hành chính – nhân sựThành thạo tin học văn phòng.Kỹ năng giao tiếp tốt.Quản lý thời gian làm việc tốt, biết sắp xếp bao quát công việc.Có khả năng giao tiếp tốt, quan sát tỉ mỉ, cẩn trọng. Chịu được áp lực công việc.Có kinh nghiệm là một lợi thế.",0.313,
199,random,33294,9410,Nhân Viên,Kỹ Sư Xây Dựng (Giám Sát Thi Công),"['giao tiếp thân thiện và chuyên nghiệp', 'kỹ năng tư vấn bán hàng', 'học hỏi nhanh sản phẩm mới', 'trang trí và trưng bày sản phẩm', 'tư vấn phối đồ/sản phẩm', 'sử dụng phần mềm bán hàng cơ bản']","Tốt nghiệp Đại học các trường Tài nguyên môi trường/Thủy lợi/Xây dựng/Giao thông vận tải/Kiến trúc…;- Kỹ sư tốt nghiệp chuyên ngành có liên quan đến các công trình Công ty thi công là một lợi thế;- Thông thạo các phần mềm: AutoCad, Office, Project…- Có khả năng đi và ở tại thực địa công trình;- Nhiệt tình, chăm chỉ, chịu được áp lực công việc.",0.325,
200,random,6308,2393,Trợ lý bán hàng,"Nhân Viên Kinh Doanh - Hệ Thống Độ Xe Ô Tô Fixauto - Lương Thưởng Hấp Dẫn, 1 Tháng Nghỉ 4 Ngày Có Lương","['giao tiếp đa văn hóa', 'tổ chức và quản lý', 'hỗ trợ bán hàng', 'soạn thảo tài liệu', 'tiếng anh thành thạo', 'ms office', 'kỹ năng giải quyết vấn đề']",- Đam mê kinh doanh kiếm. - Tuổi từ 18 – 30. - Am hiểu về ô tô là 1 lợi thế. - Có laptop - Ưu tiên nữ,0.38,
201,medium,25889,11341,Nhân Viên Chăm Sóc Khách Hàng,Nhân viên DIGITAL MARKETING,"['giao tiếp lưu loát', 'lắng nghe tích cực', 'giải quyết vấn đề', 'thái độ phục vụ chuyên nghiệp', 'kiên nhẫn và bình tĩnh', 'sử dụng tin học văn phòng cơ bản']","- Tốt nghiệp Cao đẳng, Đại học chuyên ngành Marketing, báo chí, IT, truyền thông quảng cáo hoặc chuyên ngành liên quan. - Ưu tiên ứng viên có kinh nghiệm hoặc yêu thích lĩnh vực du lịch. - Có khả năng viết và tư duy ngôn ngữ tốt, xử lý hình ảnh, photoshop, powerpoint. - Có các kỹ năng về Marketing online - Đã từng làm việc trong lĩnh vực Viết/Biên tập/Quản trị nội dung là một lợi thế. - Đã từng làm cho các công ty về dịch vụ SEO là một lợi thế. - Kỹ năng giao tiếp, đàm phán, thuyết phục, quản lý và quản trị mối quan hệ tốt. - Có khả năng xử lý tình huống, giải quyết vấn đề hiệu quả. - Kỹ năng lập và triển khai kế hoạch.",0.649,
202,random,25889,14008,Nhân Viên Chăm Sóc Khách Hàng,()Tuyển 6 lái xe và 8 phụ xe làm tại lạng sơn,"['giao tiếp lưu loát', 'lắng nghe tích cực', 'giải quyết vấn đề', 'thái độ phục vụ chuyên nghiệp', 'kiên nhẫn và bình tĩnh', 'sử dụng tin học văn phòng cơ bản']","nam từ 18t - 40 T , sức khỏe tốt , lý lịch rõ ràng , không tiền án , tiền sự , bằng B2 trở nên đối với lái xe nhận lao động phổ thông , không yêu cầu kinh nghiệm và bằng cấp , chưa biết được đào tạo và vẫn được hưởng lương Ứng viên xin việc đi làm vui lòng gọi điện trước để xếp lịch phỏng vấn. Mọi thông tin liên hệ: Chị Lâm ********* ********* (tuyển trực tiếp không qua trung gian).",0.337,
203,high,39747,10352,"Nhân Viên Hành Chính Công Trường, Admin, Kỹ Sư Dự Toán",Nhân viên hành chính kế toán,"['quản lý hồ sơ, Chứng từ công trường', 'bóc tách khối lượng, Lập dự toán', 'thành thạo autocad, Phần mềm dự toán g8', 'kỹ năng tổ chức và sắp xếp công việc', 'giao tiếp và phối hợp tốt', 'tin học văn phòng nâng cao']","-Nam/ nữ, tuổi từ 20-35 -Tốt nghiệp CĐ trở lên-Tin học văn phòng (đặc biệt Excel) khá -Có 01 năm kinh nghiệm tại vị trí kế toán tòa nhà chung cư-Có kiến thức về ngành quản lý tòa nhà/chung cư là một lợi thế -Khả năng thích ứng công việc nhanh, biết chủ động tổ chức và kiểm soát công việc, siêng năng, chịu khó",0.806,
204,medium,39747,12386,"Nhân Viên Hành Chính Công Trường, Admin, Kỹ Sư Dự Toán","Nhân Viên Thủ Kho Tại Kcn Đông Nam, Củ Chi","['quản lý hồ sơ, Chứng từ công trường', 'bóc tách khối lượng, Lập dự toán', 'thành thạo autocad, Phần mềm dự toán g8', 'kỹ năng tổ chức và sắp xếp công việc', 'giao tiếp và phối hợp tốt', 'tin học văn phòng nâng cao']","- Nhập hàng: Kiểm tra hàng hóa trước khi nhập về, xắp sếp hàng hóa lên kệ theo phân khu riêng biệt - Xuất kho: + Nhận phiếu định mức xuất kho và yêu cầu xuất kho của phòng Kế hoạch, chuẩn bị nguyên phụ liệu xuất theo từng đơn theo định mức + Chuẩn bị hàng hóa xuất đi cho khách hàng: Kiểm đếm đúng chủng loại, số lượng và thông tin giao hàng từ phòng Kinh doanh - Tổng hợp phiếu xuất - nhập chuyển bộ phận kế toán. - Nhập dữ liệu nhập -xuất hàng hóa vào file để theo dõi - Lập báo cáo nhập - xuất - tồn kho hàng tuần",0.568,
205,random,39747,5023,"Nhân Viên Hành Chính Công Trường, Admin, Kỹ Sư Dự Toán",Senior PHP Developer,"['quản lý hồ sơ, Chứng từ công trường', 'bóc tách khối lượng, Lập dự toán', 'thành thạo autocad, Phần mềm dự toán g8', 'kỹ năng tổ chức và sắp xếp công việc', 'giao tiếp và phối hợp tốt', 'tin học văn phòng nâng cao']","●Tốt nghiệp đại học trở lên ngành CNTT. ●Có ít nhất 2 năm kinh nghiệm làm việc với PHP: Framework Lavarel hoặc Synfony. ●Có kiến thức nền tảng vững vàng về khoa học máy tính, cấu trúc dữ liệu giải thuật và có kĩ năng giải quyết vấn đề sáng tạo hiệu quả. ●Có kiến thức về CSDL No SQL như Redis, Solr, Mongo hoặc Aerospike và SQL: My SQL hay Maria DB. ●Có khả năng làm việc nhóm. ●Có khả năng sử dụng Tiếng Anh TOEIC 550 điểm trở lên",0.254,
206,high,25423,1309,Nhân Viên Chăm Sóc Khách Hàng(đang Tìm Việc),"Chuyên Viên Xử Lý Nợ Thế Chấp - Long An, Tp.HCM, Đồng Nai","['giao tiếp chuyên nghiệp', 'lắng nghe chủ động', 'giải quyết khiếu nại', 'thuyết phục', 'kiên nhẫn', 'sử dụng phần mềm crm', 'làm việc nhóm']","Tốt nghiệp Cao đẳng trở lên. Ưu tiên các chuyên ngành luật, tài chính ngân hàng, kinh tế.Có tối thiểu 01 năm kinh nghiệm về tư vấn giải quyết các tranh chấp quan hệ dân sự liên quan đến vay nợ, thế chấp tài sản. Am hiểu các quy định Pháp luật liên quan đến hoạt động thu hồi nợ. Có các mối quan hệ tốt với các cơ quan Công an, Tòa án, Thi hành án, …;Có kỹ năng giao tiếp tốt, đặc biệt là kỹ năng lắng nghe và thuyết phục;Chủ động, sáng tạo và luôn tìm tòi cải tiến trong công việc, xử lý tình huống linh hoạt;Kiên nhẫn, quyết đoán, nhạy bén và chịu được áp lực công việc cao;Hiểu biết về đời sống xã hội, tình hình kinh tế, thị trường, khách hàng;Thông thạo đường xá; có sức khoẻ tốt, chịu khó và kiên trì;Sử dụng cơ bản các ứng dụng tin học văn phòng Word, Excel, Outlook, …",0.924,
207,medium,25423,8370,Nhân Viên Chăm Sóc Khách Hàng(đang Tìm Việc),Nhân Viên Bán Hàng Thời Trang Trẻ Em,"['giao tiếp chuyên nghiệp', 'lắng nghe chủ động', 'giải quyết khiếu nại', 'thuyết phục', 'kiên nhẫn', 'sử dụng phần mềm crm', 'làm việc nhóm']","Tốt nghiệp trung cấp trở lên Thật thà, chăm chỉ, mong muốn gắn bó lâu dài với công ty.Có kỹ năng thuyết phục KH tốtSử dụng thành thạo máy tính.",0.616,
208,random,25423,13925,Nhân Viên Chăm Sóc Khách Hàng(đang Tìm Việc),Nhân viên giao hàng,"['giao tiếp chuyên nghiệp', 'lắng nghe chủ động', 'giải quyết khiếu nại', 'thuyết phục', 'kiên nhẫn', 'sử dụng phần mềm crm', 'làm việc nhóm']",": - Nam, nhanh nhẹn, khỏe mạnh - Thông thạo đường là một lợi thế. Nếu Chưa biết sẽ được đào tạo, tạo điều kiện để làm quen, đi những đơn gần trước. - Đảm bảo được thời gian làm việc. - Dưới 35 tuổi, có hồ sơ hoặc cmnd đầy đủ",0.195,
209,medium,43473,1033,Tiếp thị lãnh đạo,Chuyên Viên Nghiên Cứu Thị Trường - Điều Tra Khảo Sát (Phòng Đầu Tư),"['nghiên cứu thị trường', 'phân tích dữ liệu', 'sáng tạo nội dung', 'quản lý dự án nhỏ', 'làm việc nhóm', 'kỹ năng thuyết trình']","Nam, tốt nghiệp Đaị học chuyên ngành: Kinh doanh và quản lý, Kinh tế đầu tưSinh viên mới ra trường chưa có kinh nghiệm có thể được đào tạo khi vào làmCó kỹ năng sử dụng mô hình phân tích dữ liệu, thực hiện phân tích, dự báo và lập báo cáoƯu tiên có kinh nghiệm hoặc yêu thích đối với mảng nghiên cứu, khảo sát thị trườngCó thể đi công tác (bắt buộc)Làm việc độc lập, làm việc nhóm, năng động, nhiệt tình, trung thực.",0.607,
210,random,43473,14272,Tiếp thị lãnh đạo,cần tuyển 1 nam đứng máy khẩu trang,"['nghiên cứu thị trường', 'phân tích dữ liệu', 'sáng tạo nội dung', 'quản lý dự án nhỏ', 'làm việc nhóm', 'kỹ năng thuyết trình']",yêu công việc và đi làm đúng thời gian quy định. tuân thủ cá quy định của cty đề ra .,0.246,
211,medium,32179,13949,Thực Tập Sinh Nhà Hàng,TUYỂN NHÂN VIÊN KD BẤT ĐỘNG SẢN MẢNG (NHÀ PHỐ CHO THUÊ),"['giao tiếp khách hàng', 'thực hiện theo quy trình', 'vệ sinh an toàn thực phẩm', 'làm việc nhóm', 'thái độ phục vụ chuyên nghiệp']","- Tốt nghiệp THPT trở lên - Nam/nữ (từ 20 – 50 tuổi) - Có đầy đủ phương tiện làm việc: Laptop, điện thoại, xe máy,… - Có kỹ năng làm việc đội nhóm, hỗ trợ, giúp đỡ đông nghiệp - Chịu được áp lực công việc - Ưu tiên người có kinh nghiệm về BĐS, vẫn chấp nhận sinh viên mới ra trường",0.654,
212,random,32179,638,Thực Tập Sinh Nhà Hàng,Creative Creator,"['giao tiếp khách hàng', 'thực hiện theo quy trình', 'vệ sinh an toàn thực phẩm', 'làm việc nhóm', 'thái độ phục vụ chuyên nghiệp']","Có laptop cá nhânKhả năng sáng tạo, truyền tải ý tưởng và giao tiếp tốt.Có gu thẩm mỹ tốt, yêu thích cái đẹpCẩn thận, tỉ mỉ, thái độ tích cực, học hỏi nhanh.Có trách nhiệm trong công việc, đảm bảo tiến độ dự ánƯu tiên các ứng viên có kinh nghiệm sử dụng Photoshop; Khả năng vẽ Sketch và làm StoryboardƯu tiên các bạn sinh viên thuộc các ngành thiết kế, mỹ thuật, kiến trúc.",0.18,
213,medium,39166,8475,"Chứng Từ Xnk, Logs","Cộng Tác Viên Part-Time Gọi Điện Lọc Đơn, Giới Thiệu Thông Tin Sản Phẩm Khoá Học Tiếng Anh Trực Tuyến (Làm Online, Phù Hợp Sinh Viên, 25K/H)","['nghiệp vụ xuất nhập khẩu', 'xử lý chứng từ hải quan', 'vận tải quốc tế', 'kiến thức incoterms', 'sử dụng excel', 'giao tiếp với đối tác', 'giải quyết vấn đề']","Có laptop cá nhân.Giọng nói truyền cảm, dễ nghe, không nói lắp, ngọng, giọng địa phương.Sử dụng thành thạo tin học văn phòng. Khả năng phân tích, giải quyết vấn đề.Có khả năng làm việc độc lập, làm việc theo nhóm tốt.Nữ, Chấp nhận SV năm 2 – 3 – 4 chưa ra trường.",0.659,
214,random,39166,9951,"Chứng Từ Xnk, Logs",Nhân viên TƯ VẤN TRUYỀN HÌNH,"['nghiệp vụ xuất nhập khẩu', 'xử lý chứng từ hải quan', 'vận tải quốc tế', 'kiến thức incoterms', 'sử dụng excel', 'giao tiếp với đối tác', 'giải quyết vấn đề']","- Có Laptop cá nhân, thành thạo vi tính văn phòng - Khả năng giao tiếp, đàm phán tốt; có trách nhiệm - Biết lắng nghe và tiếp thu kiến thức chuyên môn, ham học hỏi, có tinh thần cầu tiến",0.324,
215,high,41886,6046,Nhân Viên Kinh Doanh,Nhân Viên Dịch Vụ Khách Hàng - Chi Nhánh Hưng Yên,"['kỹ năng bán hàng', 'giao tiếp và thuyết phục', 'chăm sóc khách hàng', 'tìm kiếm khách hàng tiềm năng', 'giải quyết vấn đề', 'tin học văn phòng']","Nữ, tuổi từ 22 - 28, tốt nghiệp cao đẳng trở lên.Ngoại hình khá, giao tiếp tốt, giọng nói nhẹ nhàng dễ nghe. Không nói ngọng/lắp/giọng địa phương.Nhanh nhẹn, cẩn thận và trung thực. Có tinh thần trách nhiệm, chịu được áp lực cao trong công việc.Có khả năng xử lý các tình huống và giải quyết vấn đềThành thạo tin học văn phòng, có khả năng kiểm soát công việc và làm việc nhóm hiệu quả. Có kinh nghiệm trong lĩnh vực chăm sóc khách hàng là một lợi thế",0.865,
216,medium,41886,4912,Nhân Viên Kinh Doanh,Trưởng Phòng Môi Giới Chứng Khoán,"['kỹ năng bán hàng', 'giao tiếp và thuyết phục', 'chăm sóc khách hàng', 'tìm kiếm khách hàng tiềm năng', 'giải quyết vấn đề', 'tin học văn phòng']","- Tốt nghiệp Đại học trở lên.. - Có kiến thức tốt về thị trường chứng khoán và có kinh nghiệm trong lĩnh vực chứng khoán.. - Có chứng chỉ kỹ thuật và giấy phép hành nghề chứng khoán trở lên.. - Có kinh nghiệm cấp quản lý từ 1 năm trở lên.. - Kỹ năng thuyết trình và giao tiếp tốt. - Sử dụng thành thạo các ứng dụng vi tính văn phòng.. - Giỏi kỹ năng giải quyết vấn đề, dịch vụ khách hàng và kỹ năng ra quyết định.. - Có kinh nghiệm quản lý, vận hành thực tế.. - Có kỹ năng tuyển dụng và đào tạo.. - Có khả năng giao tiếp tiếng Anh.. - Tinh thần trách nhiệm cao.. - Đạo đức, thái độ chuyên nghiệp, tập trung vào kết quả.. - Biết lắng nghe và chia sẻ một ý kiến, cảm nghĩ với cấp dưới.. - Có khả năng làm việc dưới áp lực cao.",0.653,
217,random,41886,1012,Nhân Viên Kinh Doanh,Chuyên Viên Xử Lý Tín Dụng Khách Hàng Doanh Nghiệp Khối Vận Hành,"['kỹ năng bán hàng', 'giao tiếp và thuyết phục', 'chăm sóc khách hàng', 'tìm kiếm khách hàng tiềm năng', 'giải quyết vấn đề', 'tin học văn phòng']","Trình độ chuyên mônTốt nghiệp đại họcTừ 0 -1 năm kinh nghiệm công tác trong lĩnh vực ngân hàng, ưu tiên đã làm tín dụng Doanh nghiệpTrình độ Tiếng Anh: KháKỹ năng mềmNắm vững các Quy định tín dụng của SB, và các quy định Luật.Sử dụng tốt hệ thống T24 liên quan đến tín dụng.Giao tiếp, truyền thông cho Khách hàng nội bộ hiệu quả.Kỹ năng khácMS Office: Word, Excel: Tốt",0.379,
218,high,44824,12416,Nhân Viên An Ninh Kiểm Soát,Tuyển dụng nhân viên kinh doanh thương mại điện tử bán gói tin tuyển dụng,"['kiểm soát an ninh ra vào', 'giám sát camera', 'xử lý tình huống khẩn cấp', 'báo cáo sự cố', 'kiến thức pccc cơ bản', 'trung thực, Trách nhiệm cao']","- Có tinh thần trách nhiệm - Chịu khó - Không có nhiều mối quan hệ phức tạp trong xã hội- Trung thực, không tiền án, tiền sự",0.84,
219,medium,44824,11902,Nhân Viên An Ninh Kiểm Soát,Lao Động Phổ Thông Tài Xế Lái Xe Lơ Xe Phụ Kho Xếp Bánh Kẹo 16 Triệu Tháng,"['kiểm soát an ninh ra vào', 'giám sát camera', 'xử lý tình huống khẩn cấp', 'báo cáo sự cố', 'kiến thức pccc cơ bản', 'trung thực, Trách nhiệm cao']","- Nam, tuổi từ 18 - 50, sức khỏe tốt, lý lịch rõ ràng. - Có tinh thần trách nhiệm - Cẩn thận, nhanh nhẹn, chịu khó, trung thực - Liên hệ qua điện thoại trước để được tư vấn sắp lịch trước khi đến công ty đăng ký mục tiêu đi làm. =>Tiếp nhận tài xế, lơ xe gọi Anh Đức: ********* (Trưởng phòng nhân sự) =>tiếp nhận phụ kho bánh kẹo gọi Anh Thành ********* (phó phòng nhân sự)",0.512,
220,random,44824,27,Nhân Viên An Ninh Kiểm Soát,Tổ Phó Kho Vận Tân Uyên Bd,"['kiểm soát an ninh ra vào', 'giám sát camera', 'xử lý tình huống khẩn cấp', 'báo cáo sự cố', 'kiến thức pccc cơ bản', 'trung thực, Trách nhiệm cao']","- Thái độ cẩn thận, nhanh nhẹn, chịu được áp lực công việc; - Gắn bó lâu dài với công ty.-Tốt nghiệp Trung cấp-Tối thiểu 1 năm kinh nghiệm ở vị trí tương đương",0.106,
221,medium,40411,2157,Sinh Viên Năm 4 - Khoa Quản Trị Kinh Doanh,Trưởng Ca Sản Xuất,"['kiến thức kế toán cơ bản (vas, Ifrs)', 'sử dụng phần mềm kế toán misa', 'thành thạo microsoft excel', 'kỹ năng phân tích số liệu', 'tinh thần trách nhiệm', 'làm việc nhóm']","-Tốt nghiệp Đại học trở lên chuyên ngành Quản lý công nghiệp, Kĩ thuật hệ thống công nghiệp, Quản trị doanh nghiệp ...-Có hiểu biết và sử dụng được SAPhoặc ERP- Có ít nhật 2 năm kinh nghiệm vị trí tương đương-Có sức khỏe tốt- Có khả năng lập kế hoạch, sắp xếp công việc hợp lý.- Kỹ năng giải quyết vấn đề, làm việc độc lập/làm việc nhóm tốt.- Nhanh nhẹn, trung thực, có tinh thần trách nhiệm trong công việc.",0.547,
222,random,40411,13351,Sinh Viên Năm 4 - Khoa Quản Trị Kinh Doanh,Giám đốc điều hành,"['kiến thức kế toán cơ bản (vas, Ifrs)', 'sử dụng phần mềm kế toán misa', 'thành thạo microsoft excel', 'kỹ năng phân tích số liệu', 'tinh thần trách nhiệm', 'làm việc nhóm']","- Tốt nghiệp đại học hoặc cao học chuyên ngành Kinh tế/ Quản trị kinh doanh hoặc chuyên ngành liên quan - Kinh nghiệm làm việc: có kinh nghiệm tối thiểu 5 năm với vai trò CEO hoặc vị trí quản lý tương đương - Có kiến thức chuyên sâu về tài chính và chiến lược, có kiến thức rộng về Marketing, PR, Hành chính nhân sự, Quản lý và điều hành, … - Có khả năng hoạch định và phân tích chiến lược; khả năng tổ chức, điều hành tốt - Tính tổ chức, tính kỷ luật, quyết đoán và có tinh thần trách nhiệm với công việc",0.32,
223,high,28731,978,Nhà phát triển phụ trợ,Lập Trình Viên Backend PHP (Junior),"['lập trình python/java', 'sử dụng framework django/spring boot', 'cơ sở dữ liệu sql (postgresql, Mysql)', 'restful api', 'kiểm soát phiên bản git', 'khả năng học hỏi nhanh', 'tư duy logic', 'giải quyết vấn đề']","- Có kiến thức tốt về OOP, mô hình MVC, ưu tiên có hiểu biết về các design patterns, sử dụng tiếng Anh cho công việc- Có khả năng tư duy giải quyết, tối ưu các vấn đề- Đã từng sử dụng SQL để truy vấn và phân tích dữ liệu- Có kỹ năng phân tích, thiết kế, tối ưu CSDL- Có hiểu biết và đã từng làm với dự án có kiến trúc microservice- Có kinh nghiệm PHP (Đã sử dụng một trong các framework Laravel, Zend, Yii, CakePHP, Codeigniter) hoặc Golang, Java- Ưu tiên ứng viên có kinh nghiệm triển khai hoặc sử dụng OKR trong quá trình làm việc- Đã làm việc trong công ty product là 1 lợi thế- Đã từng làm việc với Postgres, Clickhouse là 1 lợi thế",0.946,
224,medium,28731,1576,Nhà phát triển phụ trợ,Dược Sỹ Nhà Thuốc Tại An Phước - Đồng Nai,"['lập trình python/java', 'sử dụng framework django/spring boot', 'cơ sở dữ liệu sql (postgresql, Mysql)', 'restful api', 'kiểm soát phiên bản git', 'khả năng học hỏi nhanh', 'tư duy logic', 'giải quyết vấn đề']","– Học chuyên ngành Dược,– Ưu tiên có kinh nghiệm đứng quầy thuốc– Khả năng giao tiếp, tư vấn, giải quyết vấn đề– Trung thực, nhiệt tình trong công việc",0.682,
225,random,28731,3378,Nhà phát triển phụ trợ,Nhân Viên Kinh Doanh Fulltime Tại Hà Nội,"['lập trình python/java', 'sử dụng framework django/spring boot', 'cơ sở dữ liệu sql (postgresql, Mysql)', 'restful api', 'kiểm soát phiên bản git', 'khả năng học hỏi nhanh', 'tư duy logic', 'giải quyết vấn đề']","- Có kiến thức chuyên ngành kinh tế, xây dựng hoặc các chuyên ngành liên quan là lợi thế….. - Có kinh nghiệm sale, telesale (3-6 tháng trở lên)- Kỹ năng giao tiếp với khách hàng tốt- Nói năng lưu loát- Cẩn thận, ngăn nắp, nhiệt tình. - Ham học hỏi, có kỷ luật và tinh thần cầu thị trong công việc.- Có khả năng làm việc trong điều kiện tiến độ nhanh và phối hợp theo nhóm hoặc độc lập.- Có tinh thần học hỏi các kiến thức và kỹ năng chuyên môn mới.",0.194,
226,medium,31566,2079,Lãnh đạo dây chuyền sản xuất,Chuyên Viên IT - Nghiệp Vụ ERP - Sap,"['quản lý sản xuất cơ bản', 'kiểm soát chất lượng', 'giải quyết vấn đề', 'làm việc nhóm', 'đọc bản vẽ kỹ thuật cơ khí', 'an toàn lao động']","- Có từ 2-3 năm kinh nghiệm quản lý, vận hành ERP tại các công ty sản xuất, thương mại có sử dụng SAP.- Có kinh nghiệm triển khai hệ thống ERP S4hana: Hiểu biết tốt một trong hai nghiệp vụ sản xuất, kế toán (bắt buộc), hiểu biết nghiệp vụ mua hàng, bán hàng, kho là một lợi thế.- Kỹ năng đọc hiểu tài liệu bằng tiếng Anh- Có khả năng phân tích, giải quyết vấn đề, sắp xếp nhiều luồng công việc. - Đã có kinh nghiệm làm trong công ty sản xuất (lợi thế).- Khả năng giao tiếp, thái độ làm việc nghiêm túc, nhiệt tình, cầu tiến, khả năng làm việc nhóm.",0.605,
227,random,31566,3770,Lãnh đạo dây chuyền sản xuất,Manual Tester - 3 Năm Kinh Nghiệm - Up To 1300$,"['quản lý sản xuất cơ bản', 'kiểm soát chất lượng', 'giải quyết vấn đề', 'làm việc nhóm', 'đọc bản vẽ kỹ thuật cơ khí', 'an toàn lao động']","Bachelor degree in Information Technology/Computer Science or equivalent. ISTQB is an advantage.At least 3 years of experiences in software testing customer website & mobile app.Good knowledge in testing process (e.g: V model, Agile model, CMMi) as well as popular software development processesExperience with writing automation tests is a plusExperience with testing web-based/ mobile applications/ Web service/Web ApiGood in report writing skills, communication skills, problem solving skillsGood written and oral communication skills in English.Excellent in using Microsoft Office Word and ExcelAbility to work independently - self directed as well with a teamAttitude to learn new and emerging",0.18,
228,random,5359,373,Quản Lý Nhân Viên Bán Hàng,Nhân Viên Kế Hoạch Tổng Hợp,"['lãnh đạo đội nhóm', 'huấn luyện và đào tạo bán hàng', 'lập kế hoạch kinh doanh', 'phân tích thị trường', 'kỹ năng bán hàng chuyên sâu', 'đàm phán và chốt sale', 'quản lý hiệu suất', 'xây dựng mối quan hệ khách hàng']","- Giới tính: Nam/nữ- Độ tuổi: dưới 35 tuổi- Tốt nghiệp đại học (ưu tiên các chuyên ngành liên quan đến lĩnh vực y tế, có kinh nghiệm làm ở các vị trí CSKH, KHTH ở các phòng khám, bệnh viện)- Tận tâm, trung thực, trách nhiệm, tỷ mỉ, cẩn thận- Tác phong nhanh nhẹn- Khả năng giao tiếp và ứng xử tốt.- Có khả năng đi công tác xa để triển khai các gói khám- Sử dụng tốt máy tính: Thành thạo word, excel- Tiếng Anh giao tiếp cơ bản- Kỹ năng làm việc nhóm tốt",0.15,
229,high,22490,11359,Bếp Chính,nhân viên hành chính nhân sự,"['kỹ năng chế biến món ăn (việt, Á, Âu cơ bản)', 'quản lý nguyên liệu và vệ sinh an toàn thực phẩm', 'làm việc nhóm dưới áp lực cao', 'sáng tạo và trang trí món ăn', 'kiểm soát chất lượng món ăn']","Tốt nghiệp từ cao đẳng trở lên. Nhanh nhẹn, hòa đồng, thích nghi với môi trường làm việc. Siêng năng, trung thực, có trách nhiệm trong công việc. Độ tuổi từ 20 đến 30 tuổi, không vướng bận con nhỏ dưới 6 tuổi. kỹ năng vi tính văn phòng cơ bản. Tiếng anh giao tiếp",0.939,
230,medium,22490,3666,Bếp Chính,Phóng Viên Mục Phim,"['kỹ năng chế biến món ăn (việt, Á, Âu cơ bản)', 'quản lý nguyên liệu và vệ sinh an toàn thực phẩm', 'làm việc nhóm dưới áp lực cao', 'sáng tạo và trang trí món ăn', 'kiểm soát chất lượng món ăn']","-Có am hiểu về đời sống showbiz Việt và châu Á.- Có kinh nghiệm viết tin bài, có khả năng tư duy đề tài tốt, bắt trend giới trẻ- Có kinh nghiệm, thời gian làm việc trong lĩnh vực viết lách, cộng tác cho các trang tin, báo chí là lợi thế.- Nhanh nhẹn, linh hoạt, chịu được áp lực công việc cao.- Có tính sáng tạo và chủ động trong công việc.- Có tinh thần trách nhiệm.- Có kỹ năng teamwork.",0.605,
231,random,22490,10912,Bếp Chính,Việc làm thêm ưu tiên sinh viên cho đại lý khu vực Thủ Đức,"['kỹ năng chế biến món ăn (việt, Á, Âu cơ bản)', 'quản lý nguyên liệu và vệ sinh an toàn thực phẩm', 'làm việc nhóm dưới áp lực cao', 'sáng tạo và trang trí món ăn', 'kiểm soát chất lượng món ăn']",Thỏa thuận thêm,0.266,
232,random,11421,447,Kỹ Sư Xây Dựng Cầu Đường,Senior Digital Marketing,"['thiết kế kết cấu cầu đường (autocad, Sap2000)', 'phân tích vật liệu xây dựng', 'kiến thức về quy trình thi công cầu đường', 'đọc và hiểu bản vẽ kỹ thuật', 'làm việc nhóm và giải quyết vấn đề', 'tiếng anh chuyên ngành kỹ thuật']","• College's or Bachelor’s degree in Marketing, Commerce, Economics, Media or related field. • Good experience in implementing advertising campaigns (eg: Google Ads, Facebook Ads.. )• At least 2 years of experience as a Digital marketing. • Working experience in the IT industry or being passionate about IT industry is a plus. • Creative, active, hard-working • Good communication • Fluent in English skills • Knowledge of SEO, Google Analytics and webmaster Tools is an advantage.",0.175,
233,medium,44524,11814,Huấn Luyện Viên,Quản lý Chi nhánh,"['kỹ năng huấn luyện cá nhân và nhóm', 'xây dựng giáo trình tập luyện', 'kiến thức về dinh dưỡng thể thao', 'sơ cứu cơ bản', 'giao tiếp và tạo động lực']","- Kinh nghiệm 1 năm trở lên ở vị trí tương đương- Có khả năng xử lý tình huống nhanh nhạy- Có khả năng làm việc nhóm tốt - Trung thực, hòa nhã, nhanh nhẹn, chuyên nghiệp - Có kinh nghiệm về mỹ phẩm, chăm sóc da. - Thao tác cơ bản các ứng dụng văn phòng như word, excel",0.513,
234,random,44524,4937,Huấn Luyện Viên,Trưởng Phòng Tuyển Sinh Du Học Úc,"['kỹ năng huấn luyện cá nhân và nhóm', 'xây dựng giáo trình tập luyện', 'kiến thức về dinh dưỡng thể thao', 'sơ cứu cơ bản', 'giao tiếp và tạo động lực']","1. Nam/Nữ tuổi từ 24 - 30.2. Kinh nghiệm: Có ít nhất 1-2 năm kinh nghiệm ở vị trí trưởng phòng Sales/bán hàng.4. Kỹ năng/Kiến thức: - Có kỹ năng lập kế hoạch làm việc, tổ chức triển khai công việc đạt mục tiêu được giao.- Kỹ năng giao tiếp, thuyết trình, đàm phán, xử lý tình huống tốt.5. Tác phong nhanh nhẹn.6. Là người chủ động trong công việc, yêu thích kinh doanh, trách nhiệm cao trong công việc, chăm chỉ, chịu khó",0.307,
235,high,27644,13341,Chuyên Viên Nhân Sự,Nhân viên Hỗ trợ tuyển dụng và đối tác nhân sự,"['kiến thức cơ bản về luật lao động, Bhxh, Bhyt', 'soạn thảo hợp đồng lao động, Quyết định, Công văn', 'kỹ năng tổ chức sự kiện nội bộ', 'sử dụng thành thạo microsoft office (word, Excel, Powerpoint)', 'kỹ năng giao tiếp và làm việc nhóm', 'chủ động, Cẩn thận và có trách nhiệm']","•Tốt nghiệp Cao đẳng, kinh nghiệm 1 năm trong lĩnh vực Nhân sự, có kinh nghiệm tuyển dụng là một lợi thế. •Có kỹ năng giao tiếp cá nhân tốt, có định hướng làm việc nhóm. •Sử dụng thành thạo Word, Excel •Sẵn sàng học hỏi, tiếp cận nhanh với công việc mới xử lý. •Tăng lương hàng năm. •Chế độ nghỉ phép 15 ngày/năm.",0.91,
236,medium,27644,555,Chuyên Viên Nhân Sự,Kỹ Thuật Mềm (Thu Nhập 8-12 Triệu/Tháng) - Nghệ An,"['kiến thức cơ bản về luật lao động, Bhxh, Bhyt', 'soạn thảo hợp đồng lao động, Quyết định, Công văn', 'kỹ năng tổ chức sự kiện nội bộ', 'sử dụng thành thạo microsoft office (word, Excel, Powerpoint)', 'kỹ năng giao tiếp và làm việc nhóm', 'chủ động, Cẩn thận và có trách nhiệm']","Nam, tuổi từ 18 – 27, tốt nghiệp THPT trở lênGiao tiếp thân thiên, vui vẻ, thích chia sẻ kiến thức công nghệ cho khách hàngĐã từng dùng, am hiểu ,yêu thích các hệ điều hành và các sản phẩm công nghệƯu tiên tốt nghiệp các chuyên ngành khối ngành CNTT, Tin học, Điện tử Viễn Thông…Trung thực, chăm chỉ và chịu được áp lực công việc",0.556,
237,random,27644,6338,Chuyên Viên Nhân Sự,Biên Kịch Phim Hoạt Hình,"['kiến thức cơ bản về luật lao động, Bhxh, Bhyt', 'soạn thảo hợp đồng lao động, Quyết định, Công văn', 'kỹ năng tổ chức sự kiện nội bộ', 'sử dụng thành thạo microsoft office (word, Excel, Powerpoint)', 'kỹ năng giao tiếp và làm việc nhóm', 'chủ động, Cẩn thận và có trách nhiệm']","Ưu tiên có kinh nghiệm làm việc thực tế trong lĩnh vực sáng tạo nội dung.Có nhiều ý tưởng mới lạ, khả năng tưởng tượng tốt.Có khả năng viết kịch bản chi tiết.Yêu thích phim hoạt hình, trẻ em, hiểu tâm lý trẻ em.Tinh thần học hỏi, cải thiện không ngừng.Tương tác tốt với ekip khi làm việc.",0.215,
238,medium,9317,596,Ứng Tuyển:nhân Viên An Toàn Lao Động,Lập Trình Viên Java Big Data (Lương Từ 12 Đến 25 Triệu),"['kiến thức pháp luật về an toàn vệ sinh lao động (atvslđ)', 'đánh giá rủi ro và nhận diện nguy hiểm', 'lập kế hoạch và huấn luyện an toàn', 'kỹ năng sơ cứu cơ bản', 'soạn thảo báo cáo an toàn', 'giao tiếp và thuyết trình', 'làm việc nhóm']","Có kiến thức về cấu trúc dữ liệu và giải thuật và các cơ sở dữ liệu: SQL, NoSQL.Có kinh nghiệm làm việc từ 1 năm trở lên với ngôn ngữ Java (bắt buộc có làm về BackEnd).Làm việc với Big Data từ 1 năm kinh nghiệm trở lên.Yêu cầu thành thạo: Maven, Log4j, Git, Linux.Có kiến thức về Hadoop, Spark.Có kiến thức về Flink là 1 lợi thế.Có khả năng đọc tài liệu tiếng anh.Khả năng tư duy tốt và ham học hỏi là lợi thế.Ưu tiên: Ứng viên vui vẻ, hòa đồng, tinh thần đoàn kết, giúp đỡ nhau, làm việc nhóm tốt, cầu tiến là 1 lợi thếThông tin thêm: Tech Stack mà dự án đang dùng: Linux, Apache, Java/Scala, NoSQL",0.564,
239,random,9317,3829,Ứng Tuyển:nhân Viên An Toàn Lao Động,Nhân Viên Kỹ Thuật Cửa Hàng Điện Thoại - Thu Nhập Từ 7 - 12 Triệu,"['kiến thức pháp luật về an toàn vệ sinh lao động (atvslđ)', 'đánh giá rủi ro và nhận diện nguy hiểm', 'lập kế hoạch và huấn luyện an toàn', 'kỹ năng sơ cứu cơ bản', 'soạn thảo báo cáo an toàn', 'giao tiếp và thuyết trình', 'làm việc nhóm']",". Độ tuổi: Từ 18 -28. Ưu tiên có kinh nghiệm làm chuyên ép kính,tháo lắp thay thế linh kiện. Trung thực, có trách nhiệm, giao tiếp tốt. Yêu thích, chủ động tìm tòi các kiến thức mới về sửa chữa. Thành thạo các kỹ năng tháo ráp, thay thế linh kiện. Kỹ năng giao tiếp tốt tư vấn hỗ trợ khách hàng",0.162,
240,medium,15869,323,Trưởng Bộ Phận An Ninh,Trưởng Phòng Kinh Doanh Dự Án Giáo Dục (Thành Thạo Tiếng Anh),"['lãnh đạo và quản lý đội nhóm', 'lập kế hoạch an ninh', 'xử lý tình huống khẩn cấp', 'kỹ năng giám sát', 'võ thuật tự vệ']","Đã có 2 năm kinh nghiệm trong lĩnh vực công nghệ.Kỹ năng giao tiếp, tạo động lực cho nhân viên, team work tốt.Chăm chỉ, bền bỉ, tính tuân thủ cao.Khả năng đưa ra quyết định.Khả năng chịu áp lực tốt, kỹ năng xử lý tình huống khéo léo.Tiếng Anh: bắt buộc vì làm việc với AppleKinh nghiệm: 2 năm bán hàng dự án trong ngành dự án ICTQuan hệ : có mối hệ hoặc có khả năng phát triển mối quan hệ với các trường quốc tế và trường tư thục Có khả năng xây dựng được thương hiệu cá nhân",0.513,
241,random,15869,1795,Trưởng Bộ Phận An Ninh,Nhân Viên Pricing,"['lãnh đạo và quản lý đội nhóm', 'lập kế hoạch an ninh', 'xử lý tình huống khẩn cấp', 'kỹ năng giám sát', 'võ thuật tự vệ']","-Trình độ học vấn: Tốt nghiệp Cao đẳng trở lên, Có kinh nghiệm tối thiểu 01 năm ở vị trí tương đương.. -Tin học văn phòng & các ứng dụng Internet thành thạo.. -Tiếng anh chuyên ngành tốt.. -Linh hoạt, kỹ năng giao tiếp, đàm phán, thuyết phục tốt.. -Tác phong nhanh nhẹn, nhiệt tình, làm việc với trách nhiệm cao và hiểu rõ tầm quan trọng của vị trí Pricing.",0.23,
242,medium,38866,11199,Nhân Viên Bảo Trì Điện Lạnh(đang Tìm Việc),THỰC TẬP SINH LẬP TRÌNH MOBILE,"['sửa chữa, Bảo dưỡng điều hòa dân dụng và công nghiệp', 'hệ thống vrv/vrf', 'kiểm tra gas, Xử lý rò rỉ', 'đọc hiểu bản vẽ kỹ thuật điện lạnh', 'sử dụng dụng cụ chuyên dụng', 'xử lý sự cố điện lạnh nhanh chóng', 'an toàn lao động điện lạnh']","1. Ham học hỏi, có khả năng tự học, tự nghiên cứu và chủ động trong công việc. 2. Chấp nhận các sinh viên chưa có kinh nghiệm. 3. Có khả năng làm việc nhóm, độc lập,... 4. Có hiểu biết kiến thức về ngành 5. Có laptop, ưu tiên làm fulltime.",0.653,
243,random,38866,3554,Nhân Viên Bảo Trì Điện Lạnh(đang Tìm Việc),Phó Ca Bếp,"['sửa chữa, Bảo dưỡng điều hòa dân dụng và công nghiệp', 'hệ thống vrv/vrf', 'kiểm tra gas, Xử lý rò rỉ', 'đọc hiểu bản vẽ kỹ thuật điện lạnh', 'sử dụng dụng cụ chuyên dụng', 'xử lý sự cố điện lạnh nhanh chóng', 'an toàn lao động điện lạnh']","– Có kiến thức về ẩm thực, vệ sinh an toàn thực phẩm, cách chuẩn bị thức ăn, lựa chọn nguyên liệu.– Phải có kỹ năng lãnh đạo và quản lý vì Bếp Phó phải quản lý nhân sự trong bếp ăn, giám sát và báo cáo công việc cho Bếp Trưởng, sắp xếp bố trí thời gian hợp lý.– Có khẩu vị tinh tế, cảm giác về các món ăn chuẩn xác để đảm bảo chất lượng món ăn khi phục vụ cho thực khách.– Có kiến thức cơ bản về sức khỏe, dinh dưỡng. Am hiểu các tiêu chuẩn vệ sinh an toàn và có ít nhất hai năm kinh nghiệm về nghề bếp.",0.116,
244,medium,29336,6892,Nhân Viên Kiểm Nghiệm&nbsp;,Trưởng Phòng Khai Thác Dịch Vụ Số,"['phân tích hóa lý', 'kiểm nghiệm vi sinh', 'vận hành và bảo trì thiết bị thí nghiệm (hplc, Gc, Uv-vis)', 'tuân thủ tiêu chuẩn iso, Gmp', 'báo cáo và phân tích dữ liệu', 'giải quyết vấn đề', 'làm việc nhóm và độc lập']","Có ít nhất 2 năm kinh nghiệm quản lý vị trí tương đương Tốt nghiệp đại học chuyên ngành QTKD, MarketingKỹ năng quản lý và phát triển đội nhómKỹ năng lập kế hoạch, thuyết trìnhTư duy độc lập, quyết đoánKỹ năng giao tiếp tốt (Anh & Việt)Trung thực & công bằngƯu tiên ứng viên:Đang công tác trong lĩnh vực TMĐTCó kinh nghiệm về phát triển MerchandisingCó kinh nghiệm về lĩnh vực bản quyền giải tríAm hiểu thể thao (bóng đá, bóng rổ, ...) là 1 lợi thế",0.574,
245,random,29336,6247,Nhân Viên Kiểm Nghiệm&nbsp;,Nhân Viên Chăm Sóc Khách Hàng (Mảng Bóng Đá),"['phân tích hóa lý', 'kiểm nghiệm vi sinh', 'vận hành và bảo trì thiết bị thí nghiệm (hplc, Gc, Uv-vis)', 'tuân thủ tiêu chuẩn iso, Gmp', 'báo cáo và phân tích dữ liệu', 'giải quyết vấn đề', 'làm việc nhóm và độc lập']","- Có khả năng quản lý đội sale partime- Có tầm nhìn và khả năng truyền đạt tầm nhìn, tạo động lực cho các nhân sự phía dưới- Có khả năng học hỏi nhanh và phát triển bản thân- Chăm chỉ và chịu khó , kiên trì với công việc",0.199,
246,medium,17118,9773,Nhân Viên,Nhân Viên Kinh Doanh,"['giao tiếp nhẹ nhàng, Lịch sự', 'tin học văn phòng cơ bản', 'học hỏi nhanh', 'tinh thần trách nhiệm', 'chịu được áp lực công việc']","- Nam/nữ (độ tuổi từ 25 đến 40 tuổi); - Tốt nghiệp Đại học các ngành Xây Dựng, Kiến Trúc, khối ngành kỹ thuật. biết đọc bản vẽ kiến trúc xây dựng.- ĐAM MÊ kinh doanh;- Có laptop & phương tiện đi lại;- Thành thạo tin học văn phòng, biết vẽ CAD là một lợi thế.- Năng động, sáng tạo, ham thích tìm tòi khám phá, trung thực, thật thà, muốn gắn bó lâu dài;- Có tinh thần trách nhiệm cao trong công việc, có thái độ làm việc nghiêm túc, chăm chỉ, nhiệt tình, hài hước, hòa đồng… - Yêu cầu đã có kinh nghiệm 1 năm trở lên làm nhân viên kinh doanh các ngành liên quan đến xây dựng",0.591,
247,random,17118,811,Nhân Viên,Thực Tập Sinh Phát Triển Sản Phẩm Tiếng Anh,"['giao tiếp nhẹ nhàng, Lịch sự', 'tin học văn phòng cơ bản', 'học hỏi nhanh', 'tinh thần trách nhiệm', 'chịu được áp lực công việc']","Trình độ: Sinh viên trong thời gian thực tập hoặc mới ra trường chuyên ngành Marketing, Quản trị kinh doanh, Ngôn ngữ Anh hoặc liên quan;Kiến thức/kỹ năng:Kỹ năng lập bảng biểu, khảo sát thị trường;Kỹ năng tin học văn phòng (word, excel, powerpoint) và trang thiết bị văn phòng;Khả năng sử dụng tiếng Anh trong giao tiếp",0.373,
248,medium,44256,2462,Nhân Viên Tư Vấn,Nhân Viên Sales,"['kỹ năng tư vấn bán hàng chuyên nghiệp', 'thuyết phục và đàm phán', 'chăm sóc khách hàng', 'xây dựng mối quan hệ', 'kỹ năng tin học văn phòng']","- Thích học hỏi, Thích sự năng động, thích kinh doanh, thích chinh phục để đạt thu nhập cao.- Chưa có kinh nghiệm: sẽ được đào tạo. Vì vậy rất phù hợp với ứng viên mới ra trường, muốn thử thách bản thân và không ngại khó học hỏi để phát triển kỹ năng.- Quan trọng là KHẢ NĂNG: Xét khả năng, không xét “tiêu chí” bằng cấp.- Có thể tốt nghiệp từ các ngành khác",0.61,
249,random,44256,961,Nhân Viên Tư Vấn,Chuyên Viên Kinh Doanh Biết Tiếng Trung (Hsk 6) - Han,"['kỹ năng tư vấn bán hàng chuyên nghiệp', 'thuyết phục và đàm phán', 'chăm sóc khách hàng', 'xây dựng mối quan hệ', 'kỹ năng tin học văn phòng']","University Graduated (Major in Science or Engineering related is preferable)Over 25 years oldHave sales experienceChinese level: HKS 6 or equivalentGood command of EnglishStrong communication skillsProblem-solving skills & Teamwork spiritEnthusiasm, dynamic, passionate in salesPreferUniversity major in Science or Engineering relatedHave experience in plastics /resins sales",0.214,
250,medium,5513,10812,Nhân Viên Vật Tư Xây Dựng,Nhân Viên IT Chuyên Bất Động Sản,"['kỹ năng tìm kiếm và đánh giá nhà cung cấp', 'kiến thức cơ bản về vật liệu xây dựng', 'kỹ năng đàm phán và thương lượng', 'tin học văn phòng (excel, Word)', 'khả năng làm việc nhóm', 'tổ chức và quản lý hồ sơ']","Yêu cầu- Có kỹ năng về quản trị web, IT (mạng, phần cứng). - Có kỹ năng quản trị website bán hàng chuyên nghiệp. - Có kiến thức với Photoshop - Có kinh nghiệm tạo quảng cáo Adwords, Facebook và sử dụng thành thạo các công cụ SEO như Webmastertool, Google analytics là một lợi thế. - Có kiến thức tốt về WordPress, Quản trị Website, ưu tiên có kinh nghiệm. - Làm việc giờ hành chính - Có kinh nghiệm - Độ tuổi: từ 23 -55 tuổi",0.702,
251,random,5513,4377,Nhân Viên Vật Tư Xây Dựng,Nhân Viên Kinh Doanh - Không Yêu Cầu Kinh Nghiệm,"['kỹ năng tìm kiếm và đánh giá nhà cung cấp', 'kiến thức cơ bản về vật liệu xây dựng', 'kỹ năng đàm phán và thương lượng', 'tin học văn phòng (excel, Word)', 'khả năng làm việc nhóm', 'tổ chức và quản lý hồ sơ']","Trình độ học vấn: Cao đẳng, Đại học…Trình độ chuyên môn: Tốt nghiệp đại học chuyên ngành: các ngành kinh tế, marketing ….hoặc ứng viên có kinh nghiệm về trường đời, Bất động sản, các ngành nghề kinh doanh,...Kinh nghiệm: Không yêu cầu kinh nghiệm, chấp nhận sinh viên mới ra trườngGiới tính:mKhông yêu cầuĐộ tuổi: 20-45 tuổiYêu cầu ngoại ngữ: Không yêu cầuKiến thức: Hiểu biết về lĩnh vực kinh doanh của công tyYêu cầu khác: Có định hướng làm việc và phát triển lâu dài cùng với công ty.",0.179,
252,random,3022,7164,Kỹ Sư Tự Động Hoá,Nhân Viên Kinh Doanh,"['lập trình plc (siemens, Mitsubishi)', 'thiết kế mạch điện', 'scada/hmi', 'autocad electrical', 'đọc hiểu tài liệu kỹ thuật tiếng anh']","Sinh viên mới ra trường và có nguyện vọng làm SalesTrung thực, chính trực, hoà đồng, cầu tiến và có năng lực quản lý thời gian – làm việc nhómĐã học Năng Đoạn Kim Cương là một lợi thế",0.273,
253,high,41527,3569,Trợ Lí Kinh Doanh,Kế Toán Xây Dựng (Nam Định),"['kỹ năng tổ chức', 'giao tiếp hiệu quả', 'thành thạo ms office', 'xử lý dữ liệu', 'làm việc nhóm', 'tinh thần chủ động']","• Về kiến thức. - Có kiến thức có bản và chuyên sâu về kế toán, tài chính. - Hiểu biết về các khái niệm cơ bản liên quan đến ngành xây dựng như: bản vẽ thô, bản vẽ chi tiết, quyết toán công trình. - Đọc hiểu tốt bảng dự toán công trình. - Hiểu về luật thuế, các quy định luật pháp Việt Nam. • Về kỹ năng. - Kỹ năng giải quyết vấn đề. - Khả năng làm việc độc lập và phối hợp làm việc nhóm. - Kỹ năng tổ chức logic. • Ưu tiên ứng viên đến từ Huyện Vụ Bản, tỉnh Nam Định",0.914,
254,medium,41527,5338,Trợ Lí Kinh Doanh,Nhân Viên Hành Chính Văn Phòng / Admin Staff,"['kỹ năng tổ chức', 'giao tiếp hiệu quả', 'thành thạo ms office', 'xử lý dữ liệu', 'làm việc nhóm', 'tinh thần chủ động']","- Sức khoẻ tốt, từ 22 - 29 tuổi, có khả năng làm việc ngoài giờ và chịu được áp lực để phấn đấu.- Tiếng Anh giao tiếp - làm việc trực tiếp theo cách chuyên nghiệp với khách hàng nước ngoài trong tiếp đón, giao dịch hồ sơ.- Tốt nghiệp Cao Đẳng/ Đại học, ưu tiên chuyên ngành quản trị hành chính văn phòng/ văn thư lưu trữ.- Kỹ năng tin học văn phòng thạo, có khả năng xử lý các sự cố máy tính/ điện/ mạng là 1 lợi thế.- Có kiến thức về ISO 9001 2015, Kaizen 5S...- Không có vướng bận cá nhân, không làm việc hay kinh doanh riêng bên ngoài dưới mọi hình thức.- Phong cách làm việc bằng đam mê và đo lường bằng kết quả cuối cùng xuất sắc.- Thái độ tích cực, chịu học hỏi, quản lý khoa học, kỹ năng tổ chức công việc tốt, trung thực, trách nhiệm cao.- Tinh thần tập trung cho công việc, có định hướng gắn bó lâu dài và phát triển trong các năm tới",0.594,
255,random,41527,6638,Trợ Lí Kinh Doanh,QC Leader (Manual & Automation Test),"['kỹ năng tổ chức', 'giao tiếp hiệu quả', 'thành thạo ms office', 'xử lý dữ liệu', 'làm việc nhóm', 'tinh thần chủ động']","Education:. Majoring in Information Technology, Mathematics, Electronics and Telecommunications, Mechatronics and related fields.. Experience:. At least 2 years of experience as Tester or QC engineer.. At least 06 months/1 years experience in a Leader position.. Have experience in management software, Payment system, Insurance.... Excellent in creating a test case, test plan;. Confident to execute multiple types of the manual test; automation test. Good understanding of HTTP prototype, and RESTful APIs;. Be able to communicate complex concepts clearly and persuasively;. Confident to write SQL queries to retrieve data from the database;. Follow up the implementation of software in accordance with company norms, standards, and methodology. Good knowledge of the testing process, quality models, standards, ability to understand clients’ needs and create test strategies;. Familiar with Jira and Confluence to manage tasks and documents;. Learn new technologies and tools as business needs change and effectively incorporate them;. Good analytical and report writing skills, communication skills, problem-solving skills. Ability to work independently – self-directed.. Being able to write and execute automation test script with Selenium web driver is a plus;. Automate repetitive tasks with bash script, Python other scripting languages is a plus. Be passionate, willing to learn. Good understanding of performance and load testing (JMeter).. Experience in SQL Queries.. Experience with Agile (Scrum) and Test-Driven Development (TDD);. Experience in API testing using Postman or SOAPUI.. Medici encourages:. Able to work in a dynamic and ever-changing industry.. Solid understanding of the full mobile development life cycle, including automated testing and building.",0.393,
256,medium,36088,7515,Vận Hành Máy Cnc,Giám Đốc Pháp Lý ( Tiếng Trung 4 Kĩ Năng ),"['vận hành máy cnc (phay, Tiện)', 'lập trình g-code', 'đọc bản vẽ kỹ thuật', 'bảo trì máy móc', 'kiểm soát chất lượng', 'giải quyết sự cố', 'an toàn lao động', 'quản lý đội nhóm', 'tối ưu hóa quy trình']","- Thành thạo tiếng TRUNG 4 kĩ năng- Tốt nghiệp từ Cao đẳng trở lên chuyên ngành về Luật, Quản Trị Doanh Nghiệp,...- Nắm vững chuyên môn Luật Doanh Nghiệp, Luật Lao Động, Luật Môi Trường- Có kinh nghiệm ở vị trí tương đương từ 5 năm trở lên",0.733,
257,random,36088,5886,Vận Hành Máy Cnc,Trình Dược Viên,"['vận hành máy cnc (phay, Tiện)', 'lập trình g-code', 'đọc bản vẽ kỹ thuật', 'bảo trì máy móc', 'kiểm soát chất lượng', 'giải quyết sự cố', 'an toàn lao động', 'quản lý đội nhóm', 'tối ưu hóa quy trình']","-Tốt nghiệp trung cấp trở lên các ngành Y/Dược hoặc khối kinh tế (QTKD/Kinh tế/Tài chính/Marketing). -Có kinh nghiệm 1 năm trở lên. -Đam mê, yêu thích kinh doanh. -Giao tiếp tốt, có khả năng đàm phán, giải quyết vấn đề",0.399,
258,high,7034,11979,Trợ Giảng Văn Phòng,HỖ TRỢ BÁN HÀNG - NHÂN VIÊN KINH DOANH,"['hỗ trợ giảng dạy', 'tổ chức lớp học', 'quản lý tài liệu', 'giao tiếp hiệu quả', 'tin học văn phòng (word, Excel, Powerpoint)', 'xử lý tình huống']","1. Nam 2. Tốt nghiệp đại học , cao đẳng chuyên ngành cơ khí, hàn, điện, ô tô, Máy công trình 3. Đam mê kinh doanh thiết bị kỹ thuật 4. Có khả năng đi công tác độc lập 5. Sử dụng thành thạo máy tính văn phòng cơ bản (world, excel, powerpoint)",0.814,
259,medium,7034,11838,Trợ Giảng Văn Phòng,Nhân Viên Lễ Tân Full-Time Ngành Fitness - Ưu Đãi Tập Luyện Miễn Phí,"['hỗ trợ giảng dạy', 'tổ chức lớp học', 'quản lý tài liệu', 'giao tiếp hiệu quả', 'tin học văn phòng (word, Excel, Powerpoint)', 'xử lý tình huống']","Bạn chỉ cần: - Độ tuổi từ 18 trở lên - Có kinh nghiệm trong lĩnh vực chăm sóc khách hàng là một lợi thế - Chịu được áp lực, có khả năng làm việc nhóm và làm việc độc lập - Trung thực, ham học hỏi, chăm chỉ, sáng tạo, giao tiếp tốt - Siêng năng, chịu khó học hỏi - Ngoại ngữ: Tiếng Anh giao tiếp cơ bản - Tin học: Kỹ năng cơ bản về Excel & Word",0.722,
260,random,7034,4700,Trợ Giảng Văn Phòng,Giám Sát Nhà Hàng,"['hỗ trợ giảng dạy', 'tổ chức lớp học', 'quản lý tài liệu', 'giao tiếp hiệu quả', 'tin học văn phòng (word, Excel, Powerpoint)', 'xử lý tình huống']",Tuổi: 18 - 24 tuổi.Tốt nghiệp cao đẳng trở lên.Có ít nhất 06 tháng kinh nghiệm ở vị trí tương đương.,0.358,
261,high,14306,6768,"Nhân Viên Văn Phòng, Kế Toán","Nhân Viên Tư Vấn Tuyển Sinh - Ila Q. Đống Đa, Hà Nội","['kế toán cơ bản', 'excel', 'word', 'phần mềm kế toán (misa, Fast)', 'sắp xếp tài liệu', 'kỹ năng giao tiếp', 'cẩn thận', 'trung thực']","• Độ tuổi: 22 - 30, ưu tiên các bạn nữ.• Tốt nghiệp cao đẳng, đại học.• Kỹ năng tiếng Anh cơ bản• Làm việc theo ca.• Kỹ năng giao tiếp và thuyết phục tốt.",0.886,
262,medium,14306,11833,"Nhân Viên Văn Phòng, Kế Toán",Công Ty TTTI Tuyển Nam Nữ Lao Động Thời Vụ,"['kế toán cơ bản', 'excel', 'word', 'phần mềm kế toán (misa, Fast)', 'sắp xếp tài liệu', 'kỹ năng giao tiếp', 'cẩn thận', 'trung thực']",CÔNG TY TTI TUYỂN 100 NAM/NỮ LÀM THỜI VỤ TẠI KHU CHẾ XUẤT TÂN THUẬN . __________________ ==> TỔNG THU NHẬP : 8 TRIỆU/THÁNG ~ 11 TRIỆU/THÁNG . ==> THỦ TỤC NHẬN VIỆC : CMND/CCCD GỐC + 2 CMND/CCCD PHOTO + 2 HÌNH 3×4 ( HỒ SƠ BỔ SUNG SAU ) . ___________________ I . ĐIỀU KIỆN TUYỂN DỤNG - Nam/Nữ từ 18 ~ 40 tuổi ( chấp nhận đi ca và tăng ca ) . II . ĐỊA CHỈ CÔNG TY - Công Ty TTI _ Đường 16 ( khu chế xuất Tân Thuận ) _ Phường Tân Thuận Đông _ Quận 7 _ TP HCM . III . MỨC LƯƠNG- Lương ca 8 giờ ngày : 225.000đ/ 1 ngày công . - Lương ca 8 giờ đêm : 282.000₫/ 1 ngày công . - Lương ca 12 giờ ngày : 369.000₫/ 1 ngày công . - Lương ca 12 giờ đêm : 426.000₫/ 1 ngày công . - Tăng ca : 36.000₫/ 1 giờ . - Phụ cấp ca đêm : 57.000đ/ 1 đêm . - Phụ cấp chuyên cần : 300.000₫/ 1 tháng . IV . LIÊN HỆ TRỰC TIẾP : 0702 145 127- Vui lòng gọi trực tiếp bộ phận tuyển dụng để được xếp lịch phỏng vấn . - Tuyệt đối không thu hay nhận bất kỳ chi phí nào của người xin việc .,0.568,
263,random,14306,2879,"Nhân Viên Văn Phòng, Kế Toán",Backend Developers,"['kế toán cơ bản', 'excel', 'word', 'phần mềm kế toán (misa, Fast)', 'sắp xếp tài liệu', 'kỹ năng giao tiếp', 'cẩn thận', 'trung thực']","•At least 2-3 years on Web Development.•Experience with PHP and Node.js / TypeScript.•Experience with RESTful / GraphQL APIs and system integrations. •Experience with SQL databases, and NoSQL.•Experience with Gitlab, Docker and CI/CD.•Experience with AWS is a plus. •Strong knowledge in PHP and JavaScript language and framework NodeJS / TypeScript.•In-depth understanding of the capabilities and constraints of the following frameworks •Laravel ,Drupal ,Vue.js,React •Professional knowledge multi-platforms, network programming computer science fundamentals in data structures and design patterns..., and any new technology/language implied by work-related technology evolution.•Very good at research and development.•Flexibility and ability to adapt new technical changes as per project need.•Experienced with web frontend and cloud platforms is a plus. •Experienced on Web security (OWASP,..) is a plus.",0.285,
264,medium,22704,11479,Nhân Viên Buồng Phòng,Nhân viên Chăm sóc khách hàng,"['dọn dẹp vệ sinh', 'sắp xếp đồ đạc', 'sử dụng hóa chất an toàn', 'làm việc độc lập', 'chăm chỉ, Trung thực', 'chú ý chi tiết']","Tốt nghiệp trình độ trung cấp, cao đẳng trở lên trở lên, ưu tiên thuộc các chuyên ngành: Kinh tế, thương mại, quản trị kinh doanh, du lịch, ngoại ngữ… - Có chuyên môn, kinh nghiệm về trực tổng đài điện thoại, chăm sóc khách hàng, bán hàng là một lợi thế - Kỹ năng giao tiếp, trình bày thông tin tốt. - Số năm kinh nghiệm: từ 01 năm trở lên. - Thành thạo các kỹ năng máy văn phòng. - Trách nhiệm, trung thực, nhanh nhẹn và ham học hỏi.",0.522,
265,random,22704,10038,Nhân Viên Buồng Phòng,CÔNG TY ĐIỆN TỬ ĐAN MẠCH TUYỂN 500 NỮ LAO ĐỘNG CHÍNH THỨC TẠI KHU CÔNG NGHỆ CAO .,"['dọn dẹp vệ sinh', 'sắp xếp đồ đạc', 'sử dụng hóa chất an toàn', 'làm việc độc lập', 'chăm chỉ, Trung thực', 'chú ý chi tiết']",- Làm trong ngành điện tử chuyên sản xuất linh kiện điện thoại & tai nghe và máy trợ thính . - Được trang bị đầy đủ bảo hộ lao động khi đi làm tại công ty . - Không cần kinh nghiệm hay bằng cấp .- Được đào tạo nghề khi nhận việc .,0.265,
266,medium,20214,14237,Nhân Viên Kĩ Thuật,Nhân viên kế hoạch,"['kỹ năng sửa chữa, Bảo trì máy móc', 'đọc hiểu bản vẽ kỹ thuật', 'kiến thức về hệ thống điện, Cơ khí', 'xử lý sự cố kỹ thuật', 'làm việc nhóm và độc lập', 'thành thạo các công cụ đo lường chuyên dụng']","• Nhiệt huyết với công việc • Chăm chỉ chịu khó, có trách nhiệm • Tiếng Trung thành thạo 4 kỹ năng, nhanh nhẹn, chăm chỉ, chịu khó",0.524,
267,random,20214,9195,Nhân Viên Kĩ Thuật,Project Manager (Japanese) Tại Hà Nội - Up To $4000,"['kỹ năng sửa chữa, Bảo trì máy móc', 'đọc hiểu bản vẽ kỹ thuật', 'kiến thức về hệ thống điện, Cơ khí', 'xử lý sự cố kỹ thuật', 'làm việc nhóm và độc lập', 'thành thạo các công cụ đo lường chuyên dụng']","Ít nhất 03 năm kinh nghiệm ở vị trí tương đương, đã từng quản lý các dự án quy mô trên (10) ngườiTiếng Nhật N2 trở lênCó kiến thức nền tảng về phát triển phần mềmKỹ năng quản lý công việc, giám sát quy trình tốt và linh hoạt trong giải quyết vấn đề Có khả năng build team Tính chủ động cao trong công việc và chịu áp lực tốtCó kinh nghiệm làm việc với mô hình Agile/Scrum.",0.354,
268,high,30990,682,Kế Toán Nội Bộ,Kế Toán Tổng Hợp,"['kế toán tổng hợp', 'phần mềm kế toán misa, Fast', 'kiểm soát chi phí', 'lập báo cáo tài chính nội bộ', 'phân tích số liệu kế toán', 'tuân thủ luật kế toán và thuế']","- Tốt nghiệp Đại học trở lên chuyên ngành kế toán, kinh tế, quản trị kinh doanh,…- Có kinh nghiệm từ 1 năm trở lên ở vị trí kế toán tổng hợp hoặc các vị trí tương đương;- Có khả năng xử lý tình huống, giao tiếp trôi chảy, kỹ năng thuyết phục thương thảo tốt;- Chịu được áp lực trong công việc, có tinh thần cầu tiến, trách nhiệm, nhanh nhẹn và nhiệt tình;- Thành thạo vi tính, tin học văn phòng, phần mềm kế toán như Misa, FAST, internet.",0.921,
269,medium,30990,11836,Kế Toán Nội Bộ,KẾ TOÁN TỔNG HỢP,"['kế toán tổng hợp', 'phần mềm kế toán misa, Fast', 'kiểm soát chi phí', 'lập báo cáo tài chính nội bộ', 'phân tích số liệu kế toán', 'tuân thủ luật kế toán và thuế']","- Ít nhất 3 năm kinh nghiệm kế toán tổng hợp, thành thạo các công việc liên quan đến Kế toán thuế; - Tốt nghiệp chuyên ngành Kế toán, kiểm toán; - Độ tuổi dưới 35",0.669,
270,random,30990,13669,Kế Toán Nội Bộ,"Cần Nhân Viên Kinh Doanh, Tư Vấn Bán Hàng","['kế toán tổng hợp', 'phần mềm kế toán misa, Fast', 'kiểm soát chi phí', 'lập báo cáo tài chính nội bộ', 'phân tích số liệu kế toán', 'tuân thủ luật kế toán và thuế']","- Tốt nghiệp cao đẳng, đại học- Sẵn sàng đi công tác- Khả năng giao tiếp tốt, giọng nói dễ nghe, thân thiện, vui vẻ- Kỹ năng đàm phán, tư vấn, thuyết phục khách hàng- Thành thạo tin học văn phòng, soạn thảo văn bản- Kinh nghiệm: 2 năm trở lên- Độ tuổi: 24 - 33- Giới tính: Nam",0.267,
271,high,31686,4147,Thực Tập Sinh Kế Toán,Kế Toán Nội Bộ,"['kiến thức cơ bản về kế toán tài chính', 'sử dụng ms excel', 'cẩn thận, Tỉ mỉ, Trung thực', 'tinh thần học hỏi cao', 'khả năng làm việc nhóm và độc lập', 'tiếng anh cơ bản']","- Chăm chỉ, cẩn thận, có trách nhiệm cao trong công việc.- Tốt nghiệp Đại Học trở lên.- Đã có kinh nghiệm đi làm ít nhất 1 năm trở lên.- Độ tuổi từ 20 đến 35 Tuổi- Kỹ năng vi tính văn phòng tốt, sử dụng thành thạo Word, Excel- Trung thực, nhanh nhẹn, biết sắp xếp và điều phối công việc linh hoạt- Làm việc độc lập và theo nhóm tốt.",0.856,
272,medium,31686,13266,Thực Tập Sinh Kế Toán,CTV Bán Hàng Online Tại Nhà,"['kiến thức cơ bản về kế toán tài chính', 'sử dụng ms excel', 'cẩn thận, Tỉ mỉ, Trung thực', 'tinh thần học hỏi cao', 'khả năng làm việc nhóm và độc lập', 'tiếng anh cơ bản']","Cần Có 1 Trong Các Thiết Bị Liên Quan : Máy Tính ,Điện Thoại , Ipad Có Kết Nối Mạng . - Chăm Chỉ , Có Trách Nhiệm Trong Công Việc Khi Đã Nhận Việc Thành Công. - Đam Mê Kiếm Tiền. - Có Tài Khoản Ngân Hàng/ Ví Điện Tử Để Nhận Lương. - Không Yêu Cầu Tuổi Tác , Một Vĩ Nhân Từng Nói : Tuổi Tác Không Quan Trọng , Quan Trọng Là Làm Nên Việc Hay Không .",0.567,
273,random,31686,6342,Thực Tập Sinh Kế Toán,Phó Phòng Kế Toán,"['kiến thức cơ bản về kế toán tài chính', 'sử dụng ms excel', 'cẩn thận, Tỉ mỉ, Trung thực', 'tinh thần học hỏi cao', 'khả năng làm việc nhóm và độc lập', 'tiếng anh cơ bản']","- Tốt nghiệp Đại học chuyên ngành kế toán, kiểm toán- Có ít nhất 2 năm kinh nghiệm làm Kế toán trưởng hoặc phó phòng kế toán trong các Công ty cổ phần- Có kỹ năng quản lý đội nhóm tốt- Chịu được áp lực công việc",0.235,
274,high,7746,10306,Sinh Viên Năm 2 Trường Đại Học Sư Phạm Thành Phố Hồ Chí Minh,TUYỂN DỤNG NHÂN VIÊN CHUYÊN VIÊN KINH DOANH,"['kỹ năng giao tiếp', 'làm việc nhóm', 'tổ chức sự kiện (sinh viên)', 'khả năng thuyết trình', 'sử dụng tin học văn phòng', 'tinh thần học hỏi & trách nhiệm']","YÊU CẦU ỨNG VIÊN - Trình độ Trung cấp trở lên - Có 1-2 năm kinh nghiệm sale trong ngành truyền thông, quảng cáo, sự kiện, dịch vụ - Trung thực, nhiệt tình, cầu thị, thái độ làm việc nghiêm túc, trách nhiệm trong công việc, chịu được áp lực công việc. - Có kỹ năng phân tích tổng hợp tốt. Giao tiếp tốt và biết cách tạo dựng các mối quan hệ đối ngoại - Biết lên kế hoạch, tổng kết báo cáo - Có khả năng sáng tạo thông điệp truyền thông, Marketing - Có khả năng làm việc độc lập và theo nhóm - Chủ động trong công việc, hỗ trợ đồng nghiệp và có ý thức tốt trong việc chăm sóc khách hàng. - Kỹ năng giao tiếp, thuyết trình, thuyết phục tốt, giọng nói chuẩn dễ nghe, có khả năng thuyết trình trước đám đông, MC -Yêu thích công việc kinh doanh, tư vấn, chăm sóc khách hàng. - Nhanh nhẹn, sáng tạo, xử lý tình huống tốt, sử dụng tin học văn phòng cơ bản, khai thác tốt internet. - Ưu tiên: + Các ứng viên biết tiếng anh & ngoại hình, am hiểu về quảng cáo truyền hình, sản xuất TVC quảng cáo, có mối quan hệ (account) về lĩnh vực quảng cáo trong các đơn vị truyền thông, quảng cáo, giáo dục – đào tạo, kỹ năng, pháp lý, kêu gọi tài trợ… + Các ứng ứng viên có kinh nghiệm trong lĩnh vực truyền thông, báo chí, truyền hình, kinh doanh khai thác tài trợ, quảng cáo.",0.868,
275,medium,7746,7058,Sinh Viên Năm 2 Trường Đại Học Sư Phạm Thành Phố Hồ Chí Minh,Nhân Viên Bán Hàng Theo Ca Lương Cứng Từ 6 Triệu,"['kỹ năng giao tiếp', 'làm việc nhóm', 'tổ chức sự kiện (sinh viên)', 'khả năng thuyết trình', 'sử dụng tin học văn phòng', 'tinh thần học hỏi & trách nhiệm']","Có kinh nghiệm bán hàng, làm dịch vụ. Chú trọng vào trải nghiệm khách hàng. Kỹ năng giao tiếp và dẫn dắt câu chuyện tốt. Là người hướng tới chiều sâu và bình yên. Có phong cách, cá tính riêng. Thích nghi tốt với sự thay đổi liên tục của cửa hàng. Ưu tiên ứng viên có khả năng giao tiếp Tiếng Anh. Có khả năng gắn bó lâu dài",0.538,
276,random,7746,5876,Sinh Viên Năm 2 Trường Đại Học Sư Phạm Thành Phố Hồ Chí Minh,Nhân Viên Chế Độ Chính Sách (Thời Vụ 6 Tháng),"['kỹ năng giao tiếp', 'làm việc nhóm', 'tổ chức sự kiện (sinh viên)', 'khả năng thuyết trình', 'sử dụng tin học văn phòng', 'tinh thần học hỏi & trách nhiệm']","Thành thạo Excel, tin học văn phòng.Tối thiểu 6 tháng kinh nghiệm.Am hiểu luật bảo hiểm Việt Nam và các bộ luật liên quan đến chính sách nhân sự.Chuyên ngành bảo hiểm; Quản trị nhân lực hoặc các chuyên ngành khác liên quan.",0.213,
277,high,4282,2311,Kỹ Thuật Viên,Nhân Viên Xuất Nhập Khẩu,"['sử dụng cơ bản adobe premiere, After effects', 'kiến thức về thiết bị quay phim, Âm thanh, Ánh sáng', 'kỹ năng làm việc nhóm', 'chịu được áp lực công việc cao', 'cẩn thận, Tỉ mỉ']","- Tốt nghiệp Cao đẳng trở lên,- Cẩn thận, nhanh nhẹn, thật thà, có trách nhiệm,- Kỹ năng giao tiếp tốt, năng động, khả năng làm việc dưới áp lực cao,- Không yêu cầu kinh nghiệm, có thể được đào tạo,- Sử dụng thành thạo các kỹ năng tin học văn phòng,- Giới tính Nam.",0.871,
278,medium,4282,8722,Kỹ Thuật Viên,Nhân Viên Điều Phối Tại Quận 2,"['sử dụng cơ bản adobe premiere, After effects', 'kiến thức về thiết bị quay phim, Âm thanh, Ánh sáng', 'kỹ năng làm việc nhóm', 'chịu được áp lực công việc cao', 'cẩn thận, Tỉ mỉ']","Có hiểu biết về mảng bán lẻ hoặc thương mại điện tử là một lợi thếKỹ năng xử lý vấn đề và suy nghĩ logicCó tinh thần làm việc nhóm và tính trách nhiệm caoCó thể làm việc theo ca & cuối tuầnKỹ năng máy tính tốt, đặc biệt là ExcelTốt nghiệp Đại học/ Cao đẳng.",0.632,
279,random,4282,9071,Kỹ Thuật Viên,Nhân Viên Bán Hàng Bình Dương (Lương Đến 10 Triệu/Tháng),"['sử dụng cơ bản adobe premiere, After effects', 'kiến thức về thiết bị quay phim, Âm thanh, Ánh sáng', 'kỹ năng làm việc nhóm', 'chịu được áp lực công việc cao', 'cẩn thận, Tỉ mỉ']","Nam/Nữ từ 20 - 28 tuổiNăng động, máu lửa, nhiệt huyếtCó kinh nghiệm bán hàng là một lợi thế, có khả năng giao tiếp tốtCó khả năng sử dụng máy tính cơ bảnTốt nghiệp Trung cấp trở lên",0.24,
280,high,23098,2363,Lao Động Phổ Thông,Nhân Viên Trực Page ( Sales Online Sàn Thương Mại Điện Tử ) - Thu Nhập 7 - 8 Triệu,"['sức khỏe tốt', 'trung thực', 'chăm chỉ', 'khả năng làm việc nhóm', 'tuân thủ quy định', 'tinh thần học hỏi', 'chịu khó']","- Nữ, tuổi từ 18 đến 26 tuổi, có sức khỏe tốt.. - Kỹ năng giao tiếp tốt, thành thạo vi tính văn phòng.. - Thành thạo cách sử dụng các trang thương mại điện tử như shopee, tiki, facebook, website …. - Trung thực, chăm chỉ, nhanh nhẹn. (Biết Tiếng Anh là 1 lợi thế)",0.92,
281,medium,23098,3380,Lao Động Phổ Thông,System Admin (IT Server) (10-20 Triệu) - Phỏng Vấn Online,"['sức khỏe tốt', 'trung thực', 'chăm chỉ', 'khả năng làm việc nhóm', 'tuân thủ quy định', 'tinh thần học hỏi', 'chịu khó']","Thành thạo Linux, Raid & Quản trị Nginx, MongoDB. Có kinh nghiệm tối thiểu > 2 năm ở vị trí tương đương. Chăm chỉ, nhiệt tình, cẩn thận. Có laptop cá nhân để làm việc",0.661,
282,random,23098,7444,Lao Động Phổ Thông,Nhân Viên Kế Toán Thuế,"['sức khỏe tốt', 'trung thực', 'chăm chỉ', 'khả năng làm việc nhóm', 'tuân thủ quy định', 'tinh thần học hỏi', 'chịu khó']","Tốt nghiệp chuyên ngành kế toán, kiểm toánTrình độ: Từ cao đẳng trở lên;Hộ khẩu thường trú: Bắc Giang, Hưng YênƯu tiên: Tốt nghiệp khá, giỏi, thành thạo tin học văn phòng và phần mềm kế toán;Có tinh thần nhiệt huyết, hằng say lao động là một lợi thế.",0.183,
283,medium,1629,13960,Nhân Viên Kinh Doanh,Kế toán viên,"['tìm kiếm và tiếp cận khách hàng tiềm năng', 'tư vấn, Giới thiệu sản phẩm', 'chăm sóc khách hàng sau bán hàng', 'đàm phán và chốt hợp đồng', 'sử dụng phần mềm crm']","•Nữ tuổi từ 21-35. Tốt nghiệp Trung cấp/Cao đẳng/Đại học chuyên ngành kế toán. •Chấp nhận sinh viên mới ra trường. Ưu tiên: Kinh nghiêm 1 năm ở vị trí tương đương. •Biết sử dụng máy tính, thành thạo tin học văn phòng, word, excel. •Biết sử dụng phần mềm Misa. •Trung thực, thật thà, cẩn thận. •Nhạy bén với số liệu là một lợi thế. •Ưu tiên ứng viên có kinh nghiệm về sản xuất gia công",0.71,
284,random,1629,2099,Nhân Viên Kinh Doanh,Chemical Sales Executive - HCM,"['tìm kiếm và tiếp cận khách hàng tiềm năng', 'tư vấn, Giới thiệu sản phẩm', 'chăm sóc khách hàng sau bán hàng', 'đàm phán và chốt hợp đồng', 'sử dụng phần mềm crm']","University diploma in chemistry is requiredHave Sales experienceStrong written and verbal communication skillsGood presentation and negotiation skillsProblem-solving skill & Teamwork spiritEnthusiasm, dynamic, passionate in sales",0.316,
285,high,23163,2705,Phóng Viên,Nhân Viên Thiết Kế (Nội - Ngoại Thất),"['kỹ năng phỏng vấn và thu thập thông tin', 'viết tin bài báo chí ( phóng sự, Tin tức, Phỏng vấn)', 'biên tập và dựng video cơ bản', 'sử dụng thiết bị quay chụp chuyên nghiệp', 'kỹ năng giao tiếp và xử lý tình huống', 'nắm vững đạo đức nghề báo']","- Tốt nghiệp Đại học hoặc Cao đẳng các chuyên ngành thiết kế, chế tạo máy, cơ điện tử hoặc chuyên ngành tương đương khác.- Ưu tiên hiểu biết về máy móc trong sản xuất đồ gỗ, gia công áp lực (đột, dập).- Sử dụng tốt phần mềm thiết kế 2D, 3D: AutoCAD, Solidwork…- Khả năng đọc và dịch tài liệu tiếng anh liên quan đến chuyên môn.- Thành thạo tin học văn phòng.- Kỹ năng lập kế hoạch và tổ chức thực hiện công việc.- Kỹ năng làm việc theo nhóm và làm việc độc lập.- Kỹ năng nghiên cứu, phân tích, tổng hợp, báo cáo.- Có ít nhất 2 năm kinh nghiệm ở vị trí nhân viên thiết kế, kinh nghiệm thiết kế các sản phẩm nội – ngoại thất về gỗ/ thép/ Rattan sofa range.- Trung thực, cẩn thận, tinh thần trách nhiệm cao, chủ động trong công việc, chịu được áp lực công việc.",0.926,
286,medium,23163,2579,Phóng Viên,Giám Đốc Nhân Sự,"['kỹ năng phỏng vấn và thu thập thông tin', 'viết tin bài báo chí ( phóng sự, Tin tức, Phỏng vấn)', 'biên tập và dựng video cơ bản', 'sử dụng thiết bị quay chụp chuyên nghiệp', 'kỹ năng giao tiếp và xử lý tình huống', 'nắm vững đạo đức nghề báo']","Yêu cầu đối với ứng viênVề Diện mạo- Thông minh nhanh nhẹn.- Nhìn có chiều sâu, đáng tin cậy.- Nhìn thân thiện dễ gần.Về Phẩm chất- Năng lượng, hào sảng.- Hy sinh, bao dung nhưng không bao che.Về Tư duy- Tổng quát.- Logic.- Nhạy bén (nhanh chóng tìm ra lời giải cho một vấn đề).Về Kỹ năng- Nắm bắt tâm lý đọc vị người khác.- Các kỹ năng mềm tốt đặc biệt kỹ năng giao tiếp, thuyết trình truyền cảm hứng.- Kỹ năng hoạch định lập chiến lược, kế hoạch mạch lạc rõ ràng dễ hiểu.Về Kiến thức- Tâm lý học, xã hội học.- Kiến thức sâu rộng về nhân sự là hiển nhiên.- Hiểu biết rộng về nhiều khía cạnh kinh tế, xã hội, chính trị,…Về Kinh nghiệm làm việc- Tối thiểu 8 năm kinh nghiệm trong lĩnh vực nhân sự.- Có kinh nghiệm trong một số lĩnh vực tâm lý học, kinh doanh,.. là 1 lợi thế.Yếu tố phù hợp văn hóaCó phẩm chất đạo đức tốt. Luôn nghĩ, phấn đấu làm điều tốt cho chính bản thân và tổ chức.Hòa đồng, không có tâm tham lam, đố kỵ, ngạo mạn.Trung thực, chân thành.Luôn nghĩ mình còn thiếu nhiều kiến thức để khiêm tốn học hỏi.Dí dỏm và hài hước.",0.73,
287,random,23163,13668,Phóng Viên,02 nhân viên kế toán tại KCN Quế Võ 1,"['kỹ năng phỏng vấn và thu thập thông tin', 'viết tin bài báo chí ( phóng sự, Tin tức, Phỏng vấn)', 'biên tập và dựng video cơ bản', 'sử dụng thiết bị quay chụp chuyên nghiệp', 'kỹ năng giao tiếp và xử lý tình huống', 'nắm vững đạo đức nghề báo']","3 năm kinh nghiệm liên quan, ưu tiên trong các công ty sản xuất có vốn đầu tư nước ngoài. Kỹ năng và Khả năng Kiến thức: - Tiếng Anh giao tiếp cơ bản - Sẵn sàng làm việc chăm chỉ, ham học hỏi, đồng đội - Sáng kiến, trung thực, trách nhiệm cao và kỹ năng quản lý tốt. - Trình độ tin học: Word, Excel. - CV bằng tiếng Anh là bắt buộc.",0.206,
288,medium,4507,3766,Nhân Viên Y Tế,"Nhân Viên Kế Toán Bán Hàng, Kho, Công Nợ","['chăm sóc bệnh nhân chuyên sâu', 'thực hiện y lệnh của bác sĩ', 'kỹ năng tiêm truyền, Lấy máu thành thạo', 'tư vấn sức khỏe', 'xử lý tình huống cấp cứu cơ bản']","- 2 năm kinh nghiệm làm kho, công nợ- Thi hành nghiệp vụ chính xác và đúng qui định, nắm vững các kiến thức chuyên môn về kế toán.. - Kỹ năng giao tiếp, sắp xếp công việc và quản lý chứng từ tốt.. - Thành thạo vi tính văn phòng, thành thạo MS Word, Excel, phần mềm kế toán.. - Cần mẫn, cẩn thận, có trách nhiệm với công việc.. - Có sức khỏe tốt, nhanh nhẹn, hoạt bát, trung thực, nghiêm túc trong công việc.. - Đam mê công việc,hòa đồng.. - Cẩn thận, Trung thực, trách nhiệm.",0.587,
289,random,4507,13294,Nhân Viên Y Tế,Tuyển dụng Nhân viên Chăm sóc Khách hàng văn phòng,"['chăm sóc bệnh nhân chuyên sâu', 'thực hiện y lệnh của bác sĩ', 'kỹ năng tiêm truyền, Lấy máu thành thạo', 'tư vấn sức khỏe', 'xử lý tình huống cấp cứu cơ bản']","YÊU CẦU ỨNG VIÊN: ● Độ tuổi : 18 - 30. ● Không yêu cầu bằng cấp, kinh nghiệm, ngoại hình. ● Có giọng nói rõ ràng, dễ nghe. ● Có trách nhiệm với công việc.",0.317,
290,medium,168,7426,Tuyển Dụng Và Chăm Sóc Streamer,Nhân Viên Kinh Doanh,"['tuyển dụng và đào tạo', 'quản lý nhân tài (talent management)', 'kỹ năng đàm phán hợp đồng', 'phân tích xu hướng thị trường (livestream, Social media)', 'lập kế hoạch sự kiện']","- Tốt nghiệp Cao Đẳng trở lên chuyên ngành có liên quan (Ngành ngôn ngữ Anh, ngành quản trị kinh doanh, ngành xuất nhập khẩu,..)- Kinh nghiệm làm việc trong lĩnh vực: không yêu cầu- Sử dụng thành thạo Tiếng Anh 4 kỹ năng và các chương trình Word, Excel, P.point- Có khả năng thuyết trình, và giao tiếp tốt- Có khả năng làm việc độc lập, và làm việc theo đội nhóm.- Có khả năng lập kế hoạch, kiểm soát tiến độ công việc.",0.604,
291,random,168,7893,Tuyển Dụng Và Chăm Sóc Streamer,"Nhân Viên Đứng Máy In Kỹ Thuật Số , In Uv","['tuyển dụng và đào tạo', 'quản lý nhân tài (talent management)', 'kỹ năng đàm phán hợp đồng', 'phân tích xu hướng thị trường (livestream, Social media)', 'lập kế hoạch sự kiện']","Sử dụng máy tính thành thạoTrình độ từ 12/12 trở lênTrung thực, nhanh nhẹn, làm được trong môi trường năng động.",0.255,
292,medium,27197,4354,Thực Tập Về Thợ Máy,Nhân Viên Tư Vấn Du Học Và Xử Lý Hồ Sơ Tại Quận 1 - Hồ Chí Minh,"['đam mê kỹ thuật ô tô, Xe máy', 'sẵn sàng học hỏi', 'kỹ năng quan sát và phân tích cơ bản', 'làm việc nhóm', 'cẩn thận, Tỉ mỉ', 'thực hành cơ khí cơ bản']","1. Tốt nghiệp đại học trở lên;. 2. Có kỹ năng giao tiếp tốt và yêu thích làm việc trong môi trường giáo dục;. 3. Thành thạo Microsoft Office. 4. Có thể sử dụng tiếng Anh tốt (viết và nói) IELTS 5.5 – 6.0. 5. Trẻ trung, năng động và nhiệt huyết.",0.583,
293,random,27197,12380,Thực Tập Về Thợ Máy,[TOPS MARKET THẢO ĐIỀN] - NHÂN VIÊN QUẦY,"['đam mê kỹ thuật ô tô, Xe máy', 'sẵn sàng học hỏi', 'kỹ năng quan sát và phân tích cơ bản', 'làm việc nhóm', 'cẩn thận, Tỉ mỉ', 'thực hành cơ khí cơ bản']","Kiến thức - Kiến thức về kế toán hoặc ngân hàng Kỹ năng chuyên môn - Nghiệp vụ thu ngân Kỹ năng mềm - Quản lý thời gian - Làm việc nhóm - Giao tiếp, giải quyết tình huống",0.326,
294,random,3736,1769,….,Giám Sát Thị Trường,"['pha chế cơ bản (cà phê, Trà, Sinh tố)', 'kỹ năng phục vụ', 'giao tiếp với khách hàng', 'chăm chỉ, Ham học hỏi', 'vệ sinh quầy bar']","- Ưu tiên đã từng quản lý giám sát/ leader các dự án về Retail audit, Merchandising, Survey, Marketing research, activation- Có kinh nghiệm hiểu biết về nghiệp vụ và hoạt động kinh doanh của thị trường bán lẻ ngành hàng tiêu dùng- Biết lập kế hoạch giám sát và quản lý dự án.- Chủ động trong công việc, có thể đi công tác theo yêu cầu từ quản lý trực tiếp",0.123,
295,random,39969,7290,Telesales,Leader Marketing - Tại Hồ Chí Minh,"['giao tiếp qua điện thoại', 'kỹ năng lắng nghe và đặt câu hỏi', 'thuyết phục và chốt sales cơ bản', 'xử lý từ chối', 'nghiên cứu thông tin sản phẩm', 'kiên trì và chịu áp lực']","- Không yêu cầu giới tính, trong độ tuổi lao động, sức khỏe tốt.- Tốt nghiệp CĐ/ĐH các chuyên ngành Marketing, thương mại.- Vi tính văn phòng, có kinh nghiệm bán hàng trên các kênh E-Commerce: Lazada, tiki, shoppee, facebook- Nhanh nhẹn, chịu khó, có trách nhiệm và có khả năng chịu đựng được áp lực cao.- Có kinh nghiệm trong lĩnh vực thực phẩm, hàng tiêu dùng hoặc bán lẻ.",0.156,
296,medium,31822,7032,Nhân Viên Tư Vấn Và Thực Tập Sinh Logistics,Trưởng Nhóm Quản Lý Học Viên (Chi Nhánh Online),"['quản lý kho hàng', 'vận hành chuỗi cung ứng', 'phân tích dữ liệu logistic', 'sử dụng phần mềm quản lý (erp, Wms)', 'giải quyết vấn đề', 'kỹ năng giao tiếp khách hàng']","- Tốt nghiệp Đại học các chuyên ngành liên quan đến Tiếng Anh/Sư phạm tiếng Anh,...- Có kinh nghiệm giảng dạy tiếng Anh hoặc có kinh nghiệm làm leader tại các tổ chức giáo dục.- Có tư duy tốt, có kỹ năng tạo lập và triển khai kế hoạch.- Giao tiếp tốt bằng cả tiếng Anh và tiếng Việt.- Năng động, linh hoạt trong công việc, có khả năng kết nối.- Khả năng giải quyết vấn đề nhanh nhạy.- Có kỹ năng thương lượng tốt.- Làm việc theo nhóm và làm việc độc lập.",0.579,
297,random,31822,5761,Nhân Viên Tư Vấn Và Thực Tập Sinh Logistics,Senior Business Consultant,"['quản lý kho hàng', 'vận hành chuỗi cung ứng', 'phân tích dữ liệu logistic', 'sử dụng phần mềm quản lý (erp, Wms)', 'giải quyết vấn đề', 'kỹ năng giao tiếp khách hàng']","Sinh năm 1990 - 1995, có ít nhất 2-3 năm kinh nghiệm Sales B2B hoặc trải nghiệm full-time với kiến thức, kinh nghiệm về các phương pháp luận áp dụng trong quản trị doanh nghiệp, quản trị nhân sự (KPI, OKR,…)Ưu tiên ứng viên chứng minh được năng lực từ thành công trong quá khứ.Có khát vọng và tầm nhìn dài hạn, mong muốn kiến tạo giá trị cho xã hội.Có tham vọng và định hướng sự nghiệp rõ ràng, có sở thích kiếm tiền.Thích chinh phục thử thách và các cuộc chơi lớn; không ngại đón nhận ""việc lớn"" để vươn tầm - nâng cấp bản thân.Chăm chỉ, không ngại học hỏi, lăn xả, rèn luyện bản thân liên tục.Quyết liệt, kiên trì và luôn đấu tranh cho quyền lợi của Khách hàng.",0.146,
298,random,8764,2634,Kỹ Sư Xây Dựng(đang Tìm Việc),Thực Tập Sinh Video Editor,"['quản lý dự án xây dựng', 'giám sát thi công và kiểm soát chất lượng', 'thiết kế kết cấu (autocad, Sap2000, Etabs)', 'an toàn lao động và hse', 'lập kế hoạch và quản lý chi phí', 'lãnh đạo và quản lý đội nhóm']","Nhanh nhẹn, ham học hỏiCó tư duy tốt về nội dung, có khiếu hài hước, sáng tạo trong cách dựng. Có tư duy thẩm mỹ, cảm nhận âm nhạc tốtBiết sử dụng Premiere căn bản, hiểu biết căn bản về After Effect, Photoshop,...Sản phẩm đầu ra phong phú nên cách dựng linh hoạt bao gồm: các video giải trí trên tiktok, youtube, tvc, phim doanh nghiệp, marketing ads video, intro, outro,...",0.32,
299,medium,14871,10830,Giáo Viên Âm Nhạc(đang Tìm Việc),Giáo viên Toán THPT,"['giảng dạy piano/guitar', 'lý thuyết âm nhạc', 'sáng tác cơ bản', 'quản lý lớp học', 'giao tiếp với học sinh/phụ huynh', 'tổ chức biểu diễn']","Đã từng giảng dạy ôn thi tốt nghiệp lớp 12 tại các trường THPT. Đảm nhận được việc quản lý học sinh bán trú (buổi trưa) Linh hoạt trong giao tiếp, ứng xử và xử lý công việc tại Nhà trường",0.746,
300,random,14871,10230,Giáo Viên Âm Nhạc(đang Tìm Việc),Kế toán Tổng Hợp,"['giảng dạy piano/guitar', 'lý thuyết âm nhạc', 'sáng tác cơ bản', 'quản lý lớp học', 'giao tiếp với học sinh/phụ huynh', 'tổ chức biểu diễn']","Tốt nghiệp Cao đẳng, đại học chuyên ngành kế toán Có kinh nghiệm ít nhất 3 năm ở vị trí tương đương Chịu khó, nhanh nhẹn, nhạy bén",0.235,
301,medium,5864,2548,Nhân Viên Kinh Doanh(đang Tìm Việc),Chuyên Viên Quản Trị Vận Hành Hệ Thống - Dự Án Omni Channel,"['kỹ năng bán hàng và chốt đơn', 'đàm phán và thuyết phục', 'xây dựng mối quan hệ khách hàng', 'phân tích thị trường', 'sử dụng crm', 'kỹ năng làm việc nhóm']","1. Trình độ học vấn: • Tốt nghiệp Đại học/Cao đẳng các chuyên ngành Công nghệ thông tin hoặc các ngành khác tương đương2. Kinh nghiệm:• Tối thiểu 1 năm trong các lĩnh vực liên quan hệ thống, phần mềm, cơ sở dữ liệu, ưu tiên các ứng viên đã có kinh nghiệm quản lý các ứng dụng Ebanking tại các Ngân hàng.• Có kinh nghiệm triển khai, làm việc với native cloud như AWS, GCP, ACP • Có kinh nghiệm làm việc với docker và kubernetes • Có kiến thức về hạ tầng phần cứng, hiểu biết về ảo hóa hệ thống, HA, LoadBalancing, Scaling... • Hiểu biết về các vấn đề lỗi phát sinh của ứng dụng E-Banking/Digital Banking thường gặp• Hiểu biết về các hệ thống kết nối trung gian thanh toán trực tuyến, ví điện tử• Có kinh nghiệm lập trình, từng làm việc với hệ quản trị cơ sở dữ liệu (Oracle, MySQL, SQL Server, PostgreSQL...) là một lợi thế.• Có kỹ năng phân tích, nhìn nhận vấn đề, kỹ năng làm việc nhóm và giao tiếp tốt• Đam mê công nghệ thông tin, luôn sẵn sàng học tập, tiếp thu kiến thức mới.",0.52,
302,random,5864,9083,Nhân Viên Kinh Doanh(đang Tìm Việc),Phó Phòng Vận Hành,"['kỹ năng bán hàng và chốt đơn', 'đàm phán và thuyết phục', 'xây dựng mối quan hệ khách hàng', 'phân tích thị trường', 'sử dụng crm', 'kỹ năng làm việc nhóm']","-Có kinh nghiệm làm việc 2 năm trở lên ở vị trí leader ngành Sale/ CSKH B2B hoặc có kinh nghiệm vận hành. - Tư duy chủ động, chịu được áp lực công việc cao. - Kỹ năng quản lý nhân sự tốt, kỹ năng training nhân viên. - Có kỹ năng xây dựng kịch bản bán hàng, kỹ năng xử lý từ chối. - Nhanh nhẹn, năng động, linh hoạt, có thể làm việc độc lập và theo nhóm - Tính cách: cẩn thận, tỉ mỉ, chăm chỉ, tích cực và tinh thần trách nhiệm cao.- Kỹ năng: vi tính văn phòng tốt, am hiểu và sử dụng Tiếng Việt tốt, tư duy hệ thống và không ngại đổi mới.",0.392,
303,random,19372,64,Kỹ Sư Cơ Điện Tử,Nhân Viên Marketing Tổng Hợp,"['thiết kế mạch điện tử (altium)', 'lập trình vi điều khiển (plc, Arduino)', 'vẽ kỹ thuật (autocad, Solidworks)', 'tư duy logic', 'khả năng làm việc nhóm và học hỏi nhanh']","- Có tổi thiểu 6 tháng kinh nghiệm ở vị trí tương đương.- Ưu tiên khả năng tự quay và dựng video clip.- Thành thạo các phần mềm Premiere, PTS, Ai.- Sử dụng thành thạo máy ảnh để quay, chụp.- Tính cách nhiệt tình, năng động, cẩn thận chỉnh chu trong công việc.- Có tinh thần Teamwork, ham học hỏi tìm tòi cái mới, chủ động trong công việc.- Tốt nghiệp trung cấp trở lên",0.222,
304,high,689,7820,Nhân Viên Telesales,Nhân Viên Triển Khai Phần Mềm Nhân Sự,"['tư vấn sản phẩm qua điện thoại', 'chăm sóc khách hàng', 'xử lý tình huống', 'giọng nói truyền cảm, Dễ nghe', 'sử dụng crm']","• Tốt nghiệp chuyên ngành CNTT, Quản trị nhân lực, Tài chính kế toán. • Nhanh nhẹn, năng động, nhiệt tình và giao tiếp tốt, có khả năng làm việc độc lập hoặc theo nhóm. • Giọng nói chuẩn, dễ nghe. • Thái độ tự tin, thân thiện, lạc quan, cầu tiến, xử lý tình huống tốt. • Làm việc tốt với áp lực cao",0.856,
305,medium,689,2566,Nhân Viên Telesales,Nhân Viên Phòng Đào Tạo,"['tư vấn sản phẩm qua điện thoại', 'chăm sóc khách hàng', 'xử lý tình huống', 'giọng nói truyền cảm, Dễ nghe', 'sử dụng crm']","- Tốt nghiệp Đại học các chuyên ngành, ưu tiên các chuyên ngành tiếng Anh/sư phạm tiếng Anh,...- Ưu tiên ứng viên có kinh nghiệm giảng dạy từ 6 tháng - 1 năm hoặc đã có chứng chỉ IELTS/TOEFL iBT/TOEIC.- Khả năng giao tiếp, thuyết phục và đàm phán tốt.- Khả năng xử lý tình huống linh hoạt.- Cách sắp xếp công việc hiệu quả.- Làm việc theo nhóm tốt.- Nhanh nhẹn, nhiệt tình và kiên nhẫn.- Có thể làm việc theo ca, chịu áp lực tốt.",0.515,
306,random,689,967,Nhân Viên Telesales,Luật Sư - (Am Hiểu Về M&A- Bất Động Sản ),"['tư vấn sản phẩm qua điện thoại', 'chăm sóc khách hàng', 'xử lý tình huống', 'giọng nói truyền cảm, Dễ nghe', 'sử dụng crm']","Cử nhân luật từ một trường luật danh tiếng tại Việt Nam (ứng viên có thêm văn bằng về kinh tế/ quản trị sẽ được ưu tiên);Có tham vọng phát triển sự nghiệp thành công;Thích làm việc theo nhóm, kỹ năng giao tiếp tốt;Có khả năng phân tích, giải quyết và trình bày các vấn đề pháp lý liên quan. Ứng viên có kỹ năng phản biện sẽ được ưu tiên;Chấp nhận làm việc dưới áp lực cao và đi công tác xa;Ứng viên đã có kinh nghiệm xử lý một số giao dịch bất động sản và M&A của công ty . Ưu tiên giao tiếp bằng tiếng Anh;Sử dụng thành thạo các phần mềm vi tính văn phòng Microsoft Office 365: Outlook, Word, Excel, Power Point, OneDrive, SharePoint, Teams.",0.151,
307,medium,21844,14321,Nhân Viên Dịch Thuật(đang Tìm Việc),Nhân viên kinh doanh đại lý,"['dịch thuật chuyên nghiệp (việt - anh, Anh - việt)', 'biên tập và hiệu đính văn bản', 'sử dụng công cụ cat (trados, Memoq)', 'kỹ năng nghiên cứu và tra cứu', 'am hiểu thuật ngữ chuyên ngành', 'giao tiếp liên văn hóa', 'quản lý thời gian']","Tuổi từ 20 - 35 tuổi Tốt nghiệp cao đẳng trở lên chuyên ngành quản trị kinh doanh, makerting, kinh tế Có khả năng giao tiếp, đàm phàn và thuyết phục khách hàng Có khả năng lập kế hoạch, quản lý thời gian, công việc Chăm chỉ, trung thực và chịu được áp lực cao Có bằng lái xe ô tô là một lợi thế",0.7,
308,random,21844,1211,Nhân Viên Dịch Thuật(đang Tìm Việc),Nhân Viên Kinh Doanh Bất Động Sản Thu Nhập Từ 5-150 Triệu,"['dịch thuật chuyên nghiệp (việt - anh, Anh - việt)', 'biên tập và hiệu đính văn bản', 'sử dụng công cụ cat (trados, Memoq)', 'kỹ năng nghiên cứu và tra cứu', 'am hiểu thuật ngữ chuyên ngành', 'giao tiếp liên văn hóa', 'quản lý thời gian']","Không yêu cầu kinh nghiệmChăm chỉ, chịu khó, ham học hỏiCó ham muốn kiếm tiền",0.284,
309,random,7081,10957,Giám Sát Kỹ Thuật,Nhân viên Chăm Sóc Khách Hàng,"['quản lý dự án kỹ thuật', 'lãnh đạo và đào tạo đội nhóm', 'kiểm soát chất lượng điện tử', 'giải quyết sự cố hệ thống điện', 'đọc bản vẽ kỹ thuật chuyên sâu', 'an toàn điện công nghiệp', 'sử dụng phần mềm mô phỏng']","- Độ tuổi: Từ 20 tuổi trở lên - Trình độ học vấn: Tốt nghiệp THPT trở lên - Năng động, ham học hỏi, có trách nhiệm trong công việc",0.125,
310,medium,7857,6787,Nhân viên khách hàng,Nhân Viên Kiểm Đếm Kho (Hỗ Trợ Chứng Từ),"['giao tiếp hiệu quả', 'lắng nghe chủ động', 'giải quyết vấn đề', 'tin học văn phòng', 'kiên nhẫn', 'thấu hiểu khách hàng']","- Nhân viên Nam- Tốt nghiệp trung cấp, cao đẳng trở lên- Nhanh nhẹn, giải quyết vấn đề tốt- Chưa có kinh nghiệm được đào tạo",0.668,
311,random,7857,11467,Nhân viên khách hàng,Kỹ sư C và backend,"['giao tiếp hiệu quả', 'lắng nghe chủ động', 'giải quyết vấn đề', 'tin học văn phòng', 'kiên nhẫn', 'thấu hiểu khách hàng']","Tốt nghiệp Đại học chuyên ngành CNTT hoặc liên quanNắm rõ toàn bộ quá trình phát triển web (thiết kế, phát triển và thực thi) PhP, Wordpress. Có khả năng phát triển phần mềm trên Python/C#. Ưu tiên có kinh nghiệm phát triển các chương trình tự động (BOT) phục vụ cho digital marketing ( YouTube, Facebook, Telegram…), phần mềm điều khiển giả lập, điều khiển điện thoại thật,...",0.185,
312,high,3429,3220,Nhân Viên Chế Biến Thực Phẩm(đang Tìm Việc),Nhân Viên Pha Chế Mỹ Phẩm,"['sơ chế nguyên vật liệu', 'tuân thủ quy trình an toàn vệ sinh thực phẩm', 'sức khỏe tốt', 'chịu khó, Chăm chỉ', 'khả năng làm việc theo ca']","• Nhân viên Nam/Nữ - sinh năm 90 – 99 (Có kinh nghiệm 1 năm trong ngành pha chế)• Tốt nghiệp Trung cấp/ Cao đẳng/ Đại học Dược hoặc các chuyên ngành Hoá học – Ưu tiên các trường: Đại học Bách Khoa, Học Viên Quân Y, Đại học Công Nghiệp Hà Nội• Kỹ năng sử dụng máy tính thành thạo (Ưu tiên)• Chăm chỉ, Cẩn thận, Kiên trì, chịu được áp lực và có trách nhiệm trong công việc.• Nhiệt tình, năng động, sáng tạo, nhiệt huyết.",0.906,
313,medium,3429,4897,Nhân Viên Chế Biến Thực Phẩm(đang Tìm Việc),Chuyên Viên Content - Bất Động Sản,"['sơ chế nguyên vật liệu', 'tuân thủ quy trình an toàn vệ sinh thực phẩm', 'sức khỏe tốt', 'chịu khó, Chăm chỉ', 'khả năng làm việc theo ca']","1. Độ tuổi: 22 - 35 tuổi.2. Trình độ: Tốt nghiệp Đại Học trở lên.3. Chuyên ngành: Báo chí/Truyền thông/Marketing.…4. Kinh nghiệm: Tối thiểu 2 năm tại các vị trí tương đương trong các doanh nghiệp, tổ chức, các Tập đoàn.5. Ngoại ngữ: Có thể sử dụng thành thạo tiếng Anh (nghe, nói, đọc, viết).6. Tin học: Sử dụng thành thạo máy vi tính, các phần mềm văn phòng,…7. Kỹ năng:- Có kỹ năng viết báo tốt, tổ chức các sự kiện chương trình truyền thông nội bộ.- Có khả năng viết content sáng tạo, có những phương thức truyền thông độc đáo- Tư duy sáng tạo, đột phá, nhạy bén, có khả năng tiếp thu và truyền tải ý tưởng, thông điệp hay.- Chủ động trong công việc, có tinh thần trách nhiệm.- Có khả năng tư duy làm việc độc lập và kỹ năng làm việc nhóm.8. Các tố chất cần thiết khác: Trung thực, chủ động, sáng tạo, trách nhiệm, quyết đoán trong công việc, chịu được áp lực cao trong công việc.",0.525,
314,random,3429,417,Nhân Viên Chế Biến Thực Phẩm(đang Tìm Việc),Kế Toán Tổng Hợp ( Có Từ 3 Năm Kinh Nghiệm),"['sơ chế nguyên vật liệu', 'tuân thủ quy trình an toàn vệ sinh thực phẩm', 'sức khỏe tốt', 'chịu khó, Chăm chỉ', 'khả năng làm việc theo ca']",- Tốt nghiệp Trung cấp/CĐ/ĐH chuyên ngành Kế toán – Tài chính. - Có kinh nghiệm 3 năm trở lên làm việc ở vị trí tương đương. - Thời gian làm việc: T2-T7- Độ tuổi : sau 1990,0.266,
315,medium,17013,4948,Nhân Viên Quản Lý Chất Lượng,Nhân Viên Kế Toán Hóa Đơn - Kcn Hiệp Phước - Nhà Bè,"['kiến thức về iso 9001', 'kỹ năng phân tích và giải quyết vấn đề', 'cẩn thận, Chú ý đến chi tiết', 'sử dụng các công cụ đo lường cơ bản', 'kỹ năng làm việc nhóm và báo cáo']","- Nam/nữ, tuổi từ 20 – 28, tốt nghiệp Trung Cấp trở lên các ngành kế toán, tài chính hoặc liên quan;- Kinh nghiệm 1 năm vị trí kế toán bán hàng, kế toán quản lý tồn kho hoặc các vị trí tương đương là một lợi thế (không bắt buộc)- Có kiến thức về Kế toán tài chính hoặc Kế toán kiểm toán. Kiến thức về Luật Thuế và các Quy định, Luật pháp có liên quan;- Kỹ năng nhập liệu nhanh và chuẩn xác, lưu trữ hồ sơ, quản lý dữ liệu khoa học;- Kỹ năng soạn thảo văn bản; kiểm tra, đối chiếu số liệu;- Trung thực, cẩn thận, chính xác; có tinh thần trách nhiệm cao; chấp nhận làm ngoài giờ hoặc đi công tác khi công việc phát sinh hoặc có sự điều động;- Linh động, nhẹ nhàng trong giao tiếp; vui vẻ, hòa đồng, thân thiện;- Vi tính văn phòng thành thạo word (soạn thảo văn bản) và excel vận dụng tốt hàm Vlookup, Sumif, Pivot.- Nơi làm việc: KCN Hiệp Phước, huyện Nhà Bè.- Làm việc từ thứ 2 đến thứ 6",0.55,
316,random,17013,3843,Nhân Viên Quản Lý Chất Lượng,Trưởng Ngành Hàng Thời Trang Phúc Yên,"['kiến thức về iso 9001', 'kỹ năng phân tích và giải quyết vấn đề', 'cẩn thận, Chú ý đến chi tiết', 'sử dụng các công cụ đo lường cơ bản', 'kỹ năng làm việc nhóm và báo cáo']",Có ít nhất 1 năm kinh nghiệm trong lĩnh vực quản lý bán hàng sỉ/lẻCó hiểu biết về hoạt động kinh doanh bán lẻ/ sỉƯu tiên ứng viên có hiểu biết về ngành hàng tiêu dùng,0.209,
317,random,19014,4465,Seo Kênh Youtube,Trưởng Nhóm Truyền Thông Mạng Xã Hội - Social Media Leader,,"- Tốt nghiệp đại học. Ưu tiên ứng viên có kinh nghiệm quản lý và phát triển cộng đồng lớn trong lĩnh vực Thể thao, Y tế, Giáo dục, hiểu biết về quảng cáo Facebook, Google và các kênh truyền thông xã hội. - Từ 1 năm kinh nghiệm ở vị trí tương đương- Kỹ năng xây dựng cộng đồng (kênh social)- Kỹ năng phân tích dữ liệu, đo lường hiệu quả chiến dịch social- Hiểu biết về quảng cáo digital (Google, Facebook…)- Hiểu biết về xu hướng và thường xuyên cập nhật các công cụ hỗ trợ công việc- Khả năng sáng tạo ý tưởng- Ưu tiên ứng viên có kinh nghiệm quản lý nội dung, quản lý truyền thông, social media - Ưu tiên ứng viên có ngoại ngữ tốt (Tiếng Anh)- Kỹ năng giao tiếp, quản lý, tổ chức công việc, kỹ năng lập kế hoạch, viết và biên tập nội dung tốt, kỹ năng quản lý dự án- Nhiệt tình, năng động, thích ứng nhanh, chủ động, trách nhiệm trong công việc.",0.315,
318,random,31026,6292,Qc,Chief Accountant Cum Administration,"['hệ thống quản lý chất lượng (iso, Haccp)', 'kiểm tra chất lượng sản phẩm', 'phân tích nguyên nhân lỗi', 'lập báo cáo qc', 'thực phẩm - đồ uống', 'kỹ năng giải quyết vấn đề', 'tiêu chuẩn an toàn vệ sinh thực phẩm']","- Bachelor’s Degree or equivalent required, and major in accounting is preferred.- Candidate must have Chief Accountant Certificate- Familiar with local regulations on company operation and HR activities.- Fluent English in oral and writing, which can be as the working language, familiar with Japanese is a plus.- Good office skills at Microsoft office such as Excel, PowerPoint, etc.- A team player, good communication and coordination skills which can support build interactions among multiple functions.- High motivation, sense of responsibility, self-discipline & willing to learn.Senior Engineer Supplier Quality Engineer",0.129,
319,random,3652,13740,Kỹ Sư Smt,NHÂN VIÊN SEO CONTENT LÀM VIỆC online TẠI NHÀ,"['đọc hiểu bản vẽ kỹ thuật', 'vận hành máy smt (pick and place, Reflow oven)', 'kiến thức về linh kiện điện tử dán (smd)', 'sử dụng phần mềm cad/cam cơ bản', 'kỹ năng làm việc nhóm và tuân thủ quy trình']","1 Kiến thức chuyên môn - Nam/nữ tốt nghiệp trình độ trung cấp trở lên ngành Báo chí, truyền thông, Marketing và các nhóm ngành liên quan. - Hiểu về các công cụ Seo. - Đã có kinh nghiệm Viết Content Seo. - Tinh thần ham học hỏi, chịu được áp lực công việc. - Ưu tiên có kinh nghiệm về HTML, CSS. 2 Kinh nghiệm - Có 06 tháng trở lên trong công tác chuyên môn.",0.128,
320,high,2255,1199,Nhân Viên Hành Chính - Nhân Sự,Nhân Viên Kế Toán Tổng Hợp - Hà Nội,"['sử dụng thành thạo tin học văn phòng (word, Excel, Powerpoint)', 'cẩn thận, Tỉ mỉ', 'kỹ năng tổ chức và sắp xếp công việc', 'giao tiếp nhẹ nhàng, Khéo léo']","- Tốt nghiệp từ Đại học trở lên chuyên ngành Kế toán… hoặc chuyên ngành khác nhưng đã có kinh nghiệm từ 1-3 năm trở lên làm công tác kế toán;. - Am hiểu Luật kế toán…. - Sử dụng thành thạo Word, Excel, Powerpoint, phần mềm kế toán…. - Ưu tiên đã làm các vị trí KTTH tại các dự án chủ đầu tư, mảng xây dựng",0.835,
321,medium,2255,874,Nhân Viên Hành Chính - Nhân Sự,Thực Tập Sinh Sales Visa,"['sử dụng thành thạo tin học văn phòng (word, Excel, Powerpoint)', 'cẩn thận, Tỉ mỉ', 'kỹ năng tổ chức và sắp xếp công việc', 'giao tiếp nhẹ nhàng, Khéo léo']","-Có laptop cá nhân.- Nhanh nhẹn, giao tiếp tốt, chịu khó,ưu tiên các bạn có kinh nghiệm tư vấn hoặc học chuyên ngành du lịch. - Biết tiếng Anh là một lợi thế",0.579,
322,random,2255,3877,Nhân Viên Hành Chính - Nhân Sự,Thu Ngân Hồ Chí Minh [ 512 Hồng Bàng - Quận 6 ],"['sử dụng thành thạo tin học văn phòng (word, Excel, Powerpoint)', 'cẩn thận, Tỉ mỉ', 'kỹ năng tổ chức và sắp xếp công việc', 'giao tiếp nhẹ nhàng, Khéo léo']","Nữ, tuổi từ 18 – 27.Ngoại hình ưa nhìn.Tốt nghiệp THPT trở lên.Ưu tiên ứng viên kinh nghiệm làm thu ngân, kế toán bán hàng.Tin học văn phòng cơ bảnTrung thực, cẩn thận, chăm chỉ, có trách nhiệm.Khả năng làm việc độc lập, chịu được áp lực trong công việc.",0.252,
323,random,38549,4691,"Sqe,mc",Chuyên Viên Cao Cấp Bán Sản Phẩm Nhà Phố,"['tiếng anh lưu loát (ielts 7.0)', 'kỹ năng dịch thuật (anh-việt, Việt-anh)', 'giao tiếp và thuyết trình', 'kiến thức cơ bản về qc/qa', 'thành thạo microsoft office', 'khả năng nghiên cứu và học hỏi nhanh']","- Độ tuổi từ 22 - 30 tuổi.- Ngoại hình sáng là một lợi thế.- Trung cấp trở lên các chuyên ngành.- Kinh nghiệm trên 2 năm bán Nhà phố hoặc Căn hộ cao cấp.- Tự tin giao tiếp, khả năng thuyết phục tốt.- Có tinh thần trách nhiệm cao, không ngại khó khăn, thử thách.- Kỹ năng Word & Excel cơ bản.",0.4,
324,random,7534,12186,.,NHÂN VIÊN KINH DOANH,"['sáng tạo nội dung đa kênh', 'viết quảng cáo (copywriting) chuyên nghiệp', 'chiến lược nội dung', 'seo copywriting', 'biên tập và chỉnh sửa', 'lãnh đạo đội nhóm', 'quản lý dự án truyền thông']","- Tốt nghiệp trung cấp Nghề/Cao đẳng - Siêng năng, trung thực, trách nhiệm. - Hoạt bát, nhanh nhẹn. - Có laptop + xe máy. - Có kỹ năng đánh máy, văn bản, biết Excel. - Có kinh nghiệm bán hàng, marketing là một lợi thế - Biết Tiếng Anh là một lợi thế.",0.199,
325,random,3577,6661,Nhân Viên Bán Hàng,Trưởng Nhóm Marketing / Marketing Leader ( Thu Nhập Từ 10 - 20 Triệu/Tháng ),"['kỹ năng bán hàng và chốt sale chuyên nghiệp', 'chăm sóc khách hàng và xử lý khiếu nại', 'quản lý hàng tồn kho, Trưng bày sản phẩm', 'đào tạo và tạo động lực cho nhân viên mới', 'sử dụng phần mềm quản lý bán hàng (kiotviet, Sapo)', 'lập báo cáo doanh thu']","Nam/nữ Tuổi 24 trở lên, Tốt nghiệp đại học các ngành nghề, am hiểu về marketing thương mại điện tử, quản trị kinh doanh. Ứng viên có hiểu biết và kinh nghiệm trong lĩnh vực kinh doanh online hoặc đã từng sale sàn thương mại điện tử là một lợi thế.Có ít nhất 01 năm kinh nghiệm ở vị trí tương đương; ưu tiên ứng viên đến từ các sàn thương mại điện tử (Lazada, Tiki, Shopee, …)",0.292,
326,high,42134,10906,Nhân Viên Phục Vụ(đang Tìm Việc),[MULTIMEX] NHÂN VIÊN MARKETING,"['kỹ năng giao tiếp', 'phục vụ bàn chuyên nghiệp', 'quản lý order', 'giải quyết tình huống', 'làm việc nhóm', 'thái độ phục vụ tận tâm']","- Nam/Nữ, tuổi từ 22 trở lên - Ứng viên có kinh nghiệm trong lĩnh vực quảng cáo, truyền thông đa phương tiện, marketing. - Có kỹ năng giao tiếp, làm việc nhóm, xử lý tình huống, có tinh thần trách nhiệm với công việc được giao - Là người đam mê công nghệ, ham học hỏi, có hiểu biết về sản phẩm máy tính và ngành hàng IT là một lợi thế. - Chăm chỉ, nhiệt tình, chịu được áp lực công việc. - Tốt nghiệp Cao Đẳng trở lên",0.852,
327,medium,42134,3749,Nhân Viên Phục Vụ(đang Tìm Việc),Nhân Viên Admin Dự Án,"['kỹ năng giao tiếp', 'phục vụ bàn chuyên nghiệp', 'quản lý order', 'giải quyết tình huống', 'làm việc nhóm', 'thái độ phục vụ tận tâm']","1.Giới tính : Nam/Nữ. 2.Trình độ học vấn / chuyên môn : Cao đẳng, Đại Học. 3.Trình độ ngoại ngữ / tin học Tin học văn phòng, Tiếng Anh đọc hiểu. 4.Năng lực / kỹ năng Khả năng giao tiếp tốt, có thể đàm phán và thương lượng với khách hàng.. 5.Kỹ năng làm việc nhóm có thể kết nối bộ phận kinh doanh với những bộ phận khác trong công ty nhằm đạt hiệu quả trong công việc.. 6.Tính cách cẩn thận, tỉ mỉ và có khả năng tổng hợp tốt, chủ động trong công việc.. 7.Có kinh nghiệm làm trợ lý kinh doanh hoặc hỗ trợ kinh doanh là một lợi thế. 8.Số năm kinh nghiệm làm việc 1 năm trở lên",0.665,
328,random,42134,2918,Nhân Viên Phục Vụ(đang Tìm Việc),Solution Architect,"['kỹ năng giao tiếp', 'phục vụ bàn chuyên nghiệp', 'quản lý order', 'giải quyết tình huống', 'làm việc nhóm', 'thái độ phục vụ tận tâm']","• Bachelor's or master’s degree in computer science or a related field• At least 5 years’ relevant experience in large software design and coordinating project teams.• At least 6 years of Node.JS or JAVA or PHP (object oriented) programming experience. • 6+ years of experience designing and developing database structures. • Excellent interpersonal and communication skills • Mastery of user interface design skills • Experience in designing layered architecture (ex. MVC model)• Skills in designing network (L2/L3 layers) are preferable• Knowledge of virtualization technologies (ex. VMWare) and storage technologies (ex. NAS, SAN) is preferable• Knowledge of AWS technologies (SaaS, IaaS) is preferable",0.347,
329,random,10561,9303,Nói,Nhân Viên Đào Tạo ( Thư Ký Trung Tâm Đào Tạo),"['giao tiếp lưu loát và truyền cảm', 'khả năng ứng biến', 'kỹ năng thuyết trình trước đám đông', 'tiếng việt chuẩn, Rõ ràng', 'tự tin và năng động']","- Tốt nghiệp Cao đẳng/Đại học trở lên các ngành giáo dục, quản trị bệnh viện, y tế công cộng hoặc liên quan.- Có kiến thức cơ bản về hành chính, văn thư.- Có kỹ năng tổng hợp và báo cáo.- Thành thạo vi tính văn phòng, có khả năng giao tiếp tiếng Anh.",0.199,
330,random,27909,7024,Quản Lý(đang Tìm Việc),Kế Toán Tổng Hợp,"['lãnh đạo đội nhóm', 'quản lý hiệu suất', 'hoạch định chiến lược', 'quản lý ngân sách', 'phân tích thị trường', 'giải quyết xung đột']","Nam/Nữ từ 25 – 35 tuổi, tốt nghiệp Trung Cấp trở lên chuyên ngành Kế toánCó ít nhất 02 năm kinh nghiệm ở vị trí tương đươngNắm rõ quy định về kế toán và thuếCó đầu óc tổ chức, sắp xếp tốt, có khả năng sáng tạo, phân tích đánh giáChịu được áp lực cao, đặc biệt phải trung thực, làm việc có trách nhiệm.Xác định làm lâu dài cho Công ty.",0.2,
331,medium,25120,14262,Điều Dưỡng Viên,Nhân viên tư vấn,"['chăm sóc bệnh nhân cơ bản', 'thực hiện y lệnh', 'tiêm truyền', 'theo dõi dấu hiệu sinh tồn', 'kiểm soát nhiễm khuẩn', 'giao tiếp và đồng cảm']","-KHÔNG YÊU CẦU KINH NGHIỆM-Ưu tiên kinh nghiệm sales/telesales, tư vấn bán hàng, chốt đơn, CSKH/có kinh nghiệm trong lĩnh vực dinh dưỡng và chăm sóc sức khỏe- Tốt nghiệp THPT trở lên- Nam, Nữ. Tuổi từ 19 – 45- Nhanh nhẹn, kỹ năng giao tiếp, truyền đạt tốt.-Giọng nói rõ, rành mạch-Có kỷ luật và có khả năng chịu được áp lực công việc cao-Biết sử dụng vi tính văn phòng",0.616,
332,random,25120,6584,Điều Dưỡng Viên,Kế Toán Kho Tại Dĩ An,"['chăm sóc bệnh nhân cơ bản', 'thực hiện y lệnh', 'tiêm truyền', 'theo dõi dấu hiệu sinh tồn', 'kiểm soát nhiễm khuẩn', 'giao tiếp và đồng cảm']","Tốt nghiệp Trung cấp trở lên chuyên ngành Kế toán – tài chính.Đối tượng: sinh viên mới ra trường, hoặc có kinh nghiệm.Có khả năng phân tích, tổng hợp và viết báo cáoSử dụng thành thạo các phần mềm kế toán, vi tính văn phòngCó khả năng chịu được áp lực cao trong công việc.Thái độ: Cẩn thận, trách nhiệm và tận tâm với công việc, thái độ luôn sẵn sàng đón nhận các thách thức mới cũng như các nhiệm vụ mới được giao",0.307,
333,medium,23006,61,Ứng Tuyển Nhân Viên Tư Vấn,Nhân Viên Kho,"['kỹ năng giao tiếp và lắng nghe', 'tư vấn và thuyết phục khách hàng', 'giải quyết vấn đề', 'tin học văn phòng', 'khả năng học hỏi nhanh về sản phẩm', 'kiên nhẫn, Thấu hiểu', 'kiến thức cơ bản về dược phẩm và sức khỏe']","-Tốt nghiệp cao đẳng trở lên- Thành thạo tin học văn phòng- Chịu được áp lực công việc, khả năng làm việc nhóm tốt. Có thể làm việc theo ca-Hiểu biết về quy trình xuất - nhập hàng, quản lý nguyên vật liệu-Biết sử dụng phần mềm quản lý kho,ERP",0.665,
334,random,23006,9142,Ứng Tuyển Nhân Viên Tư Vấn,Optimization Intern ( Digital Marketing ),"['kỹ năng giao tiếp và lắng nghe', 'tư vấn và thuyết phục khách hàng', 'giải quyết vấn đề', 'tin học văn phòng', 'khả năng học hỏi nhanh về sản phẩm', 'kiên nhẫn, Thấu hiểu', 'kiến thức cơ bản về dược phẩm và sức khỏe']","No experience requirements;Able to work full-time for at least 3-6 months;Have Optimism and positive energy;Have knowledge/experience in Digital marketing is a plus;Good at math/logical thinking is a plus;Fast learning & self-sufficient;Have a long-term orientation to Halocom, at least 1 year after completing the training.",0.215,
335,medium,28117,13038,Kĩ Thuật Viên Sửa Chữa Chung,PT GYM - Huấn luyện viên thể hình,"['sửa chữa điện tử', 'sửa chữa cơ khí cơ bản', 'đọc hiểu sơ đồ kỹ thuật', 'xử lý sự cố phần cứng', 'an toàn lao động']","• Có ít nhất 1 năm kinh nghiệm trong ngành thể thao, dịch vụ • Tốt nghiệp THPT trở lên, ưu tiên tốt nghiệp Đại học với chuyên ngành giáo dục thể chất, có chứng chỉ Huấn luyện viên do các ban ngành thể thao cấp, chứng nhận • Có kiến thức về phương pháp huấn luyện thể dục thể thao. • Có kiến thức về chế độ dinh dưỡng và ăn kiêng. • Giàu trí tưởng tượng và nhiệt tình trong việc cung cấp các thành viên với các chương trình thể dục thú vị và thú vị. • Kỹ năng giao tiếp tốt (ưu tiên giao tiếp bằng Tiếng Anh) • Phải thể hiện kỹ năng quản lý tổ chức và thời gian tốt.",0.652,
336,random,28117,11456,Kĩ Thuật Viên Sửa Chữa Chung,kỹ sư giám sát công trường,"['sửa chữa điện tử', 'sửa chữa cơ khí cơ bản', 'đọc hiểu sơ đồ kỹ thuật', 'xử lý sự cố phần cứng', 'an toàn lao động']","- Có kinh nghiệm - Nhanh nhẹn, thật thà",0.238,
337,medium,19682,7453,Tài Xế,Kế Toán Bán Thời Gian,"['có bằng lái xe hạng b2', 'thông thạo đường xá khu vực nội thành hà nội và các tỉnh lân cận', 'sức khỏe tốt, Chịu được áp lực công việc', 'trung thực, Cẩn thận']","- Sử dụng vi tính văn phòng-Cẩn thận, ham học hỏi- Có trách nhiệm với công việc",0.653,
338,random,19682,7905,Tài Xế,Kỹ Sư Kinh Tế Xây Dựng,"['có bằng lái xe hạng b2', 'thông thạo đường xá khu vực nội thành hà nội và các tỉnh lân cận', 'sức khỏe tốt, Chịu được áp lực công việc', 'trung thực, Cẩn thận']","• Kinh nghiệm: Từ 2-3 năm trở lên.• Tốt nghiệp đại học chính quy chuyên ngành kinh tế xây dựng.• Sử dụng thành thạo các phần mềm: Autocad, các phầm mềm hỗ trợ chuyên ngành và phầm mềm văn phòng (word, excel,…).• Giao tiếp tốt, nhanh nhẹn, hoạt bát.• Có tinh thần trách nhiệm cao trong công việc.",0.185,
339,high,36691,11341,Trợ Thủ Nha Khoa/phụ Tá(đang Tìm Việc),Nhân viên DIGITAL MARKETING,"['hỗ trợ thủ thuật nha khoa', 'vô trùng dụng cụ', 'sắp xếp hồ sơ bệnh án', 'giao tiếp tốt', 'tin học văn phòng cơ bản', 'chăm sóc khách hàng']","- Tốt nghiệp Cao đẳng, Đại học chuyên ngành Marketing, báo chí, IT, truyền thông quảng cáo hoặc chuyên ngành liên quan. - Ưu tiên ứng viên có kinh nghiệm hoặc yêu thích lĩnh vực du lịch. - Có khả năng viết và tư duy ngôn ngữ tốt, xử lý hình ảnh, photoshop, powerpoint. - Có các kỹ năng về Marketing online - Đã từng làm việc trong lĩnh vực Viết/Biên tập/Quản trị nội dung là một lợi thế. - Đã từng làm cho các công ty về dịch vụ SEO là một lợi thế. - Kỹ năng giao tiếp, đàm phán, thuyết phục, quản lý và quản trị mối quan hệ tốt. - Có khả năng xử lý tình huống, giải quyết vấn đề hiệu quả. - Kỹ năng lập và triển khai kế hoạch.",0.809,
340,medium,36691,2509,Trợ Thủ Nha Khoa/phụ Tá(đang Tìm Việc),"Nhân Viên Tư Vấn (Lương Cứng Từ 7 - 12 Triệu, Thu Nhập 15M Trở Lên) - Times City","['hỗ trợ thủ thuật nha khoa', 'vô trùng dụng cụ', 'sắp xếp hồ sơ bệnh án', 'giao tiếp tốt', 'tin học văn phòng cơ bản', 'chăm sóc khách hàng']","- Giới tính: Nam/Nữ. - Khả năng giao tiếp tốt, kỹ năng thuyết phục khách hàng, chốt sale;. - Kỹ năng Làm việc nhóm;. - Nhanh nhẹn, tiếp thu tốt và chịu áp lực cao;. - Có kinh nghiệm ở vị trí tương đương, đã từng làm trong các ngành dịch vụ như giáo dục, ngân hàng, du lịch, bảo hiểm;. - Thích làm việc trong môi trường giáo dục",0.62,
341,random,36691,11374,Trợ Thủ Nha Khoa/phụ Tá(đang Tìm Việc),TUYỂN TP KINH DOANH TRỢ LÝ,"['hỗ trợ thủ thuật nha khoa', 'vô trùng dụng cụ', 'sắp xếp hồ sơ bệnh án', 'giao tiếp tốt', 'tin học văn phòng cơ bản', 'chăm sóc khách hàng']","-Có kinh nghiệm tuyển dụng và kinh doanh BĐS ít nhất 1 năm. -Là người chủ động, tích cực, nhiệt huyết và năng lực bán hàng tốt. -Hỗ trợ đồng đội, triển khai kế hoạch kinh doanh,marketing, bán hàng theo lộ trình của Công ty. -Có khả năng nhận định, khái quát về thị trường nói chung và kiến thức về ngành Bất động sản nói riêng. -Có đội nhóm là thế mạnh (Sale). -Có mục đích gắn kết lâu dài với công ty và kế hoạch thăng tiến trong công việc.",0.156,
342,random,6670,997,Việc Làm Bán Thời Gian,Nhân Viên Kế Toán Tổng Hợp,"['tinh thần học hỏi nhanh', 'kỹ năng giao tiếp cơ bản', 'làm việc nhóm hiệu quả', 'sử dụng thành thạo máy tính và internet', 'chủ động và có trách nhiệm']","Tốt nghiệp đại học chuyên ngành kế toánSử dụng thành thạo tin học văn phòng, phần mềm kế toán- Có kinh nghiệm làm kế toán tổng hợp từ 01 năm trở nên- Ưu tiên những người làm kế toán tổng hợp doanh nghiệp sản xuất - Chịu được áp lực công việc, có tinh thần gắn bó lâu dài",0.347,
343,medium,44696,7051,Nhân Viên Support,Phó Giám Đốc Quản Lý Thiết Kế,"['hỗ trợ kỹ thuật cơ bản', 'giao tiếp hiệu quả', 'lắng nghe chủ động', 'xử lý tình huống khẩn cấp', 'crm software', 'kiên nhẫn và đồng cảm', 'tin học văn phòng']","1. Học vấn, trình độ chuyên môn -Tốt nghiệp Đại học trở lên chuyên ngành Kiến trúc hoặc các chuyên ngành có liên quan.2. Kinh nghiệm làm việc (số năm kinh nghiệm, lĩnh vực)- Kinh nghiệm tối thiểu 07 năm trở lên ở vai trò tương đương; - Kinh nghiệm về thiết kế các dự án lớn quy mô công trình cấp3. Kiến thức, Kỹ năng, thái độ/tố chấtTố chất cần thiết cho công việc:- Kỹ năng lãnh đạo, giám sát và quản lý tiến độ công việc.- Khả năng làm việc độc lập và phối hợp với các bộ phận liên quan để đạt hiệu quả công việc cao.- Nhiệt tình, sáng tạo, có tinh thần trách nhiệm cao và chịu được áp lực công việc.Kiến thức chuyên môn- Có chứng chỉ hành nghề thiết kế- Khả năng quản lý thiết kế, hồ sơ kỹ thuật thi công - Khả năng sáng tác và tư duy tốt.- Nắm được các Quy chuẩn và Tiêu chuẩn hiện hànhKỹ năng thiết yếu cho công việc - Tư duy thiết kế tốtNgoại ngữ - Tiếng Anh giao tiếpTin học - Thành thạo tin học văn phòng, thao tác tốt các phần mềm chuyên ngành Kiến trúc4 Tiêu chuẩn khác : Tuân thủ kỷ luật",0.599,
344,random,44696,13351,Nhân Viên Support,Giám đốc điều hành,"['hỗ trợ kỹ thuật cơ bản', 'giao tiếp hiệu quả', 'lắng nghe chủ động', 'xử lý tình huống khẩn cấp', 'crm software', 'kiên nhẫn và đồng cảm', 'tin học văn phòng']","- Tốt nghiệp đại học hoặc cao học chuyên ngành Kinh tế/ Quản trị kinh doanh hoặc chuyên ngành liên quan - Kinh nghiệm làm việc: có kinh nghiệm tối thiểu 5 năm với vai trò CEO hoặc vị trí quản lý tương đương - Có kiến thức chuyên sâu về tài chính và chiến lược, có kiến thức rộng về Marketing, PR, Hành chính nhân sự, Quản lý và điều hành, … - Có khả năng hoạch định và phân tích chiến lược; khả năng tổ chức, điều hành tốt - Tính tổ chức, tính kỷ luật, quyết đoán và có tinh thần trách nhiệm với công việc",0.36,
345,medium,32965,7884,Nhân Viên Bán Hàng,Trợ Giảng - Teaching Assistant Part-Time,"['kỹ năng giao tiếp cơ bản', 'tư vấn sản phẩm', 'chăm sóc khách hàng', 'thái độ phục vụ chuyên nghiệp', 'ham học hỏi, Tinh thần cầu tiến']","- Sinh viên cao đẳng/ đại học chuyên ngành tiếng Anh; giao tiếp lưu loát; ưu tiên giọng Anh Mỹ.- Yêu thích công việc giảng dạy.- Tác phong nghiêm túc, đúng giờ, năng động, ham học hỏi.- Có khả năng: giao tiếp, làm việc nhóm, làm việc độc lập.- Ưu tiên có phương tiện đi lại.",0.588,
346,random,32965,4069,Nhân Viên Bán Hàng,Kế Toán Trưởng Thu Nhập 10-20Tr,"['kỹ năng giao tiếp cơ bản', 'tư vấn sản phẩm', 'chăm sóc khách hàng', 'thái độ phục vụ chuyên nghiệp', 'ham học hỏi, Tinh thần cầu tiến']","- Tự tin, năng động, cầu tiến và đam mê kinh doanh- Khả năng làm việc theo nhóm, độc lập, chịu được áp lực công việc- Tác phong lịch sự, chuyên nghiệp- Kỹ năng giao tiếp, đàm phán- Có phương tiện đi lại để phục vụ công việc",0.37,
347,medium,9799,6128,Kế Toán,Trưởng Nhóm Sáng Tạo Nội Dung,"['kế toán tổng hợp & thuế', 'sử dụng thành thạo phần mềm kế toán (misa, Fast)', 'lập báo cáo tài chính', 'excel nâng cao', 'tuân thủ pháp luật kế toán & thuế', 'cẩn thận, Trung thực & chính xác']","1 Trình độ chuyên môn Từ cao đẳng trở lên, chuyên ngành báo chí, marketing, quan hệ công chúng2 Vi tính Thành thạo tin học văn phòng3 Kỹ năng Nắm bắt xu hướng, có tính sáng tạo4 Năng lực cá nhân Sáng tạo việc xây dựng hình ảnh hoặc kịch bản video5 Kinh nghiệm 1 năm kinh nghiệm trở lên ở vị trí tương đương, ưu tiên ứng viên làm trong ngành bán lẻ, FMCG, đơn vị agency lớn6 Tính cách Nhiệt tình, hợp tác7 Phong cách làm việc Quyết đoán, hòa đồng8 Giới tính Nữ9 Độ tuổi 26-35",0.511,
348,random,9799,10591,Kế Toán,Kỹ Sư Dự Án,"['kế toán tổng hợp & thuế', 'sử dụng thành thạo phần mềm kế toán (misa, Fast)', 'lập báo cáo tài chính', 'excel nâng cao', 'tuân thủ pháp luật kế toán & thuế', 'cẩn thận, Trung thực & chính xác']","Kinh nghiệm / Kỹ năng chi tiết - Nam, tuổi từ 24 - 30 - Đại học chính quy trở lên các chuyên ngành cơ khí hoặc cơ điện, chuyên ngành kỹ thuật. - Có các chứng chỉ liên quan tới công việc, chuyên môn. - Kinh nghiệm làm việc: 2-3 năm ở vị trí chuyên môn - Kỹ năng vi tính: Thành thạo tin học văn phòng, phần mềm quản lý, biết sử dụng phần mềm vẽ (CAD 2D hoặc 3D). - Có các kỹ năng làm việc như làm việc nhóm, phân tích, điều tiết công việc, quản lý thời gian. - Có kỹ năng quản lý các dự án vừa và nhỏ trong nước",0.297,
349,high,38744,10627,Thống Kê Kho,Kế Toán Kho Kiêm Thanh Toán,"['quản lý kho hàng', 'thống kê số liệu', 'sử dụng phần mềm quản lý kho (wms)', 'excel thành thạo', 'kiểm kê hàng hóa', 'cẩn thận, Tỉ mỉ']","- Trung thực, cẩn thận, tỉ mỉ, chịu khó học hỏi - Có kinh nghiệm từ 02 năm trở lên - Ưu tiên ứng viên đã biết làm báo cáo thu chi, báo cáo tổng kêt cuối năm, hoặc ứng viên có kinh nghiệm kế toán khách sạn. - Muốn gắn bó với khách sạn lâu dài - Tin học văn phòng (Word, Excel, phần mềm kế toán)",0.876,
350,medium,38744,9712,Thống Kê Kho,Nhân Viên Kế Toán Bán Hàng Kiêm Thu Ngân [ Đường 30/4 - Tp. Vũng Tàu - Brvt ],"['quản lý kho hàng', 'thống kê số liệu', 'sử dụng phần mềm quản lý kho (wms)', 'excel thành thạo', 'kiểm kê hàng hóa', 'cẩn thận, Tỉ mỉ']","""Nữ, tuổi từ 18 – 27.Ngoại hình ưa nhìn.Tốt nghiệp THPT trở lên.Ưu tiên ứng viên kinh nghiệm làm thu ngân, kế toán bán hàng.Tin học văn phòng cơ bảnTrung thực, cẩn thận, chăm chỉ, có trách nhiệm.Khả năng làm việc độc lập, chịu được áp lực trong công việc.""",0.715,
351,random,38744,13947,Thống Kê Kho,nhân viên hành chính nhân sự,"['quản lý kho hàng', 'thống kê số liệu', 'sử dụng phần mềm quản lý kho (wms)', 'excel thành thạo', 'kiểm kê hàng hóa', 'cẩn thận, Tỉ mỉ']",": Hưởng các chế độ BH theo quy định của Luật lao động Lương tháng 13, thưởng theo kết quả kinh doanh cuối năm Các chế độ phúc lợi khác: tham quan nghỉ mát, team building, sinh nhật …",0.348,
352,high,12783,1525,Nhân Viên Chứng Từ,Nhân Viên Pháp Chế (Nam),"['quản lý chứng từ', 'hành chính văn phòng', 'tin học văn phòng nâng cao (word, Excel, Outlook)', 'phần mềm quản lý dữ liệu', 'soạn thảo văn bản', 'thống kê, Báo cáo', 'kỹ năng giao tiếp', 'giải quyết vấn đề', 'cẩn thận, Chi tiết']","ƯU TIÊN ỨNG VIÊN NAM- Tốt nghiệp đại học trở lên chuyên ngành Luật- Có ít nhất 2 năm kinh nghiệm trở lên.- Chịu được áp lực cao trong công việc.- Sử dụng tốt vi tính, thành thạo các phần mềm tin học văn phòng: Microsoft Word, Excel, PowerPoint- Kỹ năng soạn thảo, tra cứu và thẩm định văn bản- Kỹ năng hoạch định, triển khai, kiểm soát và báo cáo công việc.- Kỹ năng giao tiếp, đàm phán, thuyết phục.- Kỹ năng lập kế hoạch, tổ chức hiệu quả.- Chịu được áp lực cao trong công việc.",0.918,
353,medium,12783,2938,Nhân Viên Chứng Từ,Chuyên Viên Quản Lý Chất Lượng Quy Trình ( Pqa ),"['quản lý chứng từ', 'hành chính văn phòng', 'tin học văn phòng nâng cao (word, Excel, Outlook)', 'phần mềm quản lý dữ liệu', 'soạn thảo văn bản', 'thống kê, Báo cáo', 'kỹ năng giao tiếp', 'giải quyết vấn đề', 'cẩn thận, Chi tiết']","Đã có kinh nghiệm QA/PQA ít nhất 1 năm & kinh nghiệm làm việc trong ngành IT ít nhất 2 nămCó hiểu biết về quy trình phát triển, sản xuất phần mềm (có kinh nghiệm về CMMi, ISO, Agile Scrum…là một lợi thế)Biết sử dụng các tool quản lí dự án (redmine, gitlab...)Có khả năng thu thập và phân tích số liệuCó khả năng tổ chức, tư duy logic, tư duy về quy trình tốtKỹ năng trình bày rõ ràng; giao tiếp, teamwork tốtChủ động, tinh thần trách nhiệm cao trong công việc, làm việc sâu sát. Ham học hỏi, cầu tiến",0.747,
354,random,12783,11897,Nhân Viên Chứng Từ,chi nhánh Lai Châu Cần gấp 6 lái xe là phụ xe,"['quản lý chứng từ', 'hành chính văn phòng', 'tin học văn phòng nâng cao (word, Excel, Outlook)', 'phần mềm quản lý dữ liệu', 'soạn thảo văn bản', 'thống kê, Báo cáo', 'kỹ năng giao tiếp', 'giải quyết vấn đề', 'cẩn thận, Chi tiết']","Chấp nhận bằng mới được bổ túc tay lái .• Không có tiền án, tiền sự. Có tinh thần trách nhiệm và tính kỷ luật cao. Cẩn thận, nhanh nhẹn, chịu khó, trung thực, thật thà. Có đóng bảo hiểm đầy đủ theo quy định ********* Quyền lợi chi tiết Đóng BHXH, BHYT theo bộ luật lao động. Chế độ nghỉ lễ Tết, đi du lịch hằng năm. Cơ hội thăng tiến, phát triển cao. Chị Lâm Tuyền :0398092263*********",0.134,
355,medium,21706,2203,Lập Trình Viên(đang Tìm Việc),Game Tester (Fresher/Junior) - Hưởng Ít Nhất 15-20 Tháng Lương Tại Hà Nội,"['ngôn ngữ lập trình (python, Java cơ bản)', 'html/css, Javascript', 'cấu trúc dữ liệu và giải thuật cơ bản', 'sử dụng git/github', 'tư duy logic', 'tinh thần tự học cao']","- Có ít nhất 6 tháng kinh nghiệm- Thích chơi game, tư duy logic tốt- Kỹ năng trình bày vấn đề bằng nói và viết tài liệu tốt- Tinh thần và thái độ chuyên nghiệp với công việc- Chơi nhiều thể loại game, có khả năng phân tích và đánh giá game tốt- Nghiêm túc, nhiệt tình trong công việc, có đam mê với Game",0.565,
356,random,21706,10700,Lập Trình Viên(đang Tìm Việc),Quận 3 tuyển dụng nhân viên bán hàng cho store,"['ngôn ngữ lập trình (python, Java cơ bản)', 'html/css, Javascript', 'cấu trúc dữ liệu và giải thuật cơ bản', 'sử dụng git/github', 'tư duy logic', 'tinh thần tự học cao']",Có trách nhiệm với công việc,0.335,
357,high,3776,3953,Nhân Viên Kinh Doanh,Trưởng Nhóm Digital Marketing,"['giao tiếp tốt', 'tinh thần cầu tiến', 'năng động, Nhiệt tình', 'có khả năng làm việc nhóm', 'sử dụng cơ bản tin học văn phòng']","- Có ít nhất 2 năm kinh nghiệm trong lĩnh vực quảng cáo hoặc digital marketing.- Kiến thức chuyên sâu về đa dạng các nền tảng truyền thông xã hội, thủ thuật và phân tích web.- Có hiểu biết về HTML, CSS, và JavaScript.- Kỹ năng giao tiếp và tương tác hiệu quả.- Liên tục cập nhật các xu hướng và công nghệ thuộc lĩnh vực digital marketing.",0.858,
358,medium,3776,9592,Nhân Viên Kinh Doanh,Kĩ Sư Tự Động Hoá - Robotic,"['giao tiếp tốt', 'tinh thần cầu tiến', 'năng động, Nhiệt tình', 'có khả năng làm việc nhóm', 'sử dụng cơ bản tin học văn phòng']","- Kinh nghiệm : mới ra trường, 1 năm kinh nghiệm- Học vấn : Tốt nghiệp Đại học trở lên các trường kỹ thuật ( Bách khoa, Công nghiệp, Học viện kỹ thuật quân sự, Giao thông vận tải và các trường kỹ thuật khác)- Sử dụng thành thạo ROS/ROS2 trong việc điều khiển xe tự hành.- Sử dụng tốt ngôn ngữ lập trình Python, C++,…- Có kiến thức tốt về các thiết bị công nghiệp.- Có khả năng làm việc độc lập và làm việc theo nhóm tốt- Chịu được áp lực công việc, ham học hỏi, đam mê kỹ thuật.",0.628,
359,random,3776,8195,Nhân Viên Kinh Doanh,Java Developer (Edi Tech),"['giao tiếp tốt', 'tinh thần cầu tiến', 'năng động, Nhiệt tình', 'có khả năng làm việc nhóm', 'sử dụng cơ bản tin học văn phòng']","Educational backgroundGraduate in computer scienceTechnical skillsHave at least 2 years’ experience in Java programming language Skill for writing reusable Java libraries Ability to write clean, readable Java code Know-how Java concurrency patterns Multithreading and Synchronization Have experience in designing Database: Transact SQL (Microsoft SQL server) XML Technologies: XML, XSLT, XSD Transfer protocols: (s)FTP, AS2, http(s), WebService Have basic knowledge about WebmethodAdvantageous to have: EDI Norms: EDIFACT, ANSI X12, EANCOM, RosettaNet, Odette, XML.. Good knowledge of Microsoft Visual Studio 2015 (VSTS), XML SPY, and SOAP UI Publish–subscribe patternLanguageGood communication in English (written and spoken)Soft skillsHave good logical and critical thinking Reliable and comfortable collaborating in a team Strong learning capabilities both for technical and functional aspects",0.226,
360,medium,29015,2910,Dược Sỹ Bán Hàng,Trợ Lý Bác Sỹ Phòng Khám Thẩm Mỹ Làm Đẹp Tại Hà Nội - Hồ Chí Minh (Lương Từ 30 Triệu),"['dược lý và bệnh học', 'tư vấn thuốc', 'kỹ năng bán hàng', 'quản lý kho thuốc', 'chăm sóc khách hàng', 'thực hành gpp']","- Ngoại hình ưa nhìn, có làn da đẹp. Tác phong thanh lịch. Có khả năng chốt sale, upsale.- Khả năng giao tiếp tốt, nhanh nhẹn, linh hoạt, yêu thích công việc làm đẹp, có tinh thần học hỏi và cầu tiến. - Có kinh nghiệm tối thiểu 1-2 năm ở vị trí tương đương.- Ưu tiên có KN tư vấn, chăm sóc khách hàng, mảng thẩm mỹ, làm đẹp, phòng khám- Có trách nhiệm với công việc và tập thể.",0.694,
361,random,29015,6813,Dược Sỹ Bán Hàng,Nhân Viên Kỹ Thuật Tại Hà Nội (Phỏng Vấn Đi Làm Ngay),"['dược lý và bệnh học', 'tư vấn thuốc', 'kỹ năng bán hàng', 'quản lý kho thuốc', 'chăm sóc khách hàng', 'thực hành gpp']","Năng động, nhanh nhẹnTốt nghiệp Đại học/ Cao đẳng chuyên ngành điện/điện tử/viễn thôngĐọc, hiểu tài liệu tiếng Anh, Thành thạo tin học văn phòngƯu tiên ứng viên có kinh nghiệm trong ngành",0.368,
362,random,1184,72,Bhjjjjjjj,Nhân Viên Thu Hồi Khoản Vay Pháp Lý Khu Vực Miền Trung - Nam,"['sử dụng các công cụ văn phòng (word, Excel)', 'kỹ năng tìm kiếm thông tin', 'ham học hỏi', 'có kiến thức cơ bản về các sàn shopee, Lazada', 'làm việc nhóm']","- Kỹ năng nắm bắt tâm lý & xử lý tình huống.- Kỹ năng thu thập và tổng hợp thông tin.- Thông thạo địa bàn, khả năng di chuyển xa.- Kinh nghiệm làm bảo vệ, dân phòng, làm việc ngoài thị trường (ngành hàng tiêu dùng nhanh, trình dược viên,...), bộ đội xuất ngũ là một lợi thế.",0.154,
363,high,39358,3539,Hành Chính,Cộng Tác Viên Bán Hàng,"['quản lý hồ sơ, Văn bản', 'sắp xếp lịch họp, Sự kiện', 'sử dụng thành thạo microsoft office', 'kỹ năng giao tiếp và phối hợp', 'giải quyết vấn đề nhanh chóng']","Có kinh nghiệm bán hàng thị trường là lợi thế;Có khả năng thuyết phục, tư vấn và bán hàng ngành hàng yến sào;Đam mê kinh doanh;Nghiêm túc, tôn trọng khách hàng.",0.818,
364,medium,39358,12225,Hành Chính,NHÂN VIÊN CHĂM SÓC KHÁCH HÀNG (KHÔNG YÊU CẦU KINH NGHIỆM),"['quản lý hồ sơ, Văn bản', 'sắp xếp lịch họp, Sự kiện', 'sử dụng thành thạo microsoft office', 'kỹ năng giao tiếp và phối hợp', 'giải quyết vấn đề nhanh chóng']","- Tuổi từ 18-27 tuổi. - Giọng nói rõ ràng, không bị ngọng - Chăm chỉ, nhiệt tình, hòa đồng - Không yêu cầu kinh nghiệm, sẽ được đào tạo",0.578,
365,random,39358,1431,Hành Chính,Nhân Viên SEO (Fresher),"['quản lý hồ sơ, Văn bản', 'sắp xếp lịch họp, Sự kiện', 'sử dụng thành thạo microsoft office', 'kỹ năng giao tiếp và phối hợp', 'giải quyết vấn đề nhanh chóng']",Có kinh nghiệm ở vị trí tương đương là một lợi thếKĩ năng tin học văn phòng cơ bảnTốt nghiệp Trung cấp trở lên,0.188,
366,random,11959,5478,Kỹ Thuật Viên,Nhân Viên Thư Ký Văn Phòng,"['sửa chữa và bảo trì máy móc', 'đọc bản vẽ kỹ thuật', 'an toàn lao động', 'sử dụng công cụ đo lường', 'kiến thức cơ khí/điện cơ bản', 'giải quyết vấn đề kỹ thuật']","- Tốt nghiệp Đại học, cao đẳng- Nữ, tuổi từ 23 – 27 tuổi.- Sử dụng thành thạo Word, Excel, Powerpoint.- Cẩn thận, tỉ mỉ, có khả năng bao quát, xử lý công việc.- Nhiệt tình, trung thực, nhanh nhẹn trong công việc, ham học hỏi, có tinh thần trách nhiệm cao- Sẵn sàng đi công tác theo sự kiện.",0.153,
367,high,6442,8024,Kế Toán Tổng Hợp,Kế Toán Trưởng,"['kế toán tổng hợp', 'lập báo cáo tài chính', 'quản lý thuế', 'phần mềm kế toán (misa, Fast, Sap)', 'kiểm toán nội bộ', 'phân tích tài chính', 'kỹ năng lãnh đạo']","1. Tốt nghiệp Đại Học chuyên ngành: tài chính, kế toán2. Có kinh nghiệm làm Kế Toán Trưởng từ 3 năm trở lên3. Kinh nghiệm sử dụng phần mềm ERP, ưu tiên kinh nghiệm làm việc trên phần mềm SAP4. Có tinh thần trách nhiệm, chịu được áp lực cao, có kỹ năng lãnh đạo, tổ chức, sắp xếp công việc",0.806,
368,medium,6442,12641,Kế Toán Tổng Hợp,Biên Phiên Dịch Tiếng Anh,"['kế toán tổng hợp', 'lập báo cáo tài chính', 'quản lý thuế', 'phần mềm kế toán (misa, Fast, Sap)', 'kiểm toán nội bộ', 'phân tích tài chính', 'kỹ năng lãnh đạo']","- Tiếng anh tương đương 6.5 Ielts - Có kinh nghiệm dịch viết từ 1 năm trở lên - Đọc viết tiếng anh thành thạo, biết thêm ngoại ngữ thứ 2 là một lợi thế- Có kỹ năng dịch viết, dịch nói, tra cứu, sử dụng các công cụ, phần mềm dịch thuật: Trados, wordfast, ...- Có khả năng làm việc dưới áp lực và cường độ cao.",0.674,
369,random,6442,408,Kế Toán Tổng Hợp,Chuyên Viên Nguồn Vốn,"['kế toán tổng hợp', 'lập báo cáo tài chính', 'quản lý thuế', 'phần mềm kế toán (misa, Fast, Sap)', 'kiểm toán nội bộ', 'phân tích tài chính', 'kỹ năng lãnh đạo']","- Tốt nghiệp Cao đẳng trở lên chuyên ngành Tài chính, ngân hàng, quản trị kinh doanh, Thương mại. - Giao tiếp tốt, nhanh nhẹn chủ động và linh hoạt trong công việc, kỹ năng đàm phán, kỹ năng thuyết phục. - Có nhiệt huyết, chịu khó, nhiệt tình trong công việc - Chịu được áp lực công việc cao - Có khả năng làm việc độc lập và theo nhóm tốt - Ưu tiên các ứng viên có ít nhất 01 năm kinh nghiệm tại các ngân hàng mảng huy động vốn, các công ty chứng khoán, các công ty bảo hiểm nhân thọ và các công ty bất động sản lớn, hiểu biết về các sản phẩm huy động, trái phiếu, chứng khoán, ngân hàng.- Sử dụng thành thạo Word, Excel, Powerpoint và các ứng dụng tin học văn phòng.",0.139,
370,high,22926,9270,"Nhân Viên Thống Kê.nhân Viên Kho, Thủ Quỹ(đang Tìm Việc)",Nhân Viên Marketing Facebook Ads (Thu Nhập 15-30 Tr),"['quản lý sổ sách, Chứng từ', 'nhập liệu nhanh và chính xác', 'sử dụng phần mềm quản lý kho', 'kiểm kê hàng hóa', 'kỹ năng tính toán, Đối chiếu', 'trung thực, Cẩn thận']","- Ưu tiên ứng viên có 06 tháng kinh nghiệm ở vị trí tương đương, chưa có kinh nghiệm được đào tạo. - Có laptop cá nhân riêng. - Mong muốn có công việc ổn định lâu dài thu nhập tốt. - Chăm chỉ, có trách nhiệm cao trong công việc, mong muốn học hỏi phát triển về digital marketing. - Ưu tiên có kinh nghiệm chạy ads mảng làm đẹp, thẩm mỹ. - Ưu tiên biết sử dụng các công cụ chỉnh sửa video hình ảnh",0.831,
371,medium,22926,10052,"Nhân Viên Thống Kê.nhân Viên Kho, Thủ Quỹ(đang Tìm Việc)",Nhân viên Kinh doanh,"['quản lý sổ sách, Chứng từ', 'nhập liệu nhanh và chính xác', 'sử dụng phần mềm quản lý kho', 'kiểm kê hàng hóa', 'kỹ năng tính toán, Đối chiếu', 'trung thực, Cẩn thận']","-Nam/nữ từ 22-27 tuổi -Tốt nghiệp Trung cấp trở lên các chuyên ngành -Có Laptop cá nhân, xe máy -Không yêu cầu kinh nghiệm -Đam mê công việc, siêng năng, chăm chỉ..",0.593,
372,random,22926,6169,"Nhân Viên Thống Kê.nhân Viên Kho, Thủ Quỹ(đang Tìm Việc)",Nhân Viên Kỹ Thuật Làm Việc Tại Mỹ - Diện Visa H1B - Lương Từ 40.000$ - 45.000$/1 Năm,"['quản lý sổ sách, Chứng từ', 'nhập liệu nhanh và chính xác', 'sử dụng phần mềm quản lý kho', 'kiểm kê hàng hóa', 'kỹ năng tính toán, Đối chiếu', 'trung thực, Cẩn thận']","-Giới tính: Nam;. -Độ tuổi từ 23 - 35 tuổi;. -Tốt nghiệp đại học Công nghiệp trở lên chuyên ngành cơ khí, điện, các ngành nghề có liên quan (đã lấy bằng tốt nghiệp);. -Ưu tiên ứng viên có kinh nghiệm;. -Có khả năng sử dụng AutoCad;. -Giao tiếp tiếng Anh.",0.325,
373,high,21961,6849,Bác Sĩ Răng Hàm Mặt,Trưởng Nhóm Chăm Sóc Khách Hàng Sàn TMĐT,"['kiến thức về giải phẫu răng hàm mặt', 'kỹ năng chẩn đoán cơ bản', 'thực hiện các thủ thuật nha khoa cơ bản (lấy cao răng, Hàn răng)', 'thái độ tận tâm, Cẩn thận', 'kỹ năng giao tiếp bệnh nhân']","Có kĩ năng lập kế hoạch, tổ chứcCó kĩ năng trình bày, giải thích và tạo động lực cho nhân viênCó kĩ năng giao tiếp, đàm phán, thuyết phục tốtCó kĩ năng phân tích, tổng hợp, báo cáo tốtCó khả năng phản xạ nhanh, dự đoán khối lượng công việc và tình hình nhân sựƯu tiên những bạn có kinh nghiệm",0.834,
374,medium,21961,9900,Bác Sĩ Răng Hàm Mặt,Biên Dịch Viên Tiếng Anh,"['kiến thức về giải phẫu răng hàm mặt', 'kỹ năng chẩn đoán cơ bản', 'thực hiện các thủ thuật nha khoa cơ bản (lấy cao răng, Hàn răng)', 'thái độ tận tâm, Cẩn thận', 'kỹ năng giao tiếp bệnh nhân']","• Tốt nghiệp (hoặc sinh viên năm cuối) các trường Đại học chuyên ngành ngoại ngữ, có học lực khá trở lên• Có đam mê và tâm huyết trở thành biên dịch viên chuyên nghiệp• Cẩn thận, năng động, nhiệt tình, có thể làm thêm ngoài giờ nếu cần• Ham học hỏi, hòa đồng, có khả năng làm việc nhóm• Có khả năng làm việc với áp lực cao, đúng hạn• Thành thạo tin học văn phòng• Ưu tiên có từ 1 năm kinh nghiệm (chưa có kinh nghiệm sẽ được đào tạo)• Ưu tiên các bạn có mong muốn làm việc lâu dài",0.666,
375,random,21961,2480,Bác Sĩ Răng Hàm Mặt,Trưởng Phòng Marketing - Yêu Cầu Kinh Nghiệm ( Lương 25-30 Triệu+% Doanh Số) Tại Hà Nội,"['kiến thức về giải phẫu răng hàm mặt', 'kỹ năng chẩn đoán cơ bản', 'thực hiện các thủ thuật nha khoa cơ bản (lấy cao răng, Hàn răng)', 'thái độ tận tâm, Cẩn thận', 'kỹ năng giao tiếp bệnh nhân']","Giới tính: Nam/Nữ. Độ tuổi: 25-38. Tối thiểu 02 năm kinh nghiệm ở vị trí tương đương. Kỹ năng quản lý. Kỹ năng giao tiếp. Kỹ năng làm việc nhóm. Kỹ năng quản lý rủi ro Kỹ năng phân tích dữ liệuThành thạo các kỹ năng chạy quảng cáo đa kênh. Có kinh nghiệm về Media, sàn TMĐT. Trung thực. Sáng tạo. Chủ động trong công việc. Có phẩm chất đạo đức nghề nghiệp. Có kinh nghiệm trong lĩnh vực thời trang là một lợi thế ( ko bắt buộc).",0.115,
376,medium,36613,11583,Nhân Viên,Nhân viên kế toán tổng hợp tiếng Trung,"['quản lý hse', 'đánh giá rủi ro', 'huấn luyện an toàn', 'kiểm định pccc', 'kiểm tra atlđ định kỳ', 'nghiệp vụ sơ cứu']","- Kinh nghiệm tối thiểu 01 năm ở vị trí tương đương. - Thành thạo 4 kĩ năng tiếng Trung - Tốt nghiệp Cao đẳng trở lên, các ngành học có liên quan đến các lĩnh vực như kế toán, kiểm toán, tài chính. - Có năng lực nghiệp vụ kế toán, có khả năng tổng hợp, nắm vững chế độ kế toán. - Sử dụng được các phần mềm hỗ trợ công việc, thành thạo Excel, sử dụng được phần mềm Kế toán Misa là một lợi thế.",0.545,
377,random,36613,3118,Nhân Viên,Phó Giám Đốc Công Ty Bao Bì Sông Lam,"['quản lý hse', 'đánh giá rủi ro', 'huấn luyện an toàn', 'kiểm định pccc', 'kiểm tra atlđ định kỳ', 'nghiệp vụ sơ cứu']","Có trình độ, kinh nghiệm tốt về quản lý, tổ chức, điều hành sản xuất. Đã có kinh nghiệm qua thực tế tổ chức quản lý sản xuất và kinh doanh ≥ 5 năm. Có trình độ đại học kỹ thuật hoặc cử nhân kinh tế.Có sức khoẻ tốt.Những phẩm chất cần có:Trung thành với công ty, luôn vì quyền lợi chung của công ty. Trung thực, gương mẫu trước đồng nghiệp. Có uy tín và ảnh hưởng tốt đến tập thể. Có khả năng tổ chức, động viên mọi người thực hiện tốt nhiệm vụ được giao.Có khả năng phân tích và tổng hợp tốt. Quyết đoán và nhanh nhạy trong việc giải quyết các vấn đề phát sinh, khả năng làm việc độc lập cao, năng động. Có tinh thần trách nhiệm cao. Nhiệt tình, say mê công việc.Có khả năng tổ chức công việc khoa học, hợp lý. Có khả năng quản lý nhân sự, phân công công việc phù hợp với năng lực của nhân viên.Có khả năng hoạch định và quản trị kế hoạch sản xuất.Có khả năng lập kế hoạch bồi dưỡng nhân viên có năng lực.Cam kết làm việc tại công ty trong thời gian từ 3 năm trở lên",0.133,
378,medium,34977,530,Nhân Viên Tư Vấn Bán Hàng(đang Tìm Việc),"Nhân Viên Bán Hàng Tại Hệ Thống Showroom Hà Nội, Hồ Chí Minh (Thu Nhập Từ 15 - 20 Triệu)","['giao tiếp hiệu quả', 'kỹ năng thuyết phục', 'đàm phán cơ bản', 'tìm kiếm khách hàng', 'xử lý từ chối', 'tập trung vào mục tiêu']","- Nam/ nữ: 18-30 tuổi. - Đã hoàn thành việc học, công ty không tuyển part time hoặc thời vụ các bạn nha. - Không yêu cầu kinh nghiệm, quản lý sẽ hướng dẫn và đào tạo toàn bộ nhân viên mới. - Thời gian làm việc: làm theo ca phù hợp với giờ mở đóng cửa của TTTM, tuần nghỉ 1 ngày (quản lý chia ca để cân bằng với tất cả nhân viên trong showroom)",0.545,
379,random,34977,15,Nhân Viên Tư Vấn Bán Hàng(đang Tìm Việc),Nhân Viên Iso,"['giao tiếp hiệu quả', 'kỹ năng thuyết phục', 'đàm phán cơ bản', 'tìm kiếm khách hàng', 'xử lý từ chối', 'tập trung vào mục tiêu']","Nữ dưới 28 tuổiKinh nghiệm làm hệ thống ISO từ 2 năm trở lên, có chứng chỉ đánh giá nội bộ là 1 lợi thếĐọc, hiểu, gửi email bằng tiếng AnhTốt nghiệp Cao đẳng trở lênCó kinh nghiệm làm việc trong các công ty điện tử",0.23,
380,medium,25216,2405,Cộng Tác Viên Tiếng Nhật,Kỹ Sư Qs Tại Hà Nội Lương Từ 11 - 15 Triệu,"['tiếng nhật (jlpt n2)', 'tiếng việt thành thạo', 'biên dịch nhật-việt/việt-nhật', 'phiên dịch (hội thoại)', 'microsoft office', 'giao tiếp liên văn hóa']","- Tốt nghiệp Cao đẳng, Đại học, chuyên ngành: Xây dựng DD Và CN, Kinh tế xây dựng;. - Sử dụng thành thạo Microsoft office, AutoCad, dự toán.. - Am hiểu về quy định của nhà nước về quản lý chất lượng, hồ sơ thanh quyết toán.. - Làm việc độc lập và làm việc nhóm tốt, tinh thần trách nhiệm cao. Giao tiếp tốt, năng động, linh hoạt, nhiệt tình và chịu được áp lực công việc cao. Có sức khỏe tốt.",0.63,
381,random,25216,9265,Cộng Tác Viên Tiếng Nhật,Thủ Kho Nam,"['tiếng nhật (jlpt n2)', 'tiếng việt thành thạo', 'biên dịch nhật-việt/việt-nhật', 'phiên dịch (hội thoại)', 'microsoft office', 'giao tiếp liên văn hóa']",- Giới tính: Nam- Có kinh nghiệm 2 năm trở lên ở các công ty sản xuất.- Có khả năng lái xe nâng- Có thể tăng ca- Tốt nghiệp trung cấp trở lên,0.236,
382,random,6545,13408,30/07/2000,Nhân viên kinh doanh (Nguyễn Xiển),"['kỹ năng bán hàng trực tiếp', 'tìm kiếm và phát triển khách hàng mới', 'kỹ năng giao tiếp và thuyết phục', 'chăm sóc khách hàng sau bán hàng', 'thành thạo tin học văn phòng', 'giải quyết vấn đề nhanh chóng']","- Nữ >1m6, Nam>1m7. - Không yêu cầu kinh nghiệm, sẽ được đào tạo. - Sẵn sàng học hỏi, tiếp thu các kiến thức mới. - Giao tiếp tự tin. - Ham học hỏi, nhiệt tình.",0.226,
383,random,28288,11882,Công Nhân,Chuyên viên Pháp chế Bất động sản,"['lắp ráp linh kiện điện tử', 'đọc hiểu sơ đồ mạch điện', 'sử dụng công cụ đo lường (đồng hồ vạn năng)', 'kiểm tra chất lượng sản phẩm', 'tuân thủ quy trình an toàn lao động']","- Tốt nghiệp Đại học trở lên chuyên ngành Luật hoặc các chuyên ngành có liên quan. Ưu tiên có chứng chỉ hành nghề Luật sư. - Có ít nhất 03 năm kinh nghiệm ở vị trí tương đương tại các Công ty Xây dựng, Chủ đầu tư dự án Bất động sản. - Ngoại hình sáng, nhanh nhẹn. Kỹ năng giao tiếp và trình bày tốt. Kỹ năng đàm phán tốt với khách hàng & đối tác. - Ưu tiên có trình độ Tiếng Anh IELTS từ 7.0 trở lên hoặc tương đương.",0.258,
384,medium,29884,529,Nhân Viên Bán Hàng,Nhân Viên Kiểm Nghiệm Hóa Lý,"['tư vấn sản phẩm', 'kỹ năng giao tiếp và lắng nghe', 'xử lý tình huống và khiếu nại khách hàng', 'sắp xếp trưng bày hàng hóa', 'thành thạo phần mềm bán hàng pos', 'chăm sóc khách hàng sau bán', 'tinh thần trách nhiệm cao']","Yêu cầu- Trình độ Dược sĩ đại học, hoặc cử nhân Hóa dược, Công nghệ hóa,…- Ưu tiên ứng viên có kinh nghiệm phụ trách Xây dựng tiêu chuẩn sản phẩm.- Chấp nhận sinh viên mới ra trường, sẵn sàng học hỏi, yêu thích làm sản xuất, có nguyện vọng mong muốn gắn bó lâu dài với Công ty.- Nhanh nhẹn, chủ động, cẩn thận và có ý chí vươn lên.Địa điểm làm việc: làm việc theo giờ hành chính tại Nhà máy Vĩnh Phúc",0.556,
385,random,29884,10954,Nhân Viên Bán Hàng,Dịch Vụ Nuôi Bệnh Bình Dương Nuôi Tại Nhà Và Tại Bệnh Viện,"['tư vấn sản phẩm', 'kỹ năng giao tiếp và lắng nghe', 'xử lý tình huống và khiếu nại khách hàng', 'sắp xếp trưng bày hàng hóa', 'thành thạo phần mềm bán hàng pos', 'chăm sóc khách hàng sau bán', 'tinh thần trách nhiệm cao']","Dịch Vụ Nuôi Bệnh Bình Dương Nuôi Tại Nhà Và Tại Bệnh Viện Cung ứng người chăm sóc Người Bệnh tại nhà và tại bệnh viện 1 – Chăm sóc người già, người bệnh tại bệnh viện và tại nhà 2 – Giúp việc nhà ăn ở lại và giúp việc nhà theo giờ, Chăm em bé, Chăm sóc mẹ và bé sơ sinh 3 – Nuôi sanh tại bệnh viện, Tạp vụ văn phòng, Tạp vụ ks 4 – Tạp vụ nhà hàng, Tạp vụ quán ăn, Tạp vụ quán cà phê 5 – Bảo vệ nhà hàng, ks , quán ăn, công ty, xí nghiệp, gia đình. lđpt cho các nghành nghề khác nhau … LH : ********* – ********* – ********* – ********* – ********* – ********* Gặp chị Thảo Nhân viên Dịch Vụ Chăm Sóc Người Bệnh Sao Mai có lí lịch rõ ràng,không vướng bận gia đình và đã nhiều năm kinh trong công việc. Nhân viên Dịch Vụ Chăm Sóc Người Bệnh Sao Mai luôn là những người siêng năng, thật thà sẽ làm hài lòng các bạn . Dịch Vụ Chăm Sóc Người Bệnh Sao Mai luôn đặt chữ tín lên hàng đầu. Đến với Dịch Vụ Chăm Sóc Người Bệnh Sao Mai sẽ là sự lựa chọn tốt nhất cho gia đình bạn. Nhân viên Dịch Vụ Chăm Sóc Người Bệnh Sao Mai có cả 3 miền: Bắc – trung – nam – để quý khách hàng lựa chọn .Trân trọng Dịch Vụ Nuôi Bệnh Bình Dương Nuôi Tại Nhà Và Tại Bệnh Viện Giúp việc nhà ở lại là dịch vụ dành cho những gia đình có nhiều việc cần sự hỗ trợ của người giúp việc thường xuyên. Công việc nhà trở thành nỗi lo của các bà mẹ bận rộn, không có nhiều thời gian để chăm sóc gia đình. Chính vì thế nhu cầu cần tìm người giúp việc ở lại nhà luôn là sự lựa chọn hàng đầu. Thấu hiểu những khó khăn ấy, Trung tâm giúp việc nhà Sao Mai chuyên cung ứng người giúp việc nhà ăn ở lại với tiêu chí: “CON NGƯỜI TỐT – DỊCH VỤ TỐT” là dịch vụ dành cho những gia đình có nhiều việc cần sự hỗ trợ của người giúp việc thường xuyên. Công việc nhà trở thành nỗi lo của các bà mẹ bận rộn, không có nhiều thời gian để chăm sóc gia đình. Chính vì thế nhu cầu cần giúp việc nhà luôn là sự lựa chọn hàng đầu. Thấu hiểu những khó khăn ấy, GIÚP VIỆC NHÀ SAO MAI cung ứng người giúp việc nhà ăn ở lại với tiêu chí:",0.39,
386,high,31354,1201,Vị Trí Ứng Tuyển: Cơ Điện,Trưởng Nhóm Thu Hồi Nợ Qua Điện Thoại,"['lắp đặt, Bảo trì hệ thống cơ điện', 'đọc hiểu bản vẽ cơ khí, Điện', 'vận hành thiết bị công nghiệp', 'an toàn điện, An toàn lao động', 'sử dụng dụng cụ chuyên dụng', 'giải quyết vấn đề kỹ thuật', 'tinh thần trách nhiệm']","- Tối thiểu 01 năm kinh nghiệm ở vị trí Trưởng bộ phận/ Trưởng nhóm, đặc biệt trong mảng Call Center hoặc gọi điện nhắc nợ- Từng làm trong các công ty tài chính, ngân hàng, các tổ chức tín dụng, bảo hiểm….- Nắm vững các kỹ năng liên quan đến nghiệp vụ- Chăm chỉ, cẩn thận, có khả năng làm việc với các con số chi tiết, các phân tích năng suất chuyên sâu",0.925,
387,medium,31354,2352,Vị Trí Ứng Tuyển: Cơ Điện,Fresher Automation Test Engineer,"['lắp đặt, Bảo trì hệ thống cơ điện', 'đọc hiểu bản vẽ cơ khí, Điện', 'vận hành thiết bị công nghiệp', 'an toàn điện, An toàn lao động', 'sử dụng dụng cụ chuyên dụng', 'giải quyết vấn đề kỹ thuật', 'tinh thần trách nhiệm']","-Có kiến thức cơ bản về Java core, OOP hoặc có kiến thức tốt về kiểm thử phần mềm (Manual Testing).. -Có thể tham gia đào tạo/làm việc Full-time từ thứ 2 - thứ 6.. -Ham học hỏi, máu lửa, nhiệt huyết, sẵn sàng chinh chiến đối đầu với thử thách khó khăn tại các dự án phần mềm lớn. Tuân thủ kỷ luật & có trách nhiệm với công việc.. -Ưu tiên ứng viên có khả năng đọc hiểu tiếng Anh tốt.. -Ưu tiến ứng viên đã có kiến thức cơ bản về Automation Testing hoặc đã sử dụng/tìm hiểu về một trong các Framework: Selenium, Appium, TestNG, Cucumber…",0.577,
388,high,32958,9470,Trợ Giảng/ Giảng Viên Steam,Nhân Viên Công Nghệ Thông Tin/IT Phần Cứng (IT Attendant),"['kiến thức cơ bản về khoa học, Công nghệ, Kỹ thuật, Nghệ thuật, Toán học', 'kỹ năng giảng dạy và truyền đạt', 'tổ chức hoạt động ngoại khóa', 'khả năng làm việc với trẻ em', 'sáng tạo và đổi mới phương pháp giảng dạy', 'quản lý lớp học', 'giao tiếp hiệu quả', 'làm việc nhóm', 'giải quyết vấn đề', 'kiên nhẫn và tận tâm']","- Tốt nghiệp cao đẳng trở lên chuyên ngành Công nghệ thông tin- Có kinh nghiệm 02 năm trở lên ở vị trí tương đương- Bằng cấp: Tốt nghiệp kỹ sư công nghệ thông tin- Biết lập trình, thành thạo lập trình ngôn ngữ SQL- Có bằng lái xe B2- Tinh thần trách nhiệm, kỹ năng làm việc nhóm- Chịu áp lực cao trong công việc.",0.946,
389,medium,32958,2867,Trợ Giảng/ Giảng Viên Steam,Nhân Viên Quản Lý Sàn Thương Mại Điện Tử (E-Commerce),"['kiến thức cơ bản về khoa học, Công nghệ, Kỹ thuật, Nghệ thuật, Toán học', 'kỹ năng giảng dạy và truyền đạt', 'tổ chức hoạt động ngoại khóa', 'khả năng làm việc với trẻ em', 'sáng tạo và đổi mới phương pháp giảng dạy', 'quản lý lớp học', 'giao tiếp hiệu quả', 'làm việc nhóm', 'giải quyết vấn đề', 'kiên nhẫn và tận tâm']","- Nam - Nữ (tuổi từ 22 trở lên)- Biết cơ bản về tin học văn phòng word, excel.- Chịu khó, biết lắng nghe, yêu thích mảng Thương mại điện tử.- Chịu được áp lực có tinh thần trách nhiệm cao.- Kỹ năng lập kế hoạch công việc.",0.543,
390,medium,6532,772,"Nhân Viên Sale Phòng Trọ, Căn Hộ..",Chuyên Viên Tìm Kiếm Và Phát Triển Mặt Bằng (Cửa Hàng Nệm),"['kỹ năng bán hàng', 'chăm sóc khách hàng', 'đàm phán', 'giao tiếp hiệu quả', 'tìm kiếm và phát triển khách hàng', 'tin học văn phòng cơ bản']","- Tốt nghiệp cao đẳng trở lên chuyên ngành có liên quan ( xây dựng, BĐS, pháp chế, kinh doanh , marketing ... )- Có kiến thức về mở rộng mặt bằng và có khả năng làm việc với môi giới;- Có tinh thần trách nhiệm, chịu khó di chuyển; - Kỹ năng giao tiếp và đàm phán tốt; có kinh nghiệm phát triển mặt bằng kinh doanh ít nhất 2 năm.",0.661,
391,high,32581,37,Nhân Viên Chăm Sóc Khách Hàng,Trưởng Nhóm Kinh Doanh,"['giao tiếp', 'lắng nghe chủ động', 'thuyết phục', 'tin học văn phòng (word, Excel)', 'giải quyết vấn đề cơ bản']","• Nam/Nữ có ngoại hình ưa nhìn, độ tuổi từ 28 - 35• Tốt nghiệp Đại học chuyên ngành Kinh tế, Quản trị kinh doanh, Ngoại thương…• Ít nhất 3 năm kinh nghiệm ở vị trí tương đương, đã từng có kinh nghiệm tại các Nha khoa thẩm mỹ, trung tâm làm đẹp• Am hiểu về kinh doanh và Marketing, có kiến thức về thị trường nha khoa thẩm mỹ• Giao tiếp và lắng nghe tốt• Kỹ năng quản lý, chủ động trong công việc• Có tư duy nhạy bén và khả năng thuyết phục cao • Tiếng anh giao tiếp• Sử dụng thành thạo tin học văn phòng• Sẵn sàng đi công tác, đào tạo khi có yêu cầu",0.809,
392,medium,32581,7239,Nhân Viên Chăm Sóc Khách Hàng,Nhân Viên Kế Toán Không Cần Kinh Nghiệm,"['giao tiếp', 'lắng nghe chủ động', 'thuyết phục', 'tin học văn phòng (word, Excel)', 'giải quyết vấn đề cơ bản']","- Không yêu cầu kinh nghiệm.- Giới tính: Nữ.- Độ tuổi: 20-32.- Tốt nghiệp Trung cấp trở lên chuyên ngành Kế toán.- Sử dụng thành thạo Misa, Excel.",0.717,
393,high,37814,7412,Biên Phiên Dịch Tiếng Pháp,"Product Development - Phát Triển Sản Phẩm (Công Nghệ Thông Tin, Viễn Thông) - Onboard Sau Tết","['tiếng pháp lưu loát (nghe, Nói, Đọc, Viết)', 'tiếng anh giao tiếp', 'biên dịch tài liệu', 'phiên dịch hội thoại', 'kiến thức văn hóa pháp', 'giao tiếp khách hàng', 'tin học văn phòng']","Tốt nghiệp Đại học chuyên ngành Công nghệ thông tin, ĐTVT, ... hoặc các chuyên ngành liên quan.Kinh nghiệm từ 3 năm trong lĩnh vực nghiên cứu sản phẩm, tư vấn giải pháp về công nghệ thông tin, Điện tử viễn thông.Năng lực nghiên cứu tốt.Kỹ năng tìm hiểu, phân tích, giải quyết vấn đề.Kỹ năng đàm phán, làm việc nhóm tốtKỹ năng giao tiếp, thuyết trình, viết tài liệu.Có khả năng trình bày và bảo vệ trước khách hàng.Có khả năng viết đề xuất và bảo vệ phương án kinh doanh sản phẩmỨng viên có kinh nghiệm làm việc tại mô hình tương tự là một lợi thế.",0.822,
394,medium,37814,12042,Biên Phiên Dịch Tiếng Pháp,Nhân Viên Marketing FB ads (TN 10-30M ),"['tiếng pháp lưu loát (nghe, Nói, Đọc, Viết)', 'tiếng anh giao tiếp', 'biên dịch tài liệu', 'phiên dịch hội thoại', 'kiến thức văn hóa pháp', 'giao tiếp khách hàng', 'tin học văn phòng']","- Làm việc full-time tại văn phòng công ty: TP Giao Lưu, Phạm Văn Đồng và 8A Phạm Hùng, Hà Nội.- Thời gian làm việc 8h20 - 17h30, tháng nghỉ 5 ngày tự chọn. - Có laptop cá nhân. - Ưu tiên ứng viên là người có kinh nghiệm làm việc từ 3 tháng trở lên (Chưa có kinh nghiệm sẽ trao đổi lương cụ thể khi phỏng vấn) - Biết photoshop ảnh và cắt ghép video cơ bản. - Ham học hỏi, cầu tiến trong công việc.",0.548,
395,medium,31594,2218,客服职员(đang Tìm Việc),Giáo Viên Toán_Fsc Cầu Giấy,"['giao tiếp tiếng trung (phổ thông)', 'giải quyết vấn đề', 'lắng nghe chủ động', 'kiên nhẫn', 'tinh thần trách nhiệm', 'tin học văn phòng cơ bản', 'xử lý khiếu nại']","Tốt nghiệp Đại học trở lên chuyên ngành Sư phạm Toán hoặc các chuyên ngành có liên quan (Toán học,...) và có chứng chỉ Nghiệp vụ Sư phạmCó tối thiểu 01 năm kinh nghiệm giảng dạy môn ToánCó tâm huyết với nghề, phẩm chất đạo đức tốtKỹ năng giao tiếp, thuyết trình, giải quyết tình huống sư phạm và làm việc nhóm tốtNhanh nhẹn, năng động, có tinh thần học hỏi và sẵn sàng đổi mới phương pháp dạy họcThành thạo các phần mềm, ứng dụng và các thiết bị hỗ trợ giảng dạyƯu tiên ứng viên có từ 3 năm kinh nghiệm giảng dạy môn Toán hoặc luyện thi cho học sinh lớp 9 thi vào lớp 10 THPT, luyện thi Học sinh GiỏiƯu tiên ứng viên từng là học sinh trường chuyên hoặc từng tham gia thi Học sinh Giỏi.",0.631,
396,high,42981,10892,Nhân Viên,Nhân viên hành chính nhân sự,"['kỹ năng giao tiếp cơ bản', 'thái độ phục vụ tận tâm', 'khả năng làm việc nhóm', 'chịu khó, Cẩn thận', 'đảm bảo vệ sinh', 'quản lý thời gian cá nhân']","Yêu cầu -Yêu cầu Nữ-Thành thạo tin học văn phòng word,excel. Có kỹ năng giao tiếp; Có khả năng làm việc theo nhóm, chịu được áp lực cao trong công việc. Ưu tiên các ứng viên:Học chuyên ngành Luật, quản lý nhân sự, hành chính Có kinh nghiệm ở các lĩnh vực chuyên môn nêu trên Có khả năng đảm đương công tác thư ký, trợ lý cho Ban giám đốc",0.926,
397,medium,42981,1413,Nhân Viên,Lập Trình Viên Reactjs,"['kỹ năng giao tiếp cơ bản', 'thái độ phục vụ tận tâm', 'khả năng làm việc nhóm', 'chịu khó, Cẩn thận', 'đảm bảo vệ sinh', 'quản lý thời gian cá nhân']","Kỹ năng lập trình Javascript:• Nắm chắc kiến thức về các đặt tên hàm, tên biến theo chuẩn pascal casing, camel casing và nắm chắc các kiến thức cơ bản trên trang reactjs.org• Thành thạo các hàm xử lý trên array.• Biết cách viết và chuyển đổi component từ createClass sang dạng extends Component hoặc sang Hooks.• Thành thạo trong việc gọi API (POST, GET, PUT) và cách set param/header cho khi gọi API.• Biết cách sử dụng Context API, Higher-Order components trong ReactJs.• Đã làm việc với ReactJs hoặc Javascript 1 năm.Kỹ năng HTML/CSS:• Nắm chắc kiến thức cơ bản liên quan các thẻ HTML.• Thành thạo trong việc dàn trang/layout sử dụng flex box và grid.Kỹ năng máy tính:• Sử dụng thành thạo các tool như VisualStudio, Sublime, TortoiseSVN.• Có khả năng config webpack, babel để build code ReactJs hoặc build code SCSS, SASS ở mức cơ bản.",0.65,
398,high,7830,5183,Nhân Viên Ứng Tuyển,Nhân Viên Kế Toán Thuế,"['tuyển dụng (sourcing, Phỏng vấn, Onboarding)', 'quản lý hồ sơ ứng viên (ats)', 'kỹ năng giao tiếp và đàm phán', 'luật lao động cơ bản', 'tin học văn phòng']","1) Tốt nghiệp Cao đẳng trở lên chuyên ngành kế toán, tài chính...2) Đã làm kế toán thuế, ưu tiên ứng viên có kinh nghiệm làm việc trong ngành thời trang3) Khả năng nhanh nhạy trong việc xử lý số liệu4) Sử dụng tốt tin học văn phòng, đặc biệt là excel, phần mềm kế toán.",0.865,
399,medium,7830,7674,Nhân Viên Ứng Tuyển,Chuyên Viên Kinh Doanh Fulltime - Kênh Pruventure [Hà Nội],"['tuyển dụng (sourcing, Phỏng vấn, Onboarding)', 'quản lý hồ sơ ứng viên (ats)', 'kỹ năng giao tiếp và đàm phán', 'luật lao động cơ bản', 'tin học văn phòng']","- Tuổi từ 24 - 39- Tốt nghiệp Cao Đẳng, Đại Học- Từng là nhân viên kinh doanh/ tư vấn viên với ít nhất từ 1 năm kinh nghiệm trong các ngành: Bảo Hiểm, Tài Chính Ngân Hàng, Bất Động Sản, Du Lịch,...- Định hướng phát triển lâu dài đối với lĩnh vực Bảo hiểm nhân thọ- Kỹ năng giao tiếp, tư vấn thuyết phục khách hàng tốt- Ngoại hình ưa nhìn, tác phong chuyên nghiệp, năng động, nhiệt huyết và tinh thần ham học hỏi, cầu tiến trong sự nghiệp",0.729,
400,high,38425,4211,nhân viên văn phòng,Nhân Viên Lễ Tân,"['soạn thảo văn bản', 'quản lý hồ sơ, Tài liệu', 'kỹ năng tin học văn phòng (word, Excel, Powerpoint)', 'kỹ năng giao tiếp và làm việc nhóm', 'tiếng anh giao tiếp/đọc hiểu tốt']","II. : Tốt nghiệp Trung cấp/Cao đẳngTối thiểu 1 năm kinh nghiệm liên quanTiếng anh giao tiếp kháThời gian làm việc: làm việc theo ca 8 tiếng/ngày (xoay ca), 6 ngày/tuầnKỹ năng quản lý thời gian, Kỹ năng tin học văn phòng kháIII. Địa điểm làm việc:Dự án Serenity Sky Villas - Q3Dự án Lavis 18 - Q3",0.856,
401,medium,38425,2806,nhân viên văn phòng,Nhân Viên Giám Sát Bán Hàng,"['soạn thảo văn bản', 'quản lý hồ sơ, Tài liệu', 'kỹ năng tin học văn phòng (word, Excel, Powerpoint)', 'kỹ năng giao tiếp và làm việc nhóm', 'tiếng anh giao tiếp/đọc hiểu tốt']","• 22 tuổi trở lên• Tốt nghiệp Cao Đẳng• Có thể làm ca• Tiếng Anh: trung bình. Có khả năng giao tiếp cơ bản• Có định hướng về dịch vụ: chủ động tìm cách giúp đỡ khách hàng, phát triển dịch vụ• Đáng tin cậy: Có trách nhiệm cao và thái độ trung thực trong công việc• Có khả năng giao tiếp tốt",0.676,
402,high,19702,1962,Nhân Viên Bán Hàng(đang Tìm Việc),Nhân Viên Kinh Doanh - Bao Bì Giấy Và Nhựa,"['tư vấn và chốt đơn hàng', 'kỹ năng đàm phán', 'chăm sóc khách hàng', 'sử dụng phần mềm quản lý bán hàng (kiotviet)', 'làm việc độc lập']","Tinh thần trách nhiệm cao, năng động, nhiệt tình trong công việcCó khả năng làm việc độc lập và đối mặt với thử tháchCó năng lực hoàn thành deadlines và chịu được áp lực cao trong công việcKỹ năng đàm phán, thương lượng với khách hangCó kỹ năng giao tiếp và làm việc nhóm tốtSử dụng thành thạo MS OfficeTốt nghiệp Đại học/ Cao đẳng các ngành có liên quan.",0.912,
403,medium,19702,1837,Nhân Viên Bán Hàng(đang Tìm Việc),Thực Tập Sinh Vẽ Tranh Nghệ Thuật,"['tư vấn và chốt đơn hàng', 'kỹ năng đàm phán', 'chăm sóc khách hàng', 'sử dụng phần mềm quản lý bán hàng (kiotviet)', 'làm việc độc lập']","Ưu tiên các ứng viên hiện là sinh viên của các trường đại học mỹ thuật, kiến trúc.Ứng viên có kỹ năng vẽ tay cơ bảnCó kiến thức về tranh.Yêu nghề, có tinh thần làm việc nghiêm túc.",0.541,
404,medium,22907,9427,Nhân Viên Sales-chăm Sóc Khách Hàng,Sales Admin,"['kỹ năng giao tiếp và lắng nghe', 'tinh thần cầu tiến, Chịu học hỏi', 'khả năng làm việc độc lập và nhóm', 'thái độ phục vụ khách hàng tốt', 'kiên trì và chịu được áp lực']","- Giới tính Nữ- Cẩn thận tỉ mỉ trung thực- Nhạy bén và chịu được áp lực công việc- Kinh nghiệm làm việc từ 1 năm trở lên (ưu tiên có kinh nghiệm về Sales Admin, MKT Admin, Logistic Support)- Kỹ năng vi tính văn phòng thành thạo, chi tiết, đặc biệt thành thạo Excel (Vlookup, Sum, If, Pivot table, …)- Chịu khó làm việc, thái độ tốt- Cụ thể hơn sẽ trao đổi khi phỏng vấn trực tiếp",0.503,
405,high,37999,736,Chuyên Viên Bảo Trì Cơ Khí Nén Khí Và Máy Công Nghiêp,Trưởng Nhóm Đối Tác Nhân Sự - Hrbp Teamleader,"['kiến thức chuyên sâu về cơ khí, Thủy lực, Khí nén', 'đọc hiểu bản vẽ kỹ thuật cơ khí', 'bảo trì và sửa chữa máy móc công nghiệp', 'phân tích và khắc phục sự cố hệ thống', 'quản lý vật tư phụ tùng', 'tuân thủ quy trình an toàn lao động', 'làm việc độc lập và xử lý tình huống khẩn cấp']","Nam/nữ, tốt nghiệp Đại học các chuyên ngành Quản trị nhân lực, Luật, Công nghệ thông tin, Quản trị kinh doanh, Marketing…Kinh nghiệm: Có từ 5 năm kinh nghiệm trong mảng Nhân sự, trong đó có ít nhất 2 năm ở vị trí tương đương. Ưu tiên ứng viên có kinh nghiệm làm việc trong lĩnh vực công nghệ thông tin, thị trường Nhật Bản, quy mô từ 500 nhân sự.Có kiến thức chung về nhân sự, am hiểu Luật lao động, BHXH,…và hiểu cách áp dụng Luật trong các mối quan hệ nhân sự.Có khả năng quản lý, làm việc nhóm tốt và kinh nghiệm tư vấn xây dựng các chế độ phúc lợi, chính sách nhân sự.Kỹ năng giao tiếp, đàm phán, thuyết phục tốt.Có năng lực tư duy nhạy bén, bao quát và logic.Chủ động, sáng tạo và quyết liệt trong công việc.",0.877,
406,medium,37999,5820,Chuyên Viên Bảo Trì Cơ Khí Nén Khí Và Máy Công Nghiêp,Chuyên Viên An Ninh Và Điều Tra Nội Bộ - Hà Nội,"['kiến thức chuyên sâu về cơ khí, Thủy lực, Khí nén', 'đọc hiểu bản vẽ kỹ thuật cơ khí', 'bảo trì và sửa chữa máy móc công nghiệp', 'phân tích và khắc phục sự cố hệ thống', 'quản lý vật tư phụ tùng', 'tuân thủ quy trình an toàn lao động', 'làm việc độc lập và xử lý tình huống khẩn cấp']","1. Giới tính: Nam, dưới 40 tuổi.2. Trình độ: Tốt nghiệp từ Trung cấp trở lên các ngành liên quan đến Điều tra, An Ninh, Cảnh Sát.3. Kinh nghiệm: Có tối thiểu 02 năm kinh nghiệm làm về Điều tra tại các cơ quan An ninh, Cảnh sát, Viện kiểm sát, Trinh sát quân sự hoặc các tổ chức Tài chính, Ngân hàng.4. Có khả năng phân tích và nghiên cứu thông tin/dữ liệu một cách độc lập.5. Có kỹ năng điều tra các vụ việc dân sự và hình sự.6. Tư duy phân tích tốt.7. Kỹ năng xử lý vấn đề tốt.8. Tính cách quyết liệt, quản trị mục tiêu tốt; cẩn thận và chi tiết.9. Yêu cầu về vi tính văn phòng: Thành thạo Excel, Word, Power point,...10. Sức khoẻ tốt, năng động, nhiệt tình, chịu được áp lực công việc cao.",0.703,
407,high,10146,9426,Nhân Viên Đánh Máy Tại Nhà,Nhân Viên Triển Khai Công Nghệ Hệ Thống (System),"['đánh máy nhanh và chính xác', 'thành thạo microsoft word và excel', 'khả năng tìm kiếm và tổng hợp thông tin', 'cẩn thận, Tỉ mỉ và trách nhiệm', 'khả năng làm việc độc lập', 'kiến thức cơ bản về seo và content marketing']","– Tốt nghiệp Đại học/cao đẳng chuyên ngành CNTT; Điện tử viễn thông hoặc An toàn thông tin;– Kinh nghiệm từ 1 năm trở lên;– Khả năng làm việc phối hợp nhóm;– Tính cách trung thực, có tinh thần trách nhiệm, chịu áp lực tốt;– Kỹ năng tin học văn phòng Word, Excel, Powerpoint, vẽ kỹ thuật như Visio hoặc Autocad thành thạo;– Tiếng Anh: đọc dịch tài liệu chuyên ngành; giao tiếp được với chuyên gia nước ngoài là một lợi thế;– Chứng chỉ: MCSA, MCSE/MCITP/ VCP hoặc tương đương là một lợi thế;– Ưu tiên có kinh nghiệm làm việc thực tế với sản phẩm của các hãng: HPE, DELL, Cisco, NetApp, Hitachi, Fujitsu, IBM,…",0.874,
408,medium,10146,6691,Nhân Viên Đánh Máy Tại Nhà,"PHP Developer (4 Years Of Experience In PHP, Salary Upto 2000 Usd/Month) - Can Work Remote","['đánh máy nhanh và chính xác', 'thành thạo microsoft word và excel', 'khả năng tìm kiếm và tổng hợp thông tin', 'cẩn thận, Tỉ mỉ và trách nhiệm', 'khả năng làm việc độc lập', 'kiến thức cơ bản về seo và content marketing']","At least 4 years of experience in PHP, familiar with the LAMP stack and writing clean codeTalent for self-organizationSolution-oriented work, no ""working through"" and some abstract thinking required Javascript (plain) would be a nice skill addition - not a must -You know how to handle repositoriesIn the best case you have already written tests yourself, otherwise you learn it here - not a must - In the best case you know your way around the terminal and can navigate through the servers - not a must -You speak conversational English and reading English skills are desired (code documentation in EN)",0.645,
409,medium,34116,977,Nhân Viên Lập Trình,Nhân Viên Hành Chính Nhân Sự,"['lập trình python (django, Flask)', 'cơ sở dữ liệu (sql, Mongodb)', 'html, Css, Javascript (reactjs cơ bản)', 'kiểm soát phiên bản git', 'giải thuật và cấu trúc dữ liệu', 'tư duy logic và giải quyết vấn đề']","- Trình độ học vấn: Tốt nghiệp Đại học trở lên các ngành Quản trị, Luật hoặc chuyên ngành khác có liên quan.- Có ít nhất 03 năm kinh nghiệm công tác liên tục tại vị trí tương đương.- Có khả năng xây dựng, triển khai hệ thống các quy trình, quy định... trong quản trị nhân sự.- Có khả năng áp dụng hiệu quả, linh hoạt Pháp luật Việt Nam trong lĩnh vực tổ chức - nhân sự vào thực tế của Công ty..- Ngoại ngữ: Giao tiếp tốt- Có kiến thức về tuyển dụng và đào tạo.- Có kiến thức cơ bản về tiền lương, chính sách tiền lương.- Năm vững MTCV của các vị trí mang tính chất chung đối với tất cả các Công ty.- Thành thạo tin học văn phòng ( Word, Exel, PowerPoint,...).- Soạn thảo văn bản, quy trình, quy định, mẫu biểu tốt.- Kỹ năng lắng nghe, biết nắm bắt tâm lý con người, khả năng giao tiếp, thuyết trình, thuyết phục tốt.- Kỹ năng đào tạo, giao việc, khả năng quản lý nhóm, khả năng tư duy logic tốt.- Khả năng làm việc dưới áp lực cao.- Nhanh nhẹn, linh hoạt, thẳng thắn, trung thực.- Có tinh thần trách nhiệm cao, tâm huyết với công việc.",0.522,
410,medium,38514,3348,Sinh Viên Mới Ra Trường,Nhân Viên Kinh Doanh Thu Nhập 8 Triệu - 20 Triệu,"['kiến thức dược lý cơ bản', 'tư vấn sử dụng thuốc', 'kỹ năng giao tiếp bệnh nhân', 'thành thạo tin học văn phòng', 'tinh thần trách nhiệm cao']","Độ tuổi: 21 - 35 Trình độ học vấn: Sinh viên 3 trở lênTrình độ tin học: sử dụng thành thạo tin học văn phòngCó trách nhiệm, chịu được áp lực trong công việc.Chăm chỉ, mong muốn gắn kết lâu dài.Có kinh nghiệm là một lợi thế, không yêu cầu kinh nghiệm, sẽ được hướng dẫn khi gia nhập công ty.Sẵn sàng được đào tạo và làm việc",0.581,
411,medium,20762,4492,Tài Xế(đang Tìm Việc),Marketing Intern,"['lái xe tải, Xe khách, Xe con an toàn', 'thành thạo luật giao thông đường bộ', 'kiểm tra và bảo dưỡng xe cơ bản', 'xử lý tình huống khẩn cấp trên đường', 'kỹ năng định vị và tìm đường (gps)', 'giao tiếp tốt và tinh thần trách nhiệm cao']","About you Required to have good English speaking and writing skillsProbably, but not necessarily, a Marketing / Business Administration / Public Policy student, looking for a challenge beyond the client / leads / sales trichotomy.Low-ego personality capable of thriving in a high-velocity environmentComfortable getting things wrong and learning from mistakesAble to join immediately Nice to haveKnowledge of basic AI conceptsAny marketing or sales experience",0.685,
412,high,15688,11120,Nhân Viên Hành Chính - Văn Phòng,Giảng Viên,"['soạn thảo văn bản, Hợp đồng', 'thành thạo tin học văn phòng (word, Excel, Powerpoint)', 'quản lý hồ sơ, Giấy tờ', 'kỹ năng giao tiếp', 'tổ chức và sắp xếp công việc']","1. Giảng dạy, hướng dẫn sinh viên đại học 2. Chuẩn bị bài giảng . Nghiên cứu kiến thức chuyên môn về công nghệ thông tin. 3. Giảng dạy, hướng dẫn sinh viên đại học ngành Công nghệ thông tin. 4. Coi thi, ra đề, chấm thi, tham gia xây dựng chương trình đào tạo 5. Thực hiện các công việc liên quan khác do Cán bộ quản lý trực tiếp giao.",0.84,
413,medium,15688,2267,Nhân Viên Hành Chính - Văn Phòng,Designer Phòng Khám Tại Hà Nội 12 Triệu++,"['soạn thảo văn bản, Hợp đồng', 'thành thạo tin học văn phòng (word, Excel, Powerpoint)', 'quản lý hồ sơ, Giấy tờ', 'kỹ năng giao tiếp', 'tổ chức và sắp xếp công việc']","- Trình độ: Chuyên ngành thiết kế, mỹ thuật hoặc lĩnh vực có liên quan.- Có kinh nghiệm thiết kế đồ họa, sáng tạo (có KN trong ngành Spa, thẩm mỹ, làm đẹp, phòng khám là một lợi thế)- Kỹ năng: Sử dụng thành thạo phần mềm và công nghệ thiết kế hiện đại. Có mắt thẩm mỹ và tinh tế. Khả năng giao tiếp và truyền đạt tốt. Khả năng làm việc có phương pháp và đáp ứng deadline dự án.",0.565,
414,high,29245,9869,Nhân Viên Lái Xe,Nhân Viên Tư Vấn Bán Hàng Unilever,"['lái xe an toàn và chuyên nghiệp (b2, C)', 'am hiểu luật giao thông đường bộ', 'bảo dưỡng xe cơ bản', 'biết đường hà nội/tp.hcm', 'tập trung cao độ', 'trung thực, Cẩn thận', 'quản lý thời gian']","- Chiều Cao: Nữ từ 1m58, Nam từ 1m65- Sức khỏe tốt, ngoại hình đẹp, da sáng- Có kinh nghiệm tư vấn bán hàng, giao tiếp tốt- Tốt nghiệp 12/12 - còn giữ bằng, siêng năng, chịu khó, chịu học hỏi- Thái độ tốt",0.893,
415,medium,29245,7383,Nhân Viên Lái Xe,Chuyên Viên Event,"['lái xe an toàn và chuyên nghiệp (b2, C)', 'am hiểu luật giao thông đường bộ', 'bảo dưỡng xe cơ bản', 'biết đường hà nội/tp.hcm', 'tập trung cao độ', 'trung thực, Cẩn thận', 'quản lý thời gian']","Tốt nghiệp ĐH chuyên ngành Ngoại giao, Marketing, Kinh tế….Có kinh nghiệm từ 2 năm trở lên trong công tác tổ chức sự kiệnCó khả năng bao quát, tổ chức sự kiện tốtƯu tiên những ứng viên đã có kinh nghiệm tổ chức sự kiện chuyên nghiệp.Nhanh nhẹn, năng động, chịu áp lực cao.Có khả năng làm việc độc lập, đội nhómCó óc sáng tạo tốtCó kinh nghiệm tổ chức các Event lớn, số lượng hơn vài trăm khách.",0.728,
416,medium,14009,1770,Kế Toán(đang Tìm Việc),Nhân Viên Kinh Doanh Truyền Thông,"['kiến thức nguyên lý kế toán', 'thành thạo ms excel', 'nắm vững các quy định về thuế (vat, Tncn)', 'phần mềm kế toán (misa/fast cơ bản)', 'cẩn thận, Tỉ mỉ và trách nhiệm']","Có kinh nghiệm làm việc ở vị trí Nhân viên Phát triển kinh doanh, Nhân viên Kinh doanh hoặc các vị trí tương tựThành thạo các kĩ năng bán hàng, giao tiếp và đàm phán, quản lý thời gian, tổ chức công việcTự tin chào hàng đến nhiều loại đối tượng khách hàng",0.625,
417,medium,30064,12405,Thông Tin Ứng Viên,Nhân Viên Tư Vấn Tuyển Sinh - Làm Việc Tại Hà Đông,"['quản lý hệ thống atvslđ (ohsas 18001, Iso 45001)', 'đánh giá rủi ro an toàn', 'huấn luyện an toàn lao động', 'điều tra tai nạn lao động', 'phân tích pháp luật về atvslđ']","- Sinh viên năm cuối đang chờ bằng hoặc tốt nghiệp tại các trường Trung cấp/Cao đẳng/Đại học khối ngành: Kinh tế, Quản trị Kinh doanh, Tài chính, Marketing,.... - Yêu thích công việc tư vấn, chăm sóc khách hàng. - Đã có kinh nghiệm làm Tư vấn/CSKH tại các trung tâm ngoại ngữ và du học... thuộc lĩnh vực giáo dục là 1 lợi thế. - Năng động, tích cực, chủ động trong công việc- Biết lắng nghe khách hàng. - Cầu tiến, ham học hỏi, đam mê kiếm tiền - Có khả năng làm việc độc lập, có tinh thần trách nhiệm. - Không yêu cầu ngoại ngữ. - Yêu cầu có Laptop. - Thời gian làm việc: 44h/tuần. Thứ 2 – thứ 7: 8h00 – 12h00, 13h00 – 17h00, Nghỉ 2 ngày thứ 7 trong tháng",0.597,
418,medium,29438,4083,Chuyên Viên Pháp Lý,Chuyên Viên Khách Hàng Cá Nhân - Khu Vực Hà Nội,"['nghiên cứu pháp luật', 'soạn thảo văn bản pháp lý', 'phân tích rủi ro', 'tư vấn pháp lý cơ bản', 'kỹ năng đàm phán']","- Tốt nghiệp Cao đẳng trở lên với các chuyên ngành liên quan như: Kinh tế, Tài chính, Tín dụng, Ngân hàng, Quản trị kinh doanh, Thương mại, Kế toán,…- Ưu tiên các ứng viên có từ 01 kinh nghiệm công tác trong lĩnh vực ngân hàng.- Yêu cầu kỹ năng giao tiếp tốt, kỹ năng đàm phán, thương thảo.- Có khả năng làm việc độc lập và theo nhóm.- Năng động, nhiệt tình, trung thực, có trách nhiệm",0.679,
419,high,23922,1056,Bếp(đang Tìm Việc),Nhân Viên Phát Triển Sản Phẩm - Thị Trường Quà Tặng Us/Eu (Print-On-Demand),"['nấu món á/âu cơ bản', 'chế biến thực phẩm', 'quản lý vệ sinh an toàn thực phẩm', 'kiểm soát định lượng', 'làm việc nhóm', 'sắp xếp khu vực bếp']","Kinh nghiệm ít nhất 6 tháng trong mảng nghiên cứu sản phẩm in ấn (POD) hoặc AmazonTiếng Anh đọc, viết tốt; có khả năng nghiên cứu đọc hiểu các tài liệu bằng tiếng Anh.Có kỹ năng phân tích tổng hợp, chủ động, có trách nhiệm trong công việc, nhiệt tình – giao tiếp chủ động, có khả năng làm việc nhóm.Khả năng tự tổ chức, bao quát công việc và xử lý tình huống phát sinh tốt; có tinh thần học hỏi và tiếp thu ý kiến.Thích khám phá sở thích, văn hóa Âu - Mỹ, yêu thích kinh doanh online/e-commerce là một lợi thế.",0.932,
420,medium,23922,12069,Bếp(đang Tìm Việc),NHÂN VIÊN QA LƯƠNG ĐẾN 15TR NGÀNH DƯỢC MỸ PHẨM,"['nấu món á/âu cơ bản', 'chế biến thực phẩm', 'quản lý vệ sinh an toàn thực phẩm', 'kiểm soát định lượng', 'làm việc nhóm', 'sắp xếp khu vực bếp']","1. Độ tuổi: 1990 - 1997. 2. Học vấn: tốt nghiệp Đại học chuyên ngành hóa, thực phẩm, quản lý công nghiệp. 3. Kinh nghiệm: - Từ 1 năm kinh nghiệm vị trí tương đương. - Bắt buộc đã có kinh nghiệm: + Giải quyết vấn đề trong quá trình sản xuất và đưa ra được giải pháp. + Xây dựng quy trình nội bộ của BP, tiêu chuẩn cơ sở cho sản phẩm mới. - Ưu tiên có kinh nghiệm đào tạo nhân viên. 4. Kỹ năng: - Giải quyết vấn đề. - Kỹ năng phân tích, tổng hợp, báo cáo. - Kỹ năng làm việc nhóm (điều hành, lập kế hoạch). 5. Phẩm chất:- Chủ động, trách nhiệm, kiểm soát được công việc. - Nhiệt huyết, khát khao, ham học hỏi, tôn trọng.",0.516,
421,medium,36594,7735,Bán Hàng,Nhân Viên Tư Vấn Bán Hàng [ Túc Trưng - Định Quán - Đồng Nai ],"['kỹ năng giao tiếp tốt', 'thái độ phục vụ khách hàng chuyên nghiệp', 'tinh thần học hỏi', 'nhanh nhẹn, Năng động', 'kiên trì, Chịu khó', 'kỹ năng làm việc nhóm']","""Nam/Nữ, tuổi từ 18 – 28.Tốt nghiệp THPT trở lên.Ngoại hình ưa nhìn. Giọng nói rõ ràng, dễ nghe.Vui vẻ, nhiệt tình, thân thiện.Yêu thích công việc tư vấn, bán hàng.""",0.63,
422,medium,34044,846,Lập Trình Viên(đang Tìm Việc),Lập Trình Viên Python (Eng Khá) - Upto $2000,"['lập trình java/python/c# (tùy chọn)', 'cấu trúc dữ liệu và giải thuật', 'cơ sở dữ liệu (sql)', 'html/css/javascript (nếu là web)', 'sử dụng git/github']","-Giao tiếp tiếng Anh mức khá -Có kinh nghiệm sử dụng các Framework như Flask/Django và các Webserver như Nginx, Haproxy.-Có kinh nghiệm sử dụng các database như Mongodb, MySQL, Postgresql, Redis, Memcached, Elastic search...-Có kinh nghiệm về HTML5/CSS, Javascript, Bootstrap, Jquery/Ajax .-Nắm vững mô hình MVC-Có khả năng phân tích, giải quyết vấn đề tốt-Nhiệt tình và cẩn thận trong công việc.----------------------------------------------------------------------------------Ưu tiên ứng viên có kinh nghiệm làm việc với NodeJS, AngularJS, React JS-Ưu tiên ứng viên có kinh nghiệm sử dụng các công cụ hỗ trợ như Git, Ansible, Docker là một lợi thế...-Ưu tiên ứng viên có kiến thức xử lý đa luồng, xử lý bất đồng bộ và tối ưu hóa performance-Ưu tiên ứng viên có kinh nghiệm về Cloud như AWS, Azure, ..-Ưu tiên ứng viên có khả năng phân tích và thiết kế database. Thiết kế luồng theo yêu cầu của khách hàng",0.746,
423,high,7730,11462,Quản Lý Kỹ Thuật,TUYỂN DỤNG NHÂN VIÊN KINH DOANH,"['tư duy logic', 'giải quyết vấn đề', 'khả năng học hỏi công nghệ mới', 'giao tiếp kỹ thuật', 'sử dụng thành thạo máy tính', 'kiến thức cơ bản về mạng/phần cứng', 'làm việc nhóm', 'tiếng anh kỹ thuật cơ bản']","- Ưu tiên ứng viên có kinh nghiệm trong lĩnh vực kinh doanh, sale,. - Khả năng thiết lập và duy trì mối quan hệ với khách hàng. - Kỹ năng làm việc độc lập, sắp xếp công việc khoa học và làm việc nhóm tốt. - Kỹ năng giao tiếp tốt, đàm phán, thuyết phục, giải quyết vấn đề. - Nhanh nhẹn, hoạt bát, chăm chỉ",0.908,
424,medium,7730,3870,Quản Lý Kỹ Thuật,Key Account Specialist,"['tư duy logic', 'giải quyết vấn đề', 'khả năng học hỏi công nghệ mới', 'giao tiếp kỹ thuật', 'sử dụng thành thạo máy tính', 'kiến thức cơ bản về mạng/phần cứng', 'làm việc nhóm', 'tiếng anh kỹ thuật cơ bản']","• Tốt nghiệp Đại học/Cao đẳng;• Có ít nhất 1 năm kinh nghiệm triển khai dự án, sản phẩm công nghệ trong lĩnh vực, Data, thương mại điện tử, SAAS hoặc các lĩnh vực có liên quan;• Có kiến thức về ERP, Data, BI System,…là 1 lợi thế;• Là người cẩn thận, tỉ mỉ và yêu thích công nghệ;• Kỹ năng phân tích, giải quyết vấn đề, quản lý thời gian tốt;• Khả năng thích ứng để thay đổi nhanh, ham học hỏi, có khả năng tự học và nghiên cứu tài liệu, chịu được áp lực công việc cao;• Không ngại khó, sẵn sàng phá vỡ những giới hạn của bản thân;• Tư duy về quản trị và hệ thống;• Khả năng thuyết trình, training về sản phẩm và dịch vụ.",0.557,
425,high,39568,1029,Chuyên Viên Hành Chính Nhân Sự,Nhân Viên Kế Toán,"['quản lý văn thư, Hồ sơ', 'tổ chức sự kiện nội bộ', 'hỗ trợ tuyển dụng', 'quản lý thông tin nhân sự', 'tin học văn phòng', 'kỹ năng giao tiếp', 'giải quyết vấn đề', 'tính cẩn thận & tỉ mỉ']","- Giới tính: Nam/Nữ, tốt nghiệp CĐ trở lên- Ưu tiên ứng viên sống ở Củ Chi - HCM hoặc quận lận cận- Ưu tiên ứng viên mạnh về mảng tính giá thành sản phẩm- Độ tuổi: Không giới hạn- Tác phong chuyên nghiệp, linh hoạt, kỹ năng giao tiếp tốt.- Thành thạo tin học văn phòng ĐẶC BIỆT LÀ EXCEL- Nhiệt tình,chăm chỉ, có tinh thần cầu tiến",0.902,
426,medium,39568,4939,Chuyên Viên Hành Chính Nhân Sự,Chuyên Viên Tư Vấn Tài Chính - Pruventure With PRUDENTIAL (Lương Kinh Doanh 15 Triệu),"['quản lý văn thư, Hồ sơ', 'tổ chức sự kiện nội bộ', 'hỗ trợ tuyển dụng', 'quản lý thông tin nhân sự', 'tin học văn phòng', 'kỹ năng giao tiếp', 'giải quyết vấn đề', 'tính cẩn thận & tỉ mỉ']","- Tuổi từ 24 - 39- Tốt nghiệp Cao Đẳng, Đại Học- Từng là nhân viên kinh doanh/ tư vấn viên với ít nhất từ 1 năm kinh nghiệm trong các ngành: Bảo Hiểm, Tài Chính Ngân Hàng, Bất Động Sản, Du Lịch,...- Định hướng phát triển lâu dài đối với lĩnh vực Bảo hiểm nhân thọ- Kỹ năng giao tiếp, tư vấn thuyết phục khách hàng tốt- Ngoại hình ưa nhìn, tác phong chuyên nghiệp, năng động, nhiệt huyết và tinh thần ham học hỏi, cầu tiến trong sự nghiệp",0.562,
427,high,41017,8777,Công Nhân Sửa Chữa May Móc Khuôn Mẫu,Nhân Viên Tư Vấn Và Chăm Sóc Khách Hàng,"['đọc bản vẽ kỹ thuật', 'sử dụng dụng cụ cơ khí', 'bảo trì máy móc', 'sửa chữa khuôn mẫu (cơ bản)', 'an toàn lao động', 'cẩn thận, Tỉ mỉ']","- Nữ, tuổi từ 21-26.- Tiếng Anh giao tiếp cơ bản.- Nhanh nhẹn, hoạt bát, có khả năng chịu được áp lực và chủ động trong công việc- Kỹ năng giao tiếp (tiếng Việt, tiếng Anh) và xử lý tình huống tốt là một lợi thế- Có laptop cá nhân.- Không đòi hỏi kinh nghiệm, được đào tạo từ đầu.- Yêu thích công việc chăm sóc khách hàng, quan tâm đến khách hàng để giúp học viên thực sự tiến bộ qua quá trình học.- Trung thực, tỉ mỉ, tận tâm với công việc, có khả năng chịu áp lực.",0.834,
428,medium,41017,9554,Công Nhân Sửa Chữa May Móc Khuôn Mẫu,Nhân Viên Kinh Doanh - Sale Online - TMĐT,"['đọc bản vẽ kỹ thuật', 'sử dụng dụng cụ cơ khí', 'bảo trì máy móc', 'sửa chữa khuôn mẫu (cơ bản)', 'an toàn lao động', 'cẩn thận, Tỉ mỉ']","- Ứng viên từ 22 tuổi trở lên, có bằng tốt nghiệp từ trung cấp trở lên.- Có kinh nghiệm làm nhân viên kinh doanh, nhân viên bán hàng.- Có khả năng sử dụng máy tính thành thạo và biết sử dụng các công cụ hỗ trợ giao tiếp trực tuyến và kinh doanh online.",0.718,
429,medium,31321,1907,Nhân Viên Park Time,Trưởng Vùng Kinh Doanh,"['kỹ năng giao tiếp cơ bản', 'thái độ học hỏi nhanh', 'tinh thần trách nhiệm', 'sử dụng tin học văn phòng cơ bản', 'khả năng làm việc nhóm']","- Ưu tiên nam, có ít nhất 3 năm kinh nghiệm quản lý ở vị trí tương đương hoặc ít nhất 5 năm kinh doanh trong ngành chăn nuôi, thú y- Tốt nghiệp đại học trở lên chuyên ngành thú y, chăn nuôi thú y.- Nắm vững về các loại vắc xin và có kinh nghiệm phát triển thị trường các sản phẩm vắc xin là một lợi thế.- Có kỹ năng tổ chức, quản lý, điều hành, sắp xếp, tổ chức công việc hợp lý.- Năng động, sáng tạo, trách nhiệm và nhiệt tình trong công việc.- Các kỹ năng mềm như kỹ năng giao tiếp, thuyết trình, đàm phán… tốt.- Thành thạo word, Excel, PowerPoint, đã từng sử dụng các công cụ phần mềm phục vụ mục đích kinh doanh, quản lý công việc và sử dụng các trang thiết bị văn phòng.- Làm việc độc lập và chịu được áp lực công việc cao.- Có tinh thần trách nhiệm, cẩn thận, nhiệt tình.- Có thể đi công tác xa dài ngày.",0.523,
430,medium,19896,11231,Bản dịch tiếng Hàn,THỰC TẬP SINH FRESHER SALES,"['biên dịch hàn - việt', 'giao tiếp tiếng hàn (topik 5)', 'dịch content social media', 'sử dụng các công cụ dịch thuật', 'microsoft office']","- Sinh viên năm cuối, mới ra trường các chuyên ngành Marketing, Kinh tế, Truyền thông,v.v.. - Ưu tiên có từ 2 - 3 tháng kinh nghiệm liên quan đến Sales và Marketing. - Có mức độ yêu thích nhất định với các lĩnh vực Martech, Adtech, Thương mại điện tử xuyên biên giới và nhạy bén với công nghệ. - Khả năng đọc hiểu và trao đổi qua văn bản, tin nhắn bằng tiếng Anh khá/ tốt. - Sử dụng thành thạo Microsoft Office: Word, PowerPoint, Excel. - Có laptop cá nhân.",0.591,
431,medium,1597,10790,Cv Chăm Sóc Khách Hàng,GIÁO VIÊN TIẾNG ANH TIỂU HỌC,"['giao tiếp qua điện thoại và email', 'lắng nghe và thấu hiểu khách hàng', 'kỹ năng xử lý tình huống, Giải quyết khiếu nại', 'giọng nói truyền cảm, Dễ nghe', 'sử dụng các phần mềm crm cơ bản']","- Tốt nghiệp Đại học/ Cao đẳng hoặc sinh viên chuyên ngành ngôn ngữ Anh hoặc các chuyên ngành khác nhưng đam mê, yêu thích việc giảng dạy tiếng Anh. - Nghe – nói Tiếng Anh lưu loát, thành thạo, phát âm chuẩn, ngữ điệu tự nhiên. - Phong cách năng động, cởi mở, thân thiện, trẻ trung và nhiệt huyết - Có đam mê và muốn phát triển nghề nghiệp trong lĩnh vực giáo dục- Trung thực, tận tâm, thân thiện & hài hước. - Ứng viên có kinh nghiệm làm trợ giảng, Ưu tiên ứng viên IELTS 6.0 Listening & Speaking trở lên là một lợi thế. Nam/Nữ. Độ tuổi từ 18 - 35,",0.573,
432,medium,5439,1513,Nhân Viên Lễ Tân,Thực Tập Sinh Nghiên Cứu Thị Trường,"['giao tiếp tiếng anh cơ bản', 'kỹ năng chăm sóc khách hàng', 'thành thạo phần mềm quản lý khách sạn (pms)', 'giải quyết vấn đề nhanh chóng', 'sắp xếp và tổ chức công việc', 'tin học văn phòng']","- Ưu tiên sinh viên năm 4 đã học xong các môn hoặc sinh viên mới ra trường.- Tư duy nhanh nhẹn, hoạt bát, có khả năng phân tích số liệu.- Có kiến thức và khả năng phân tích, đánh giá thị trường bất động sản.- Sử dụng thành thạo tin học văn phòng đặc biệt là Powerpoint.",0.593,
433,medium,8942,7425,Nhân Viên....,Nhân Viên Kế Toán Nội Bộ,"['kế toán tổng hợp', 'kế toán thuế', 'phân tích báo cáo tài chính', 'sử dụng phần mềm misa, Fast', 'microsoft excel thành thạo', 'kiểm toán nội bộ', 'tuân thủ pháp luật kế toán']","- Tốt nghiệp Cao đẳng trở lên ngành: Tài chính, Kế toán, Kiểm toán- Kinh nghiệm: 1 năm- Cẩn thận, gọn gàng, làm việc có trách nhiệm- Sử dụng thành thạo phần mềm kế toán (Misa)- Thành thạo tin học văn phòng (Word, Excel…)",0.67,
434,high,8192,9545,Kỹ Thuật Viên Sub Eqm(đang Tìm Việc),Chuyên Viên Kế Toán Tổng Hợp,"['đọc hiểu bản vẽ kỹ thuật', 'sửa chữa và bảo trì thiết bị cơ bản', 'kỹ năng cad (autocad)', 'vận hành máy móc công nghiệp', 'làm việc nhóm', 'giải quyết vấn đề', 'an toàn lao động']","ￚ Bằng cấp: Đại học trở lênￚ Chuyên ngành: Tài chính, kế toánￚ Kiến thức/Chứng chỉ bắt buộc: Có kiến thức về kế toán, tài chính, ưu tiên có kinh nghiệm trong mảng thương mại (bán lẻ, bán buôn..),ￚ Kinh nghiệm: 2 năm – 4 nămￚ Phẩm chất, thái độ:+ Chính trực+ Tư duy nhạy bén+ Tự tin, quyết đoán.+ Cầu toàn, chỉn chuￚ Kỹ năng:+ Sử dụng thành thạo các phần mềm tin học văn phòng (MS Office,…)+ Sử dụng các phần mềm kế toán: Fast, Misa+ Kỹ năng giao tiếp+ Kỹ năng thuyết trình+ Kỹ năng làm việc nhóm, làm việc độc lập+ Kỹ năng giải quyết các vấn đề phát sinh+ Kỹ năng chịu áp lực trong công việc+ Khả năng đọc, hiểu Tiếng Anh cơ bản.+ Sáng tạo và cập nhật xu hướng thị trường.",0.818,
435,medium,8192,6345,Kỹ Thuật Viên Sub Eqm(đang Tìm Việc),Nhân Viên Phát Triển Thị Trường,"['đọc hiểu bản vẽ kỹ thuật', 'sửa chữa và bảo trì thiết bị cơ bản', 'kỹ năng cad (autocad)', 'vận hành máy móc công nghiệp', 'làm việc nhóm', 'giải quyết vấn đề', 'an toàn lao động']","KIẾN THỨC- Có kiến thức về thị trường giao nhận, vận tải, kho bãi, bán lẻ, thương mại điện tử- Hiểu biết về ứng dụng công nghệTHÁI ĐỘ- Tinh thần trách nhiệm cao- Chủ động, có tinh thần cầu tiến và học hỏi- Vui vẻ, thân thiện- Nhanh nhẹn, linh hoạtKỸ NĂNG- Giải quyết vấn đề- Giao tiếp tốt- Phân tích số liệu- Làm việc nhóm- Thành thạo tin học văn phòng, đặc biệt là Excel- TƯ VẤN GIỚI THIỆU DỊCH VỤKINH NGHIỆM LÀM VIỆC- Có ít nhất 6 tháng kinh nghiệm làm việc liên quan đến sales, chăm sóc khách hàng, tư vấn khách hàng, dịch vụ khách hàng",0.697,
436,medium,36981,10042,Giáo viên,Nhân viên tư vấn bán hàng ô tô,"['kỹ năng sư phạm cơ bản', 'kỹ năng giao tiếp tốt', 'soạn giáo án', 'kiến thức chuyên môn vững vàng', 'sử dụng thành thạo microsoft office']","II. YÊU CẦU : Nam/ nữ : Tuổi từ 21 – 30 - Tốt nghiệp trung cấp/ cao đẳng/ đại học - Kỹ năng giao tiếp tốt, năng động, biết cách xử lý tình huống tốt - Tin học văn phòng thành thạo - Ngoại hình ưa nhìn: Chiều cao từ 1m58 ( nữ), 1m65 ( nam)",0.717,
437,high,33352,14489,Nhân Viên(đang Tìm Việc),Nhân viên kinh doanh,"['quản lý văn thư, Hồ sơ', 'kỹ năng giao tiếp và đàm phán', 'tổ chức sự kiện nội bộ', 'sử dụng thành thạo ms office (word, Excel, Powerpoint)', 'giải quyết vấn đề linh hoạt', 'tiếng anh giao tiếp cơ bản']","- Yêu thích và đam mê kinh doanh, bán hàng. -Nhanh nhẹn, khả năng giao tiếp, thuyết phục tốt. -Yêu thích lĩnh vực kinh doanh, tư vấn, bán hàng muốn phát triển bản thân, thu nhập cao. -Ham học hỏi, chịu khó, kiên trì, Trung thực, nhanh nhẹn, nhiệt tình trong công việc -Không ngừng phấn đấu và rèn luyện bản thân, đột phá giới hạn trong công việc tạo thành công và tạo thu nhập hơn mong đợi, không yêu cầu ứng viên có kinh nghiệm, chỉ cần các bạn có nhiệt huyết. - Thành thạo kỹ năng tin học văn phòng (Word, Excel) và am hiểu internet, mạng xã hội. -Ưu tiên ứng viên: có kinh nghiệm tư vấn, chăm sóc khách hàng, bán hàng qua điện thoại, chưa có kinh nghiệm sẽ được đào tạo.",0.88,
438,medium,33352,12547,Nhân Viên(đang Tìm Việc),"Công ty đang cần tuyển 5 lái xe ,phụ xe làm tại Hà Nam h","['quản lý văn thư, Hồ sơ', 'kỹ năng giao tiếp và đàm phán', 'tổ chức sự kiện nội bộ', 'sử dụng thành thạo ms office (word, Excel, Powerpoint)', 'giải quyết vấn đề linh hoạt', 'tiếng anh giao tiếp cơ bản']","THLV : 8h/ngày (quá giờ tính tăng ca) Nam từ 18 t tới 40tuổi. Trung Thực,chăm chỉ,có trách nhiệm với công việc *********",0.579,
439,medium,19844,8921,Kỹ Thuật Xây Dựng,Chuyên Viên Tài Chính Doanh Nghiệp,"['autocad', 'quản lý dự án', 'giám sát thi công', 'bóc tách khối lượng, Lập dự toán', 'đọc hiểu bản vẽ kỹ thuật']","- Tốt nghiệp Đại học chuyên ngành Tài chính doanh nghiệp, kế toán, kiểm toán,…- Có từ 2 năm kinh nghiệm tại vị trí tương đương- Thành thạo MS Office & các công cụ khác phục vụ công việc.- Có kiến thức về tài chính doanh nghiệp, chính sách tiền tệ, ngân hàng.- Kỹ năng quản lý chung (lập kế hoạch, phân công công việc, đánh giá hiệu quả công việc,…)- Tiếng Anh sử dụng tốt trong công việc",0.644,
440,medium,44480,1901,Nhân Viên Phục Vụ,Nhân Viên Tư Vấn Vé Máy Bay (Ca Tối),"['kỹ năng phục vụ khách hàng', 'ghi order nhanh và chính xác', 'giải quyết tình huống', 'làm việc dưới áp lực', 'giao tiếp hiệu quả']","- Sử dụng thành thạo tin học văn phòng.- Khả năng giao tiếp, tư vấn, thuyết phục, giải quyết tình huống tốt.- Nhân viên sẽ được đào tạo thêm về kiến thức chuyên môn phục vụ cho công việc.- Có kinh nghiệm về vé máy bay, du lịch, khách sạn hoặc visa là một lợi thế.- Thời gian làm việc: từ 21h00 - 6h00.",0.651,
441,medium,3001,5811,Chăm Sóc Khách Hàng,Nhân Viên Visa,"['giao tiếp và lắng nghe', 'xử lý tình huống', 'kiên nhẫn và đồng cảm', 'sử dụng thành thạo crm', 'tin học văn phòng']","Kinh nghiệm 01 năm trở lên liên quan đến visa, xử lý hồ sơ nhập cảnh, giấy phép lao động hoặc vị trí tương đương khác.Kỹ năng xử lý các vấn đề hồ sơ giấy tờ, thủ tục visa, xuất nhập cảnh...Tiếng Anh giao tiếp tốt.Có khả năng làm việc độc lập và làm việc theo đội nhóm.Khả năng xử lý tình huống, giải đáp vấn đề và giao tiếp tốt.Trung thực, sáng tạo, nhanh nhẹn, cẩn thận, chủ động, có khả năng chịu áp lực cao trong công việc.Thành thạo tin học văn phòng.",0.72,
442,medium,44570,11618,Kỹ Thuật Viên Sửa Chữa Ô Tô,NHÂN VIÊN XỬ LÝ VẬN ĐƠN,"['kiến thức cơ bản về động cơ và hệ thống ô tô', 'sử dụng các dụng cụ sửa chữa chuyên dụng', 'phân tích lỗi cơ bản', 'thái độ làm việc cẩn thận, Tỉ mỉ', 'khả năng làm việc nhóm']","- Ưu tiên: Thái độ làm việc thân thiện, cởi mở, dễ hòa đồng, có trách nhiệm - Sử dụng được máy tính và các kỹ năng văn phòng - Có khả năng chịu được áp lực công việc - Nhanh nhẹn và cầu tiến, nhưng vẫn đi kèm với tỉ mỉ cẩn thận (Tránh sai sót với đơn hàng) - Chấp nhận ứng viên sắp ra trường, chưa kinh nghiệm",0.573,
443,medium,32387,1455,Logistic,Trợ Lý Kinh Doanh Kiêm Chăm Sóc Khách Hàng,"['kiến thức cơ bản về chuỗi cung ứng và logistics', 'sử dụng thành thạo microsoft office (excel, Word)', 'kỹ năng quản lý thời gian và sắp xếp công việc', 'tỉ mỉ, Cẩn thận và có trách nhiệm', 'tiếng anh giao tiếp cơ bản']","1. Bắt buộc: - Theo học năm thứ ba trở lên hoặc đã tốt nghiệp đại học, cao đẳng chuyên ngành thuộc các nhóm ngành kinh tế, công nghệ thông tin hoặc tương đương. - Có kỹ năng mở và theo dõi bug: mô tả lỗi rõ ràng, mạch lạc, theo dõi lỗi và cung cấp thông tin log kịp thời để fix lỗi. - Định hướng sự nghiệp theo công việc kinh doanh. 2. Điểm cộng: - Có hiểu biết về quy trình phát triển sản phẩm, có khả năng sử dụng các công vụ quản lý lỗi. - Có khả năng phân tích, theo dõi công việc hoàn thành đúng tiến độ, đáp ứng lịch trình dự án. - Giọng nói rõ ràng dễ nghe, kỹ năng giao tiếp tốt, vui vẻ và thân thiện.",0.737,
444,medium,9710,10061,Nhân Viên Kỹ Thuật,KỸ SƯ MÔI TRƯỜNG - TRẢNG BOM ĐỒNG NAI,"['lắp đặt và bảo trì thiết bị', 'đọc bản vẽ kỹ thuật', 'sửa chữa cơ bản', 'sử dụng công cụ chuyên dụng', 'kiểm tra và khắc phục sự cố', 'kiến thức về an toàn lao động', 'tập trung vào chi tiết', 'khả năng làm việc độc lập']","Tốt nghiệp hệ Đại học chuyên ngành Kỹ sư môi trường; Có kiến thức, hiểu biết cũng như kinh nghiệm về vận hành hệ thống xử lý nước thải; Kỹ năng giao tiếp tốt, tinh thần trách nhiệm cao; Cẩn thận, nhạy bén trong công việc, siêng năng và ham học hỏi. Có chí tiến thủ cao và trung thực. Vi tính văn phòng tốt: Microsoft Word, Excel, PowerPoint,...",0.532,
445,medium,34501,9285,Tư Vấn Khách Hàng,Nhân Viên Bán Hàng Xuất Khẩu,"['tư vấn bán hàng', 'chăm sóc khách hàng', 'giao tiếp hiệu quả', 'giải quyết vấn đề', 'thuyết phục', 'tin học văn phòng']","Trình độ chuyên môn: Đại học chuyên ngành ngoại thương/ xuất nhập khẩu/Quản trị kinh doanh/Quan hệ quốc tế/Kinh doanh quốc tếKinh nghiệm: Có kinh nghiệm thực tế giao dịch thương mạiVi tính: Thành thạo tin học văn phòngĐặc điểm cá nhân: có kỹ năng giao tiếp tốt, sức khỏe tốt, ngoại hình cân đối, có khả năng làm việc độc lập và chịu được áp lực công việc.Ngoại ngữ: tốt",0.639,
446,high,3319,11863,Nhân Viên Kế Toán,Tuyển Nhân Viên Văn Phòng,"['sử dụng thành thạo phần mềm misa, Fast', 'báo cáo tài chính, Quyết toán thuế', 'kế toán công nợ, Kho, Tài sản cố định', 'kiến thức vững về chuẩn mực kế toán và luật thuế', 'cẩn thận, Chính xác và có tính kỷ luật cao']","Trung thực, nhanh nhẹn, nhiệt tình, chịu khóKhả năng văn bản tốtTốt nghiệp trung cấp trở lênTuổi từ 22t trở lênCó nguyện vọng gắn bó lâu dài",0.894,
447,high,9557,5543,Nhân Viên Kinh Doanh,Nhân Viên Kinh Doanh Giải Pháp Lương Từ 10 Đến 20 Triệu,"['kỹ năng bán hàng', 'đàm phán', 'chăm sóc khách hàng', 'tìm kiếm khách hàng tiềm năng', 'thuyết trình sản phẩm', 'xử lý từ chối', 'giao tiếp hiệu quả', 'tin học văn phòng', 'crm cơ bản']","-Ưu tiên ứng viên Nam có 02 năm kinh nghiệm trong lĩnh vực nhà kính và hệ thống tưới.. -Khả năng sử dụng tiếng anh tốt, có khả năng đọc hiểu các tài liệu, nghiên cứu tài liệu nước ngoài. -Có kỹ năng đàm phán, thuyết trình, giao tiếp tốt. -Tự tin trong giao tiếp, có khả năng thuyết phục, ứng xử linh hoạt... -Có đam mê với lĩnh vực kinh doanh, năng động, tiếp thu nhanh. -Thành thạo tin học văn phòng, internet.. -Đam mê kiếm tiền, có hoài bão lớn, tự tin cao.",0.818,
448,high,43063,8395,中文翻译(đang Tìm Việc),Nhân Viên An Ninh Giám Sát Các Siêu Thị Tại Hà Nội,"['biên dịch chuyên sâu (trung - việt, Việt - trung)', 'phiên dịch cabin, Nối tiếp', 'đàm phán thương mại', 'thành thạo hsk 6', 'am hiểu văn hóa trung quốc']","- Tốt nghiệp trung cấp, cao đẳng.... - Ưu tiên các ứng viên đã làm an ninh bảo vệ các siêu thị. - Nhanh nhẹn, sức khỏe tốt. - Chủ động cao trong công việc. - Thích ứng nhanh, có khả năng làm việc độc lập. - Trung thực, chịu khó, ham học hỏi",0.864,
449,high,7116,10159,Nhân Viên Giao Nhận - Lái Xe Bằng C,nv lái xe phụ xe làm tại vĩnh phúc(miễn trung gian),"['lái xe an toàn', 'thông thạo đường phố (tp.hcm và các tỉnh lân cận)', 'xử lý hàng hóa', 'bảo dưỡng xe cơ bản', 'kỹ năng định tuyến', 'trung thực', 'cẩn thận', 'chịu áp lực công việc']","Nam tuổi từ 18 - 45 Tài xế bốc hàng và giao hàng, giao hết hàng mới về. Công ty giao xe nào chạy xe đó, không có hàng giao thì phụ kho Có hồ sơ gốc bằng lái. *********",0.864,
450,high,30730,10428,Telesales,Sales Online,"['kỹ năng giao tiếp qua điện thoại', 'giọng nói truyền cảm, Rõ ràng', 'thuyết phục cơ bản', 'xử lý từ chối', 'sử dụng phần mềm crm (cơ bản)', 'kiên trì, Chịu khó']","-Ưu tiên ứng viên có kinh nghiệm trong ngành hoa hoặc yêu thích hoa -Sinh viên mới tốt nghiệp các trường Cao đẳng, Đại học. Ưu tiên học Kế toán,Quản trị kinh doanh, Kinh Tế -Ưu tiên ứng viên có từ 1 năm kinh nghiệm công việc xử lý đơn hàng/ nhập liệu/kế toán/ dịch vụ khách hàng -Có kỹ năng tốt về dịch vụ khách hàng -Khả năng giao tiếp tốt -Sử dụng tốt Excel -Siêng năng, chịu khó, chịu áp lực cao, có thể làm việc ngoài giờ hành chính/cuối tuần/ đi công tác tỉnh. -Bảo mật kinh doanh",0.881,
451,high,4306,161,Nhân Viên Lái Xe(đang Tìm Việc),Nhân Viên Kinh Doanh Telesale,"['lái xe an toàn', 'thông thạo đường phố hà nội', 'bảo quản xe cơ bản', 'trung thực, Cẩn thận', 'sử dụng google maps']","Kinh nghiệm 1 năm trở lênCó Laptop cá nhânCó giao tiếp, khả năng tư duy phản biện tốtSiêng năng, trung thực, khả năng chịu áp lực cao Cầu tiến và có tinh thần trách nhiệm trong công việc.",0.88,
452,high,17171,6992,Nhân Viên: Hành Chính Nhân Sụ(đang Tìm Việc),"Kỹ Thuật Viên (Làm Việc Tại Long Xuyên, An Giang)","['quản lý hồ sơ nhân viên', 'tính lương, C&b', 'tuyển dụng cơ bản', 'tổ chức sự kiện nội bộ', 'luật lao động', 'kỹ năng giao tiếp', 'tin học văn phòng (word, Excel, Powerpoint)']","Nam, tốt nghiệp cao đẳng, đại họcChuyên ngành: Cơ khí, Tự động hóa; Cơ - Điện tử; Điện - Điện tửCó kiến thức cơ bản về máy móc, thiết bị điện/điện tử/cơ khí, hệ thống tự độngCó khả năng đọc hiểu tài liệu Tiếng Anh chuyên ngànhCó thể đi công tác, có bằng lái xe B2 là lợi thếKỹ năng vi tính tốtThái độ: Chăm chỉ, chịu khó, nhiệt tình trong công việc",0.899,
453,high,9109,1820,Nhân viên văn phòng dịch tại chỗ,Nhân Viên Dự Toán Bản Vẽ / Cải Tiến Nghiệp Vụ (Biết Tiếng Nhật ),"['biên dịch tài liệu (anh-việt, Việt-anh)', 'phiên dịch cabin, Phiên dịch đuổi', 'sử dụng các phần mềm hỗ trợ dịch thuật (cat tools)', 'kiến thức chuyên sâu về thuật ngữ kinh tế, Kỹ thuật', 'kỹ năng giao tiếp và đàm phán', 'microsoft office, Kỹ năng văn phòng chuyên nghiệp']","- Tốt nghiệp Trung cấp, Cao đẳng, Đại học ngành tiếng Nhật muốn thử sức trong lĩnh vực kỹ thuật- Trình độ tiếng Nhật: tương đương N3- Biết ứng dụng Microsoft Office (Biết ứng dụng VBA là 1 lợi thế - vị trí Cải tiến nghiệp vụ)- Có tư duy logic, sáng tạo. Yêu thích môi trường làm việc trong các công ty Nhật- Ham học hỏi, kiên nhẫn, không ngại thử thách- Không yêu cầu kinh nghiệm, sẽ được đào tạo khi vào công ty.",0.866,
454,high,43265,514,杨心正(đang Tìm Việc),Nhân Viên Giám Sát (Nội Thất),"['tin học văn phòng (word, Excel, Outlook)', 'sắp xếp lịch làm việc', 'quản lý hồ sơ, Tài liệu', 'giao tiếp hiệu quả', 'làm việc độc lập và nhóm', 'giải quyết vấn đề', 'tỉ mỉ, Cẩn thận', 'tiếng trung giao tiếp tốt']","- Nam, tốt nghiệp cao đẳng trở lên các ngành xây dựng, kiến trúc, nội thất, mỹ thuật ...;- 02- 03 năm kinh nghiệm về giám sát thi công nội thất hoàn thiện;- Ưu tiên ứng viên đã từng thi công căn hộ cao cấp, nhà phố, biệt thự, Penthouse…; Ứngviên biết về triển khai bản vẽ 2D;- Có sức khỏe, có thể đi công tác;- Đọc hiểu bản vẽ kỹ thuật tốt;- Có khả năng giao tiếp tốt;- Thành thạo tin học văn phòng: Excel, Word, Autocad, MS Project…;- Khả năng giao tiếp, chịu được áp lực cao trong công việc. Khả năng làm việc độc lập, tinh thần trách nhiệm cao;- Trung thực, nhanh nhẹn.",0.919,
455,high,11972,13077,Giáo Viên Giáo Dục Thể Chất,Nhân viên kinh doanh thiết bị đào tạo,"['kỹ năng giảng dạy thực hành', 'tổ chức hoạt động thể thao', 'sơ cấp cứu cơ bản', 'giao tiếp hiệu quả', 'làm việc nhóm']","1. Trình độ học vấn:-Tốt nghiệp Cao đẳng, Đại học chuyên ngành Kỹ thuật. 2. Kỹ năng:-Kỹ năng tìm kiếm, xây dựng quan hệ tốt với khách hàng; -Phân tích, nghiên cứ thị trường; -Kỹ năng làm việc nhóm; làm việc độc lập; -Kỹ năng phân tích và giải quyết vấn đề; -Kỹ năng giao tiếp, đàm phán tốt. -Ưu tiên có kinh nghiệm làm sale bán hàng hãng 3. Tư duy và tính cách:-Có đam mê công việc sale engineer -Khả năng tư duy sáng tạo, quyết đoán; -Chịu được áp lực công việc -Ưu tiên ứng viên biết lái xe",0.859,
456,high,23752,5583,"Kế Toán Kho, Nhân Viên Kho, Nhân Viên Văn Phòng",Nhân Viên Kinh Doanh Cần Thơ,"['quản lý hàng tồn kho', 'sử dụng phần mềm kế toán (misa, Fast)', 'thống kê, Báo cáo', 'kiểm kê kho', 'vi tính văn phòng (word, Excel)', 'kỹ năng giao tiếp']","• Tốt nghiệp Trung cấp/Cao đẳng/Đại học các ngành liên quan (chấp nhận ứng viên đang trong thời gian chờ bằng)• Khả năng giao tiếp, truyền đạt thông tin tốt. • Sử dụng thành thạo tin học văn phòng.• Có kỹ năng phân tích, đánh giá, tổng hợp báo cáo; kỹ năng làm việc nhóm, phối hợp trong công việc, giao tiếp tốt với khách hàng",0.896,
457,high,16020,2821,Nhân Viên Hành Chính Nhân Sự,Nhân Viên Giáo Vụ,"['tuyển dụng (đăng tin, Sàng lọc cv, Phỏng vấn)', 'quản lý hồ sơ, Hợp đồng lao động', 'chấm công, Tính lương cơ bản', 'tổ chức sự kiện nội bộ', 'thành thạo microsoft office']","1. Thành thạo Tiếng Anh, phát âm chuẩn, chuyên môn tốt2. Tốt nghiệp Đại học các chuyên ngành có liên quan hoặc Du học sinh về nước3. Ưu tiên ứng viên tốt nghiệp chuyên ngành Sư phạm Anh/ Ngôn ngữ Anh4. Yêu thích công việc văn phòng5. Thành thạo trong việc văn phòng “Word- Excel”6. Giao Tiếp ngoại ngữ đủ tốt để làm việc với Giáo Viên Nước Ngoài7. Kiên nhẫn, nhiệt tình và có tinh thần hợp tác cao8. Trung Thực và tỉ mỉ Nhiệt tình, sáng tạo, có tinh thần trách nhiệm và tinh thần tập thể tốt, thân thiện với học viên.",0.929,
458,high,2419,7181,"Nhân Viên Điều Dưỡng, Y Bác Sĩ",Giám Sát Cửa Hàng,"['lấy dấu hiệu sinh tồn', 'thực hiện y lệnh (tiêm, Truyền dịch)', 'chăm sóc vết thương', 'tư vấn, Hướng dẫn bệnh nhân', 'thao tác trên phần mềm quản lý bệnh án']","- Có kiến thức và kinh nghiệm trong lĩnh vực F&B ít nhất 1 năm trở lên.- Có tinh thần nhiệt huyết với công việc, ham học hỏi, luôn cố gắng hoàn thành tốt các công việc được giao.- Trung thực, tự tin, có kỹ năng giao tiếp tốt, luôn là người làm gương cho đồng nghiệp.- Có khả năng lãnh đạo, tổ chức tốt; có khả năng bao quát và nhạy bén trong công việc.- Sẵn sàng nhận nhiệm vụ mới do người Quản lý yêu cầu.",0.921,
459,high,17152,8997,Nhân Viên Hành Chính Nhân Sự,Nhân Viên Sale Phần Mềm,"['sử dụng thành thạo microsoft office (word, Excel, Powerpoint)', 'kỹ năng giao tiếp và làm việc nhóm', 'tổ chức và sắp xếp công việc', 'soạn thảo văn bản, Hợp đồng', 'tiếng anh giao tiếp cơ bản']","Sử dụng tốt tiếng Anh là một lợi thế- Ưu tiên ứng viên đã có kinh nghiệm làm Sale/Sale admin tại các công ty phần mềm- Sử dụng thành thạo tin học văn phòng- Có khả năng giao tiếp mạch lạc, có kỹ năng giải quyết vấn đề, kỹ năng trình bày tốt- Tính cách cẩn thận, tỉ mỉ- Ngoại hình khá,ựu tiên tuyển nữ",0.91,
460,high,3482,2827,Nhân Viên Văn Phòng,Nhân Viên An Ninh - An Toàn Lao Động,"['tư vấn, Bán hàng', 'giao tiếp và đàm phán', 'sử dụng thành thạo microsoft office (word, Excel)', 'soạn thảo văn bản, Hợp đồng', 'làm việc nhóm']","– Giới tính: Nam/ Nữ– Độ tuổi: Từ 27 tuổi trở lên– Trình độ: Cao đẳng trở lên– Chuyên ngành: Hàng hải, Kỹ thuật, Bảo hộ lao động– Kinh nghiệm: ít nhất 01 năm trong lĩnh vực an ninh, an toàn vệ sinh lao động",0.923,
461,high,7482,3681,Thực Tập Sinh Kỹ Sư Mạng,Nhân Viên Kỹ Thuật Môi Trường,"['cấu hình mạng cơ bản (ccna level)', 'quản trị hệ điều hành (windows server, Linux)', 'giải quyết sự cố mạng', 'kỹ năng làm việc nhóm', 'tinh thần học hỏi cao', 'tiếng anh giao tiếp cơ bản']","- Tuổi: 25-35- Tốt nghiệp cao đẳng, đại học trở lên các chuyên ngành: hóa học/ cấp thoát nước/ môi trường.- Kỹ năng xử lý công việc nhanh nhẹn, linh hoạt, quyết đoán. - Kỹ năng làm việc nhóm- Kỹ năng giao tiếp tốt. - Kỹ năng tin học văn phòng (Word, Excel…), vẽ kỹ thuật (AutoCad/ mapinfo/ microstation).- Có thể đi công tác xa.- Ưu tiên người biết tiếng Anh.- Có trách nhiệm cao trong công việc, trung thực. Cẩn thận, chu đáo với công việc và Ham học hỏi.",0.868,
462,high,41418,159,Nhân Viên Tuyển Dụng,Thư Ký Dự Án Hóa Đơn Điện Tử,"['kỹ năng phỏng vấn cơ bản', 'sử dụng linkedin hiệu quả', 'tổ chức sự kiện tuyển dụng', 'giao tiếp thuyết phục', 'tin học văn phòng (word, Excel, Powerpoint)']","• Ứng viên nữ, tốt nghiệp Đại học, Cao đẳng chính quy, có kinh nghiệm làm tài liệu, biên bản;• Thành thạo Tin học Văn phòng Word, Excel,,,;• Tỉ mỉ, chăm chỉ, cẩn thận, có trách nhiệm trong công việc.",0.827,
463,high,11925,8871,Vị Trí Ứng Tuyển: Kế Toán Kho,Nhân Viên Chăm Sóc Khách Hàng Biết Tiếng Hàn,"['quản lý nhập xuất kho', 'kiểm kê hàng hóa', 'sử dụng phần mềm kế toán (misa, Sap)', 'hạch toán kế toán', 'lập báo cáo kho', 'excel nâng cao', 'cẩn thận, Tỉ mỉ']","- Trình độ: Tốt nghiệp cao đẳng trở lên.- Có khả năng giao tiếp tiếng Hàn tốt (ưu tiên Topik 3, Topik 4 trở lên).- Không yêu cầu kinh nghiệm (ưu tiên có kinh nghiệm về công việc chăm sóc khách hàng, tư vấn, kinh doanh, bán hàng bất động sản, làm sự kiện). - Cẩn thận và tỉ mỉ, giao tiếp tốt và xử lý vấn đề linh hoạt. - Nhiệt tình, vui vẻ hỗ trợ khách hàng không ngại giờ giấc. - Đảm bảo công việc trong thời gian trực phụ trách công việc.",0.921,
464,high,41209,5208,Nhân Viên Hành Chính Khoa Chẩn Đoán Hình Ảnh,Nhân Viên Triển Khai Dự Án Phần Mềm,"['quản lý hồ sơ tài liệu', 'sắp xếp lịch hẹn', 'soạn thảo văn bản', 'kỹ năng giao tiếp văn phòng', 'sử dụng thành thạo microsoft office', 'hỗ trợ hành chính', 'giải quyết vấn đề', 'tinh thần trách nhiệm cao']","-Kinh nghiệm: Tối thiểu 01 năm. -Kỹ năng chuyên môn bắt buộc phải có: chuẩn kỹ năng sử dụng CNTT cơ bản theo thông tư 03/2014/TT-BTTTT. -Ưu tiên biết sử dụng visio, figma, …. -Ưu tiên có kiến thức cơ bản về cơ sở dữ liệu SQL Server,…. -Ưu tiên có khả năng đọc hiểu và soạn thảo văn bản bằng tiếng anh;. -Kỹ năng mềm:. + Nhiệt tình, trách nhiệm cao, chủ động và sáng tạo trong công việc; (kỹ năng quan trọng nhất). + Trung thực, kiên trì, chịu được áp lực cao trong công việc; (kỹ năng cần phải có). + Kỹ năng đàm phán, thuyết phục tốt;. + Kỹ năng phân tích giải quyết vấn đề;. + Kỹ năng làm việc độc lập;. + Kỹ năng sắp xếp, lập kế hoạch và làm việc nhóm.",0.899,
465,high,29708,12945,Nhân Viên Bán Hàng,nhân viên tư vấn khách hàng,"['bán hàng trực tiếp', 'tư vấn sản phẩm', 'chăm sóc khách hàng', 'xử lý đơn hàng', 'kỹ năng chốt sale', 'sử dụng pos']","Trình đô kỹ năng với nhân viênChăm sóc khách hàngSản phẩm công ty được đào tạo ngay từ đầucông ty sẽ đào về thị trườngKỹ năng lắng nghe và giao tiếp tốtKỹ năng phân tíchKỹ năng đa nhiệmTelesales nhân viên kinh doanhVui vẽ ,hòa đồng ,nhiệt tình , có sự cầu tiếng trong công việc ,",0.817,
466,high,907,13058,Telesales Excutive(đang Tìm Việc),Trưởng Nhóm Kinh Doanh Tập Sự Full Time,"['kỹ năng giao tiếp và thuyết phục qua điện thoại', 'xử lý từ chối của khách hàng', 'chăm sóc khách hàng', 'đàm phán và chốt đơn', 'sử dụng crm', 'chịu được áp lực công việc']","- Tốt nghiệp các trường Cao đẳng, Đại học tại Hà Nội - Độ tuổi: 21-35 - Ưu tiên có kinh nghiệm các công việc liên quan kinh doanh/ bán hàng/ sale/ chăm sóc khách hàng - Giao tiếp lưu loát, năng động, nhiệt tình - Mong muốn phát triển bản thân, và có tinh thần cầu tiến cao - Chăm chỉ, có trách nhiệm trong công việc - Không yêu cầu laptop làm việc",0.904,
467,high,17180,82,Nhân Viên Hướng Dẫn Tour,Trưởng Bộ Phận Kỹ Thuật -Dvkh (Đi Làm Ngay),"['kiến thức về lịch sử, Văn hóa việt nam', 'hoạt náo, Khuấy động không khí', 'giao tiếp lưu loát', 'xử lý tình huống phát sinh', 'sức khỏe tốt, Có thể đi công tác thường xuyên', 'tiếng anh giao tiếp']","• Tốt nghiệp ĐH chuyên ngành Kỹ thuật: Điện, Cơ Khí • Ưu tiên có kinh nghiệm làm từ Công ty Nhật. • Tối thiểu 03 năm kinh nghiệm quản lý số lượng từ 03 – 05 nhân viên; • Kỹ năng thuyết trình, Báo cáo và phân tích Báo cáo tốt; Kỹ năng tổ chức, quản lý và phối hợp công việc tốt; • Có khả năng giải quyết công việc độc lập, chủ động; làm việc teamwork tốt, hiệu quả; • Có khả năng giao tiếp, thương lượng tốt; • Sức khỏe tốt, cẩn thận, chính xác, nhanh nhẹn • Khả năng tạo ảnh hưởng, có trách nhiệm và chịu được áp lực cao trong công việc; • Trung thực, trách nhiệm, điềm tĩnh, chín chắn; • Thành thạo tin học văn phòng và các phần mềm ứng dụng có liên quan;",0.804,
468,high,30132,7361,Vị Trí : Nhân Viên Hành Chính,Nhân Viên Marketing,"['kỹ năng quản lý hồ sơ, Tài liệu', 'kỹ năng giao tiếp và xử lý tình huống', 'thành thạo ms office (word, Excel, Powerpoint)', 'tổ chức sự kiện nội bộ', 'hỗ trợ công tác nhân sự', 'sắp xếp và quản lý văn phòng phẩm']","- Tốt nghiệp đại học – chuyên ngành Marketing.- Đã có ít nhất 1 năm kinh nghiệm làm marketing, content, chăm sóc khách hàng- Có kiến thức về marketing online: xu hướng, thị hiếu..- Thành thạo các kỹ năng tin học văn phòng: WORD, EXCEL, POWER POINT- Thành tạo kỹ năng tiếng Anh: Nghe, Nói, Đọc, Viết là một lợi thế- Giao tiếp, đàm phán, public speaker- Tổ chức sự kiện- Kỹ năng viết bài PR- Năng lực quản lý Học hỏi và phát triển Làm việc nhóm- Lập kế hoạch và tổ chức - Xử lý tình huống và ra quyết định - Giao tiếp tốt",0.873,
469,high,2346,101,Sinh Viên Làm Thêm,Thực Tập Sinh Nhân Sự,"['chăm chỉ, Nhiệt tình', 'có khả năng thích ứng nhanh', 'sử dụng được các ứng dụng văn phòng cơ bản', 'có xe máy, Có thể di chuyển linh hoạt', 'trung thực và có trách nhiệm']","Không yêu cầu kinh nghiệm - luôn chào đón các bạn trẻ yêu thích lĩnh vực Nhân sự, đam mê, chăm chỉ.Có mục tiêu rõ ràng, định hướng phát triển trong lĩnh vực nhân sự.Làm được full - timeCó laptop cá nhân",0.925,
470,high,44198,6237,Nhân Viên Bảo Trì Điện,Nhân Viên Thiết Kế Đồ Họa (Thu Nhập 10 - 12 Triệu),"['đọc hiểu bản vẽ điện', 'lắp đặt mạch điện dân dụng và công nghiệp', 'sửa chữa thiết bị điện cơ bản', 'sử dụng công cụ đo lường điện', 'an toàn lao động điện', 'khắc phục sự cố', 'làm việc nhóm', 'thận trọng, Tỉ mỉ']","Tốt nghiệp chuyên ngành các trường Kiến trúc, Mỹ thuật công nghiệp hoặc chuyên ngành liên quan;Có ít nhất tối thiểu 1 năm kinh nghiệm;Có kiến thức trong lĩnh vực thiết kế truyền thông, quảng cáo (Graphic và Web);Biết sử dụng các phần mềm thiết kế: AI, Photoshop, illustrator, After Effect,…Có khả năng làm việc theo nhóm, sáng tạo, có trách nhiệm cao và chủ động, có trách nhiệm trong công việc;Ưu tiên các ứng viên có kinh nghiệm edit video.",0.905,
471,high,14686,6810,Nhân Viên Livestream,"Nhân Viên Sale Marketing Lương 5 - 12 Triệu/ Tháng (Được Đào Tạo, Không Kinh Nghiệm)","['giao tiếp tự tin và thu hút', 'ngoại hình sáng, Năng động', 'khả năng ứng biến nhanh', 'kiến thức về sản phẩm/dịch vụ', 'sử dụng mạng xã hội (tiktok, Facebook live)', 'kỹ năng trang điểm/phối đồ cơ bản', 'tương tác tốt với khán giả']","- Không yêu cầu kinh nghiệm, sẽ được đào tạo nghiệp vụ, kỹ năng Digital Marketing, Content Marketing, SEO Marketing, kỹ năng tư vấn, phong thủy...- Có tinh thần cầu tiến, năng động, nhiệt huyết với công việc.- Kỹ năng đàm phán, giao tiếp tốt.- Khả năng làm việc độc lập hoặc theo nhóm.- Sức khỏe tốt, có tinh thần trách nhiệm trong công việc.",0.921,
472,high,14770,10954,Nhân Viên Bếp Nhà Hàng,Dịch Vụ Nuôi Bệnh Bình Dương Nuôi Tại Nhà Và Tại Bệnh Viện,"['kỹ năng nấu ăn cơ bản (món việt, Á)', 'vệ sinh an toàn thực phẩm', 'sơ chế nguyên liệu', 'làm việc nhóm hiệu quả', 'quản lý thời gian']","Dịch Vụ Nuôi Bệnh Bình Dương Nuôi Tại Nhà Và Tại Bệnh Viện Cung ứng người chăm sóc Người Bệnh tại nhà và tại bệnh viện 1 – Chăm sóc người già, người bệnh tại bệnh viện và tại nhà 2 – Giúp việc nhà ăn ở lại và giúp việc nhà theo giờ, Chăm em bé, Chăm sóc mẹ và bé sơ sinh 3 – Nuôi sanh tại bệnh viện, Tạp vụ văn phòng, Tạp vụ ks 4 – Tạp vụ nhà hàng, Tạp vụ quán ăn, Tạp vụ quán cà phê 5 – Bảo vệ nhà hàng, ks , quán ăn, công ty, xí nghiệp, gia đình. lđpt cho các nghành nghề khác nhau … LH : ********* – ********* – ********* – ********* – ********* – ********* Gặp chị Thảo Nhân viên Dịch Vụ Chăm Sóc Người Bệnh Sao Mai có lí lịch rõ ràng,không vướng bận gia đình và đã nhiều năm kinh trong công việc. Nhân viên Dịch Vụ Chăm Sóc Người Bệnh Sao Mai luôn là những người siêng năng, thật thà sẽ làm hài lòng các bạn . Dịch Vụ Chăm Sóc Người Bệnh Sao Mai luôn đặt chữ tín lên hàng đầu. Đến với Dịch Vụ Chăm Sóc Người Bệnh Sao Mai sẽ là sự lựa chọn tốt nhất cho gia đình bạn. Nhân viên Dịch Vụ Chăm Sóc Người Bệnh Sao Mai có cả 3 miền: Bắc – trung – nam – để quý khách hàng lựa chọn .Trân trọng Dịch Vụ Nuôi Bệnh Bình Dương Nuôi Tại Nhà Và Tại Bệnh Viện Giúp việc nhà ở lại là dịch vụ dành cho những gia đình có nhiều việc cần sự hỗ trợ của người giúp việc thường xuyên. Công việc nhà trở thành nỗi lo của các bà mẹ bận rộn, không có nhiều thời gian để chăm sóc gia đình. Chính vì thế nhu cầu cần tìm người giúp việc ở lại nhà luôn là sự lựa chọn hàng đầu. Thấu hiểu những khó khăn ấy, Trung tâm giúp việc nhà Sao Mai chuyên cung ứng người giúp việc nhà ăn ở lại với tiêu chí: “CON NGƯỜI TỐT – DỊCH VỤ TỐT” là dịch vụ dành cho những gia đình có nhiều việc cần sự hỗ trợ của người giúp việc thường xuyên. Công việc nhà trở thành nỗi lo của các bà mẹ bận rộn, không có nhiều thời gian để chăm sóc gia đình. Chính vì thế nhu cầu cần giúp việc nhà luôn là sự lựa chọn hàng đầu. Thấu hiểu những khó khăn ấy, GIÚP VIỆC NHÀ SAO MAI cung ứng người giúp việc nhà ăn ở lại với tiêu chí:",0.871,
473,high,28321,159,Nhân Viên Kinh Doanh - Chăm Sóc Khách Hàng,Thư Ký Dự Án Hóa Đơn Điện Tử,"['kỹ năng giao tiếp và thuyết phục tốt', 'khả năng tư vấn và chăm sóc khách hàng chuyên nghiệp', 'nắm vững nghiệp vụ bán hàng', 'kỹ năng giải quyết vấn đề linh hoạt', 'thành thạo tin học văn phòng (word, Excel, Powerpoint)']","• Ứng viên nữ, tốt nghiệp Đại học, Cao đẳng chính quy, có kinh nghiệm làm tài liệu, biên bản;• Thành thạo Tin học Văn phòng Word, Excel,,,;• Tỉ mỉ, chăm chỉ, cẩn thận, có trách nhiệm trong công việc.",0.878,
474,high,5301,10074,Sinh Viên Năm 3 - Khoa Du Lịch,Nhân Viên Tư Vấn Bảo Hiểm Không Yêu Cầu Kinh Nghiệm,"['giao tiếp khách hàng', 'tổ chức sự kiện (hỗ trợ)', 'hướng dẫn du lịch (cơ bản)', 'sử dụng microsoft office', 'tiếng anh giao tiếp', 'làm việc nhóm', 'nghiệp vụ lễ tân cơ bản']","+Tuổi từ 20 -60 +Tốt nghiệp Trung Cấp trở lên + Chăm chỉ, năng động, sáng tạo, kiên trì, tinh thần trách nhiệm cao. + Kỹ năng giao tiếp tốt, làm việc nhóm tốt. + Ưu tiên : - Đã có kinh nghiệm lĩnh vực tài chính, bảo hiểm, tư vấn bán hàng, kinh doanh sẽ được ưu tiên - Các bạn trẻ có mục tiêu phấn đấu rõ ràng, tự tin, kiên trì và quyết tâm cao.",0.872,
475,high,14247,9060,Trưởng Phòng Nhân Sự,Nhân Viên Lễ Tân ( Receptionist ),"['hoạch định và thực thi chiến lược nhân sự', 'quản lý toàn bộ vòng đời nhân sự (tuyển dụng, Đào tạo, C&b, Đánh giá hiệu suất)', 'phát triển và quản lý hệ thống kpi', 'xây dựng chính sách và quy trình nhân sự', 'luật lao động và quan hệ lao động', 'kỹ năng lãnh đạo và phát triển đội ngũ', 'giải quyết xung đột và quản lý sự thay đổi']","- Tốt nghiệp các trường trung cấp, cao đẳng, đại học chuyên ngành đào tạo về du lịch, nhà hàng, dịch vụ khách hàng hoặc có trình độ tương đương từ trung cấp trở lên.. - Tiếng anh giao tiếp cơ bản. - Có kỹ năng giao tiếp tốt, xử lý tình huống nhanh",0.851,
476,high,20791,4488,Nhân Viên Chăm Sóc Khách Hàng - Tư Vấn,Nhân Viên Chăm Sóc Khách Hàng Tại Gia Lai - Lâm Đồng,"['giao tiếp', 'tư vấn khách hàng', 'giải quyết vấn đề', 'thuyết phục', 'tin học văn phòng', 'chăm sóc khách hàng']","- Nam/Nữ, sinh năm 1996 - 2000. Tốt nghiệp Cao đẳng/Đại học, có thể đi làm Full time- Có trách nhiệm trong công việc, luôn bám sát và giải quyết vấn đề đến cùng. - Có thể trang bị laptop cá nhân. - Kỹ năng lắng nghe, giao tiếp tốt và ứng biến linh hoạt.",0.802,
477,high,25866,12257,Lái Xe,Nhân viên lái xe,"['lái xe an toàn (b2, C, D)', 'kiểm tra, Bảo dưỡng xe cơ bản', 'đọc bản đồ, Sử dụng gps', 'xử lý tình huống khẩn cấp', 'giao tiếp cơ bản', 'đúng giờ, Có trách nhiệm']","Sức khỏe tốt, thông thạo đường, trung thực, cẩn thận trong công việc.",0.893,
478,high,25494,4871,Chuyên Viên Kế Toán,Trưởng Bộ Phận Kế Toán Quản Trị,"['hạch toán kế toán', 'lập báo cáo tài chính', 'sử dụng phần mềm kế toán (misa, Fast)', 'kế toán thuế', 'tin học văn phòng', 'cẩn thận, Tỉ mỉ']","- Tốt nghiệp Cao đẳng trở lên chuyên ngành Kế toán, Kiểm toán.- Ít nhất 03 năm kinh nghiệm làm việc ở các Công ty xây dựng hoặc Bất động sản.- Thành thạo nghiệp vụ hợp nhất, nghiệp vụ thuế hoặc có chuyên môn về kiểm toán.- Thành thạo tin học văn phòng và phần mềm kế toán chuyên dụng.- Nắm và hiểu rõ quy định pháp luật về nguyên tắc, chuẩn mực tài chính kế toán, hạch toán kế toán.",0.821,
479,high,7210,7601,Chuyên Viên Lái Xe,Quản Lý Thẩm Mỹ Viện,"['lái xe an toàn và chuyên nghiệp (hạng b2, C)', 'kiến thức về bảo dưỡng xe cơ bản', 'sử dụng thành thạo các thiết bị định vị gps', 'kỹ năng xử lý tình huống khẩn cấp trên đường', 'nắm vững quy tắc an toàn giao thông và quy định vận tải']","-Có ít nhất 03 năm kinh nghiệm về chuyên môn và quản lý nhân sự từ 30 nhân sự trở lên. Ưu tiên kinh nghiệm quản lý Nhà hàng, khách sạn, Bar, Karaoke 5 sao hoặc quản lý Spa, Thẩm mỹ viện lớn- Kỹ năng giao tiếp, thuyết phục, thuyết trình tốt.- Kỹ năng giải quyết vấn đề tốt.- Kỹ năng truyền lửa, tạo động lực tốt.- Ngoại hình sáng, thành thạo tin học văn phòng- Tính cẩn thận, tỉ mỉ, tư duy nhanh nhạy- Có khả năng làm việc độc lập cao, chịu được sức ép của môi trường làm việc Viện Thẩm mỹ.",0.929,
480,high,7139,11795,Nhân Viên Phòng Kt-kts,Chuyên Viên CSKH Biết Tiếng Trung,"['phân tích dữ liệu kỹ thuật', 'lập kế hoạch sản xuất cơ bản', 'sử dụng autocad/solidworks cơ bản', 'thành thạo excel', 'tư duy logic, Giải quyết vấn đề', 'làm việc nhóm']","- Tiếng trung nghe, nói, đọc, viết (có chứng chỉ HSK 3 trở lên càng tốt) - Độ tuổi : Từ 18 đến 30 - Giọng nói chuẩn , dễ nghe - Biết sử dụng máy tính cơ bản. - Có khả năng tư duy và giải quyết vấn đề tốt. - Có khả năng làm việc nhóm , tương tác tốt với đồng nghiệp , biết lắng nghe, phân tích và xử lý linh hoạt. -Tinh thần cầu tiến, chủ động trong công việc. - Có kinh nghiệm tư vấn, chăm sóc khách hàng là một lợi thế.",0.945,
481,high,33573,9063,Nhân Viên Phục Vụ,Nhân Viên Kế Hoạch,"['thái độ phục vụ chuyên nghiệp', 'kỹ năng giao tiếp cơ bản', 'sắp xếp công việc', 'tinh thần trách nhiệm', 'làm việc nhóm', 'trung thực, Cẩn thận']","Tốt nghiệp cao đẳng trở lên các ngànhSử dụng thành thạo vi tính văn phòngTăng ca đượcThái độ nghiêm túc với công việc, hoàn thành công việc được giao.",0.868,
482,high,30665,1922,Chuyên Viên Kế Toán,Nhân Viên Kế Toán (Hà Nội),"['hạch toán kế toán', 'lập báo cáo tài chính', 'kế toán tổng hợp', 'kế toán thuế', 'phần mềm kế toán (misa, Fast)', 'microsoft excel', 'phân tích số liệu', 'tuân thủ pháp luật', 'cẩn trọng']","- Tốt nghiệp cao đẳng trở lên Chuyên ngành kế toán- Biết sử dụng phần mềm misa, thành thạo word, Excel.- Ưu tiên có kinh nghiệm 1 năm làm Kế toán ở vị trí Kế toán công nợ hoặc bán hàng,- Cẩn thận, đúng giờ trong công việc.- Chăm chỉ, nhiệt tình, ham học hỏi- Tính tình vui vẻ, hòa đồng biết cách giao tiếp với khách hàng là lợi thế",0.816,
483,high,3951,7184,Chuyên Viên Tín Dụng,Trợ Lý Giám Đốc Công Ty Việt Nhật,"['thẩm định hồ sơ tín dụng', 'phân tích tài chính khách hàng', 'kỹ năng đàm phán, Thuyết phục', 'quản lý danh mục khách hàng', 'sử dụng thành thạo phần mềm ngân hàng (core banking)']","Độ tuổi từ 25 - 35 tuổi.Ưu tiên ứng viên có kinh nghiệm ở vị trí tương đương.thành thạo ngôn ngữ Nhật Bản tương đương trình độ N2, có kiến thức và yêu thích lĩnh vực gia công cơ khí chính xác.Kỹ năng/Tố chất – Phẩm chất/thái độ:+ Kỹ năng giao tiếp tốt.+ Kỹ năng đàm phán và thuyết phục.+ Khả năng thích nghi nhanh, chị được áp lực công việc.+ Nhanh nhẹn, hoạt bát, có trách nhiệm với công việc.+ Giọng nói rõ ràng, tác phong chỉnh chu, chững chạc.+ Tuân thủ trung thực và minh bạch, đảm bảo sự tin tưởng từ phía lãnh đạo và khách hàng.",0.908,
484,high,26955,7693,Thực Tập Sinh Du Lịch,Thực Tập Sinh Quản Kho Hàng ( Có Lương),"['giao tiếp cơ bản', 'tiếng anh giao tiếp', 'hướng dẫn du lịch (cơ bản)', 'tổ chức sự kiện (hỗ trợ)', 'làm việc nhóm', 'quản lý thời gian', 'sử dụng công cụ văn phòng']","- Khả năng word, excel ở mức cơ bản- Tác phong làm việc nhanh nhẹn, tỉ mỉ, trung thực, có trách nhiệm, có ý thức tự giác, chủ động trong công việc, giao tiếp tốt.- Quản lý thời gian, giao tiếp tốt- Có laptop cá nhân",0.948,
485,high,20583,13002,Kỹ Sư Điện Tử Viễn Thông(đang Tìm Việc),NHÂN VIÊN KỸ THUẬT VIỄN THÔNG TẠI CAM RANH,"['điện tử', 'viễn thông', 'lập trình cơ bản (c/c++)', 'phân tích mạch điện', 'thiết kế hệ thống', 'giải quyết vấn đề']","- Tốt nghiệp Trung cấp, Nghề các chuyên ngành Điện tử - Viễn thông, Điện, CNTT, …. - Ứng viên đã từng tiếp xúc với thiết bị viễn thông là lợi thế. - Khả năng làm việc độc lập, có ý thức kỷ luật cao, chịu được áp lực công việc. - Kỹ năng sử dụng tin học văn phòng cơ bản.",0.841,
486,high,3282,5116,"Tp Hcns, Tp Sale Admin, Trợ Lý",Nhân Viên Content Marketing,"['quản lý đội nhóm', 'xây dựng và triển khai quy trình', 'kỹ năng lập kế hoạch và báo cáo', 'quản trị hành chính, Nhân sự', 'sử dụng tốt crm, Erp', 'giải quyết vấn đề và giao tiếp tốt']","- Tốt nghiệp Đại học, Cao đẳng chuyên ngành có liên quan: Báo chí, Truyền thông, Sáng tác, Ngoại ngữ, Ngoại thương, Quan hệ quốc tế, Kinh tế…- Đa dạng cách viết, sáng tạo, linh hoạt không theo lối mòn- Khả năng sử dụng công cụ cơ bản như Word, Excel, Powerpoint tốt- Biết photoshop là một lợi thế- Có khả năng diễn đạt ý tưởng tốt, phân tích ngữ nghĩa tốt- Có ý thức kỷ luật và tinh thần trách nhiệm cao với công việc",0.95,
487,high,44118,6320,Kỹ Thuật Viên,Chuyên Viên Thẩm Định Tại Đồng Nai,"['lắp đặt, Bảo trì thiết bị', 'đọc hiểu sơ đồ mạch điện/cơ khí', 'sử dụng các thiết bị đo lường', 'an toàn lao động', 'tinh thần trách nhiệm']","Nam, nữ Trình độ: Đaị học trở lên Chuyên môn: Thẩm định giá/ Kinh tế/ Tài chính/ Ngân hàng. Ngoại hình: Có ngoại hình ưa nhìn là một lợi thế. Nhanh nhẹn, hoạt bát, có tinh thần trách nhiệm cao trong công việc. Kinh nghiệm: ưu tiên từ 01 năm trở lên ở vị trí tương đương",0.894,
488,high,2638,977,Chuyên Viên Tư Vấn,Nhân Viên Hành Chính Nhân Sự,"['tư vấn và chăm sóc khách hàng', 'kỹ năng lắng nghe', 'giao tiếp, Thuyết trình', 'xử lý tình huống', 'tiếng anh giao tiếp tốt']","- Trình độ học vấn: Tốt nghiệp Đại học trở lên các ngành Quản trị, Luật hoặc chuyên ngành khác có liên quan.- Có ít nhất 03 năm kinh nghiệm công tác liên tục tại vị trí tương đương.- Có khả năng xây dựng, triển khai hệ thống các quy trình, quy định... trong quản trị nhân sự.- Có khả năng áp dụng hiệu quả, linh hoạt Pháp luật Việt Nam trong lĩnh vực tổ chức - nhân sự vào thực tế của Công ty..- Ngoại ngữ: Giao tiếp tốt- Có kiến thức về tuyển dụng và đào tạo.- Có kiến thức cơ bản về tiền lương, chính sách tiền lương.- Năm vững MTCV của các vị trí mang tính chất chung đối với tất cả các Công ty.- Thành thạo tin học văn phòng ( Word, Exel, PowerPoint,...).- Soạn thảo văn bản, quy trình, quy định, mẫu biểu tốt.- Kỹ năng lắng nghe, biết nắm bắt tâm lý con người, khả năng giao tiếp, thuyết trình, thuyết phục tốt.- Kỹ năng đào tạo, giao việc, khả năng quản lý nhóm, khả năng tư duy logic tốt.- Khả năng làm việc dưới áp lực cao.- Nhanh nhẹn, linh hoạt, thẳng thắn, trung thực.- Có tinh thần trách nhiệm cao, tâm huyết với công việc.",0.85,
489,high,2412,5355,Giáo Viên Mầm Non,Nhân Viên Kế Toán Kho,"['soạn giáo án theo phương pháp montessori', 'kỹ năng giao tiếp với trẻ và phụ huynh', 'tổ chức trò chơi, Hoạt động sáng tạo', 'xử lý tình huống sư phạm', 'hát, Múa, Kể chuyện']","- Nữ trẻ trung, năng động(22-30 tuổi), tốt nghiệp Đại học chuyên ngành tài chính, ngân hàng, kế toán, kiểm toán hoặc các chuyên ngành liên quan.. - Là người cầu tiến: luôn muốn phát triển bản thân, sẵn sàng nắm bắt cơ hội để học hỏi các mới và nâng cao kỹ năng.. - Là người đề cao tính trung thực,cẩn thận.. - Là người đam mê phục vụ khách hàng(mua hàng và nội bộ), cẩn thận, tỉ mỉ. - Kĩ năng giải quyết vấn đề và tư duy logic. - Thành thạo tin học văn phòng: word, powerpoint, excel (bạn sẽ được tham gia làm bài test exel trước khi tham dự phỏng vấn). - Có khả năng lập kế hoạch, báo cáo, thuyết trình trước đội nhóm, giao tiếp tốt",0.946,
490,high,37493,8778,Nhân Viên Tư Vấn(đang Tìm Việc),Nhân Viên Giám Sát Dịch Vụ,"['giao tiếp hiệu quả', 'lắng nghe chủ động', 'giải quyết vấn đề cơ bản', 'thuyết phục', 'tin học văn phòng (word, Excel, Powerpoint)', 'tinh thần học hỏi', 'làm việc nhóm']","- Tốt nghiệp đại học- Có kinh nghiệm từ 2 năm trở lên tại vị trí tương đương tại các khách sạn, tòa nhà văn phòng, tòa nhà hỗn hợp hoặc căn hộ chung cư. Có kỹ năng giám sát.- Có kiến thức, hiểu biết về các thủ tục, quy trình vệ sinh, kiểm soát an ninh, an toàn, PCCC, sơ cấp cứu và biết cách phối hợp với cư dân, nhà thầu xây dựng, cơ quan chức năng địa phương- Ưu tiên có các chứng chỉ nghề nghiệp chuyên nghiệp- Thành thạo tin học văn phòng: word, excel...",0.821,
491,high,6847,12194,Nhân Viên Thu Ngân(đang Tìm Việc),Nhân viên hỗ trợ sản xuất - Cần Thơ,"['xử lý tiền mặt', 'sử dụng máy pos', 'kiểm đếm & đối chiếu hóa đơn', 'giao tiếp khách hàng', 'trung thực, Cẩn thận', 'quản lý quỹ']","- Nam từ 20 đến 40 tuổi, có sức khỏe tốt, không yêu cầu trình độ.- Ưu tiên ứng viên biết hàn, hoặc đã làm ở vị trí tương đương. - Nhiệt tình, cẩn thận, trung thực. - Chịu được áp lực cao trong công việc.",0.831,
492,high,40055,7054,Nhân Viên,Nhân Viên Mua Hàng,"['sắp xếp và quản lý tài liệu', 'tin học văn phòng (word, Excel, Powerpoint)', 'kỹ năng giao tiếp và phối hợp', 'giải quyết vấn đề', 'khả năng học hỏi nhanh']","- Tốt nghiệp Đại học ngoại thương, ngoại ngữ, kinh tế đối ngoại, quản trị kinh kinh doanh...- Kinh nghiệm 2-3 năm tại vị trí tương đương.- Thành thạo tin học văn phòng thông dụng (Word, Excel, Power point, Internet, Outlook…).- Khả năng sắp xếp, phân tích công việc, giải quyết vấn đề tốt.- Tiếng Anh thành thạo, biết thêm tiếng Nhật, tiếng Hàn là một lợi thế.- Khả năng giao tiếp, đàm phán tốt.",0.832,
493,high,40990,6903,Kế Toán Nội Bộ,Nhân Viên Kế Toán Thuế,"['thành thạo phần mềm kế toán (misa, Fast)', 'lập và phân tích báo cáo tài chính', 'kiểm soát chi phí và dòng tiền', 'kiến thức vững về thuế và luật kế toán', 'cẩn thận, Tỉ mỉ và trách nhiệm cao']","- Tốt nghiệp đại học chuyên ngành kế toán, tài chính.- Sử dụng thành thạo phần mềm kế toán Misa- Kỹ năng tin học văn phòng tốt- Năng động, nhanh nhẹn, trung thực, thẳng thắn, nhiệt tình",0.875,
494,high,20358,7063,Tình Nguyện Viên,Chuyên Viên Tư Vấn Bảo Hiểm Nhân Thọ Toàn Thời Gian - Kênh Pruventure [Hà Nội],"['giao tiếp cởi mở', 'tinh thần xung phong', 'khả năng làm việc nhóm', 'nhiệt tình, Năng động', 'khả năng thích ứng nhanh']","- Tuổi từ 24 - 39- Tốt nghiệp Cao Đẳng, Đại Học- Từng là nhân viên kinh doanh/ tư vấn viên với ít nhất từ 1 năm kinh nghiệm trong các ngành: Bảo Hiểm, Tài Chính Ngân Hàng, Bất Động Sản, Du Lịch,...- Định hướng phát triển lâu dài đối với lĩnh vực Bảo hiểm nhân thọ- Kỹ năng giao tiếp, tư vấn thuyết phục khách hàng tốt- Ngoại hình ưa nhìn, tác phong chuyên nghiệp, năng động, nhiệt huyết và tinh thần ham học hỏi, cầu tiến trong sự nghiệp",0.899,
495,high,4287,5925,Sinh Viên Chuyên Ngành Kinh Doanh Quốc Tế,Chuyên Viên Tư Vấn Tài Chính Bảo Hiểm - Lương Chưa Tính Hoa Hồng 15Tr/ Tháng - Không Yêu Cầu Kinh Nghiệm - PRUDENTIAL Vietnam [Hà Nội],"['sáng tạo nội dung trên mạng xã hội', 'sử dụng canva cơ bản', 'kỹ năng giao tiếp tốt', 'tiếng anh giao tiếp (ielts 6.5)', 'chủ động và có trách nhiệm']","- Tuổi từ 24 - 39- Tốt nghiệp Cao Đẳng, Đại Học- Từng là nhân viên kinh doanh/ tư vấn viên với ít nhất từ 1 năm kinh nghiệm trong các ngành: Bảo Hiểm, Tài Chính Ngân Hàng, Bất Động Sản, Du Lịch,...- Định hướng phát triển lâu dài đối với lĩnh vực Bảo hiểm nhân thọ- Kỹ năng giao tiếp, tư vấn thuyết phục khách hàng tốt- Ngoại hình ưa nhìn, tác phong chuyên nghiệp, năng động, nhiệt huyết và tinh thần ham học hỏi, cầu tiến trong sự nghiệp",0.827,
496,high,32395,14507,"Hành Chính - Văn Phòng , Thực Phẩm-đồ Uống , Mỹ Phẩm - Thời Trang - Trang Sức ,",TUYỂN DỤNG CHUYÊN VIÊN ĐÀO TẠO,"['giao tiếp hiệu quả', 'kỹ năng tổ chức công việc', 'thành thạo tin học văn phòng (word, Excel, Powerpoint)', 'cẩn thận, Tỉ mỉ', 'chủ động trong công việc', 'tinh thần cầu tiến']","- Kinh nghiệm từ 6 tháng – 1 năm trở lên - Kỹ năng giao tiếp tốt, có khả năng thuyết trình, truyền đạt tốt - Kỹ năng sắp xếp thời gian, công việc, thành thạo MS Word, MS Excel, Powerpoint.",0.896,
497,high,5560,8617,Nhân Viên Trợ Lý(đang Tìm Việc),[Miền Bắc] Nhân Viên Kinh Doanh Thị Trường (7Tr-30Tr),"['kỹ năng tổ chức và quản lý hành chính', 'giao tiếp chuyên nghiệp', 'thành thạo ms office (excel, Word, Powerpoint)', 'khả năng sắp xếp lịch trình và quản lý thời gian', 'giải quyết vấn đề và hỗ trợ hiệu quả', 'cẩn thận, Tỉ mỉ và đáng tin cậy']","- Giao tiếp khá, tư duy nhanh nhạy, linh hoạt, xử lý tình huống tốt. - Thành thạo tin học văn phòng: Word, Excel…- Chăm chỉ, có trách nhiệm trong công việc.- Ứng viên đã có kinh nghiệm trong lĩnh vực tiếp thị hoặc bất động sản, bảo hiểm, kinh doanh khác... là một lợi thế.- Biết sử dụng tin học văn phòng và báo cáo công việc bằng email. (Yêu cầu bắt buộc).",0.943,
498,high,32680,12902,Nv Kho,Nhân Viên Chăm Sóc Khách Hàng,"['cẩn thận, Tỉ mỉ', 'sức khỏe tốt', 'trung thực, Trách nhiệm', 'khả năng học hỏi nhanh', 'kỹ năng làm việc nhóm']","Vi tính văn phòng cơ bản Siêng năng, cẩn thận tỉ mỉ Có thể làm việc theo ca 8 tiếng",0.83,
499,high,39299,4448,Nhân Viên Giao Vận,Nhân Viên Kinh Doanh Air Cargo,"['kỹ năng lái xe an toàn (bằng lái b2)', 'am hiểu đường xá khu vực tp.hcm', 'sử dụng ứng dụng giao hàng', 'trung thực, Cẩn thận', 'thái độ phục vụ tốt']","- Tốt nghiệp đại học hoặc cao đẳng ngành có liên quan (Học viện hàng không,…)- Anh Văn: Bằng B (Nghe, nói, đọc, viết).- Kỹ năng giao tiếp, phối hợp điều phối công việc tốt, biết thương lượng và xử lý tình huống tốt.- Có tinh thần đồng đội, ý thức trách nhiệm và chịu áp lực công việc.- Ưu tiên ứng viên có kinh nghiệm đã từng kinh doanh cargo trong ngành vận tải hàng không hoặc đã từng kinh doanh ở các công ty forwarders, đại lý logisctics.- Những ứng viên mới ra trường hoặc mới vào nghề sẽ được hướng dẫn đào tạo tận tình.- Đặc biệt ưu tiên xem xét những ứng viên nhiệt tình gắn bó lâu dài và cam kết với công việc.",0.804,
500,high,37470,3285,Hành Chính Nhân Sự,Chuyên Viên Ngân Quỹ - Hội Sở Hà Đông,"['tin học văn phòng (word, Excel, Powerpoint)', 'kỹ năng giao tiếp', 'sắp xếp công việc', 'làm việc nhóm', 'cẩn thận, Tỉ mỉ', 'quản lý hồ sơ', 'tinh thần phục vụ']","Ưu tiên NamTrung cấp/Cao đẳng/Đại học chuyên ngành (Tài chính Ngân hàng, Ngoại thương, Quản trị kinh doanh, Kinh tế hoặc lĩnh vực liên quan) trở lên.Ưu tiên có kinh nghiệm nghiệp vụ kho quỹ và quản trị vận hành kho quỹ tập trung.Có kiến thức, kinh nghiệm về quản trị vận hành kho quỹ tập trung.Thành thạo Excel, Word để phục vụ báo cáo, phân tích dữ liệu hàng ngày.Có khả năng soạn thảo quy định, nghiệp vụ, quy trình, thông báo liên quan đến nghiệp vụ giao dịch kho quỹ.Nhanh nhẹn, giao tiếp tốt, không say ô tô.",0.822,
